session,gross_return,transaction_cost,borrow_cost,net_return,gross,net,turnover
2007-01-03,0.0,0.0,0.0,0.0,0.0,0.0,0.0
2007-01-04,0.0,0.0,0.0,0.0,0.0,0.0,0.0
2007-01-05,0.0,0.0,0.0,0.0,0.0,0.0,0.0
2007-01-08,0.0,0.0,0.0,0.0,0.0,0.0,0.0
2007-01-09,0.0,0.0,0.0,0.0,0.0,0.0,0.0
2007-01-10,0.0,0.0,0.0,0.0,0.0,0.0,0.0
2007-01-11,0.0,0.0,0.0,0.0,0.0,0.0,0.0
2007-01-12,0.0,0.0,0.0,0.0,0.0,0.0,0.0
2007-01-16,0.0,0.0,0.0,0.0,0.0,0.0,0.0
2007-01-17,0.0,0.0,0.0,0.0,0.0,0.0,0.0
2007-01-18,0.0,0.0,0.0,0.0,0.0,0.0,0.0
2007-01-19,0.0,0.0,0.0,0.0,0.0,0.0,0.0
2007-01-22,0.0,0.0,0.0,0.0,0.0,0.0,0.0
2007-01-23,0.0,0.0,0.0,0.0,0.0,0.0,0.0
2007-01-24,0.0,0.0,0.0,0.0,0.0,0.0,0.0
2007-01-25,0.0,0.0,0.0,0.0,0.0,0.0,0.0
2007-01-26,0.0,0.0,0.0,0.0,0.0,0.0,0.0
2007-01-29,0.0,0.0,0.0,0.0,0.0,0.0,0.0
2007-01-30,0.0,0.0,0.0,0.0,0.0,0.0,0.0
2007-01-31,0.0,0.0,0.0,0.0,0.0,0.0,0.0
2007-02-01,0.0,0.0,0.0,0.0,0.0,0.0,0.0
2007-02-02,0.0,0.0,0.0,0.0,0.0,0.0,0.0
2007-02-05,0.0,0.0,0.0,0.0,0.0,0.0,0.0
2007-02-06,0.0,0.0,0.0,0.0,0.0,0.0,0.0
2007-02-07,0.0,0.0,0.0,0.0,0.0,0.0,0.0
2007-02-08,0.0,0.0,0.0,0.0,0.0,0.0,0.0
2007-02-09,0.0,0.0,0.0,0.0,0.0,0.0,0.0
2007-02-12,0.0,0.0,0.0,0.0,0.0,0.0,0.0
2007-02-13,0.0,0.0,0.0,0.0,0.0,0.0,0.0
2007-02-14,0.0,0.0,0.0,0.0,0.0,0.0,0.0
2007-02-15,0.0,0.0,0.0,0.0,0.0,0.0,0.0
2007-02-16,0.0,0.0,0.0,0.0,0.0,0.0,0.0
2007-02-20,0.0,0.0,0.0,0.0,0.0,0.0,0.0
2007-02-21,0.0,0.0,0.0,0.0,0.0,0.0,0.0
2007-02-22,0.0,0.0,0.0,0.0,0.0,0.0,0.0
2007-02-23,0.0,0.0,0.0,0.0,0.0,0.0,0.0
2007-02-26,0.0,0.0,0.0,0.0,0.0,0.0,0.0
2007-02-27,0.0,0.0,0.0,0.0,0.0,0.0,0.0
2007-02-28,0.0,0.0,0.0,0.0,0.0,0.0,0.0
2007-03-01,0.0,0.0,0.0,0.0,0.0,0.0,0.0
2007-03-02,0.0,0.0,0.0,0.0,0.0,0.0,0.0
2007-03-05,0.0,0.0,0.0,0.0,0.0,0.0,0.0
2007-03-06,0.0,0.0,0.0,0.0,0.0,0.0,0.0
2007-03-07,0.0,0.0,0.0,0.0,0.0,0.0,0.0
2007-03-08,0.0,0.0,0.0,0.0,0.0,0.0,0.0
2007-03-09,0.0,0.0,0.0,0.0,0.0,0.0,0.0
2007-03-12,0.0,0.0,0.0,0.0,0.0,0.0,0.0
2007-03-13,0.0,0.0,0.0,0.0,0.0,0.0,0.0
2007-03-14,0.0,0.0,0.0,0.0,0.0,0.0,0.0
2007-03-15,0.0,0.0,0.0,0.0,0.0,0.0,0.0
2007-03-16,0.0,0.0,0.0,0.0,0.0,0.0,0.0
2007-03-19,0.0,0.0,0.0,0.0,0.0,0.0,0.0
2007-03-20,0.0,0.0,0.0,0.0,0.0,0.0,0.0
2007-03-21,0.0,0.0,0.0,0.0,0.0,0.0,0.0
2007-03-22,0.0,0.0,0.0,0.0,0.0,0.0,0.0
2007-03-23,0.0,0.0,0.0,0.0,0.0,0.0,0.0
2007-03-26,0.0,0.0,0.0,0.0,0.0,0.0,0.0
2007-03-27,0.0,0.0,0.0,0.0,0.0,0.0,0.0
2007-03-28,0.0,0.0,0.0,0.0,0.0,0.0,0.0
2007-03-29,0.0,0.0,0.0,0.0,0.0,0.0,0.0
2007-03-30,0.0,0.0,0.0,0.0,0.0,0.0,0.0
2007-04-02,0.0,0.0,0.0,0.0,0.0,0.0,0.0
2007-04-03,0.0,0.0,0.0,0.0,0.0,0.0,0.0
2007-04-04,0.0,0.0,0.0,0.0,0.0,0.0,0.0
2007-04-05,0.0,0.0,0.0,0.0,0.0,0.0,0.0
2007-04-09,0.0,0.0,0.0,0.0,0.0,0.0,0.0
2007-04-10,0.0,0.0,0.0,0.0,0.0,0.0,0.0
2007-04-11,0.0,0.0,0.0,0.0,0.0,0.0,0.0
2007-04-12,0.0,0.0,0.0,0.0,0.0,0.0,0.0
2007-04-13,0.0,0.0,0.0,0.0,0.0,0.0,0.0
2007-04-16,0.0,0.0,0.0,0.0,0.0,0.0,0.0
2007-04-17,0.0,0.0,0.0,0.0,0.0,0.0,0.0
2007-04-18,0.0,0.0,0.0,0.0,0.0,0.0,0.0
2007-04-19,0.0,0.0,0.0,0.0,0.0,0.0,0.0
2007-04-20,0.0,0.0,0.0,0.0,0.0,0.0,0.0
2007-04-23,0.0,0.0,0.0,0.0,0.0,0.0,0.0
2007-04-24,0.0,0.0,0.0,0.0,0.0,0.0,0.0
2007-04-25,0.0,0.0,0.0,0.0,0.0,0.0,0.0
2007-04-26,0.0,0.0,0.0,0.0,0.0,0.0,0.0
2007-04-27,0.0,0.0,0.0,0.0,0.0,0.0,0.0
2007-04-30,0.0,0.0,0.0,0.0,0.0,0.0,0.0
2007-05-01,0.0,0.0,0.0,0.0,0.0,0.0,0.0
2007-05-02,0.0,0.0,0.0,0.0,0.0,0.0,0.0
2007-05-03,0.0,0.0,0.0,0.0,0.0,0.0,0.0
2007-05-04,0.0,0.0,0.0,0.0,0.0,0.0,0.0
2007-05-07,0.0,0.0,0.0,0.0,0.0,0.0,0.0
2007-05-08,0.0,0.0,0.0,0.0,0.0,0.0,0.0
2007-05-09,0.0,0.0,0.0,0.0,0.0,0.0,0.0
2007-05-10,0.0,0.0,0.0,0.0,0.0,0.0,0.0
2007-05-11,0.0,0.0,0.0,0.0,0.0,0.0,0.0
2007-05-14,0.0,0.0,0.0,0.0,0.0,0.0,0.0
2007-05-15,0.0,0.0,0.0,0.0,0.0,0.0,0.0
2007-05-16,0.0,0.0,0.0,0.0,0.0,0.0,0.0
2007-05-17,0.0,0.0,0.0,0.0,0.0,0.0,0.0
2007-05-18,0.0,0.0,0.0,0.0,0.0,0.0,0.0
2007-05-21,0.0,0.0,0.0,0.0,0.0,0.0,0.0
2007-05-22,0.0,0.0,0.0,0.0,0.0,0.0,0.0
2007-05-23,0.0,0.0,0.0,0.0,0.0,0.0,0.0
2007-05-24,0.0,0.0,0.0,0.0,0.0,0.0,0.0
2007-05-25,0.0,0.0,0.0,0.0,0.0,0.0,0.0
2007-05-29,0.0,0.0,0.0,0.0,0.0,0.0,0.0
2007-05-30,0.0,0.0,0.0,0.0,0.0,0.0,0.0
2007-05-31,0.0,0.0,0.0,0.0,0.0,0.0,0.0
2007-06-01,0.0,0.0,0.0,0.0,0.0,0.0,0.0
2007-06-04,0.0,0.0,0.0,0.0,0.0,0.0,0.0
2007-06-05,0.0,0.0,0.0,0.0,0.0,0.0,0.0
2007-06-06,0.0,0.0,0.0,0.0,0.0,0.0,0.0
2007-06-07,0.0,0.0,0.0,0.0,0.0,0.0,0.0
2007-06-08,0.0,0.0,0.0,0.0,0.0,0.0,0.0
2007-06-11,0.0,0.0,0.0,0.0,0.0,0.0,0.0
2007-06-12,0.0,0.0,0.0,0.0,0.0,0.0,0.0
2007-06-13,0.0,0.0,0.0,0.0,0.0,0.0,0.0
2007-06-14,0.0,0.0,0.0,0.0,0.0,0.0,0.0
2007-06-15,0.0,0.0,0.0,0.0,0.0,0.0,0.0
2007-06-18,0.0,0.0,0.0,0.0,0.0,0.0,0.0
2007-06-19,0.0,0.0,0.0,0.0,0.0,0.0,0.0
2007-06-20,0.0,0.0,0.0,0.0,0.0,0.0,0.0
2007-06-21,0.0,0.0,0.0,0.0,0.0,0.0,0.0
2007-06-22,0.0,0.0,0.0,0.0,0.0,0.0,0.0
2007-06-25,0.0,0.0,0.0,0.0,0.0,0.0,0.0
2007-06-26,0.0,0.0,0.0,0.0,0.0,0.0,0.0
2007-06-27,0.0,0.0,0.0,0.0,0.0,0.0,0.0
2007-06-28,0.0,0.0,0.0,0.0,0.0,0.0,0.0
2007-06-29,0.0,0.0,0.0,0.0,0.0,0.0,0.0
2007-07-02,0.0,0.0,0.0,0.0,0.0,0.0,0.0
2007-07-03,0.0,0.0,0.0,0.0,0.0,0.0,0.0
2007-07-05,0.0,0.0,0.0,0.0,0.0,0.0,0.0
2007-07-06,0.0,0.0,0.0,0.0,0.0,0.0,0.0
2007-07-09,0.0,0.0,0.0,0.0,0.0,0.0,0.0
2007-07-10,0.0,0.0,0.0,0.0,0.0,0.0,0.0
2007-07-11,0.0,0.0,0.0,0.0,0.0,0.0,0.0
2007-07-12,0.0,0.0,0.0,0.0,0.0,0.0,0.0
2007-07-13,0.0,0.0,0.0,0.0,0.0,0.0,0.0
2007-07-16,0.0,0.0,0.0,0.0,0.0,0.0,0.0
2007-07-17,0.0,0.0,0.0,0.0,0.0,0.0,0.0
2007-07-18,0.0,0.0,0.0,0.0,0.0,0.0,0.0
2007-07-19,0.0,0.0,0.0,0.0,0.0,0.0,0.0
2007-07-20,0.0,0.0,0.0,0.0,0.0,0.0,0.0
2007-07-23,0.0,0.0,0.0,0.0,0.0,0.0,0.0
2007-07-24,0.0,0.0,0.0,0.0,0.0,0.0,0.0
2007-07-25,0.0,0.0,0.0,0.0,0.0,0.0,0.0
2007-07-26,0.0,0.0,0.0,0.0,0.0,0.0,0.0
2007-07-27,0.0,0.0,0.0,0.0,0.0,0.0,0.0
2007-07-30,0.0,0.0,0.0,0.0,0.0,0.0,0.0
2007-07-31,0.0,0.0,0.0,0.0,0.0,0.0,0.0
2007-08-01,0.0,0.0,0.0,0.0,0.0,0.0,0.0
2007-08-02,0.0,0.0,0.0,0.0,0.0,0.0,0.0
2007-08-03,0.0,0.0,0.0,0.0,0.0,0.0,0.0
2007-08-06,0.0,0.0,0.0,0.0,0.0,0.0,0.0
2007-08-07,0.0,0.0,0.0,0.0,0.0,0.0,0.0
2007-08-08,0.0,0.0,0.0,0.0,0.0,0.0,0.0
2007-08-09,0.0,0.0,0.0,0.0,0.0,0.0,0.0
2007-08-10,0.0,0.0,0.0,0.0,0.0,0.0,0.0
2007-08-13,0.0,0.0,0.0,0.0,0.0,0.0,0.0
2007-08-14,0.0,0.0,0.0,0.0,0.0,0.0,0.0
2007-08-15,0.0,0.0,0.0,0.0,0.0,0.0,0.0
2007-08-16,0.0,0.0,0.0,0.0,0.0,0.0,0.0
2007-08-17,0.0,0.0,0.0,0.0,0.0,0.0,0.0
2007-08-20,0.0,0.0,0.0,0.0,0.0,0.0,0.0
2007-08-21,0.0,0.0,0.0,0.0,0.0,0.0,0.0
2007-08-22,0.0,0.0,0.0,0.0,0.0,0.0,0.0
2007-08-23,0.0,0.0,0.0,0.0,0.0,0.0,0.0
2007-08-24,0.0,0.0,0.0,0.0,0.0,0.0,0.0
2007-08-27,0.0,0.0,0.0,0.0,0.0,0.0,0.0
2007-08-28,0.0,0.0,0.0,0.0,0.0,0.0,0.0
2007-08-29,0.0,0.0,0.0,0.0,0.0,0.0,0.0
2007-08-30,0.0,0.0,0.0,0.0,0.0,0.0,0.0
2007-08-31,0.0,0.0,0.0,0.0,0.0,0.0,0.0
2007-09-04,0.0,0.0,0.0,0.0,0.0,0.0,0.0
2007-09-05,0.0,0.0,0.0,0.0,0.0,0.0,0.0
2007-09-06,0.0,0.0,0.0,0.0,0.0,0.0,0.0
2007-09-07,0.0,0.0,0.0,0.0,0.0,0.0,0.0
2007-09-10,0.0,0.0,0.0,0.0,0.0,0.0,0.0
2007-09-11,0.0,0.0,0.0,0.0,0.0,0.0,0.0
2007-09-12,0.0,0.0,0.0,0.0,0.0,0.0,0.0
2007-09-13,0.0,0.0,0.0,0.0,0.0,0.0,0.0
2007-09-14,0.0,0.0,0.0,0.0,0.0,0.0,0.0
2007-09-17,0.0,0.0,0.0,0.0,0.0,0.0,0.0
2007-09-18,0.0,0.0,0.0,0.0,0.0,0.0,0.0
2007-09-19,0.0,0.0,0.0,0.0,0.0,0.0,0.0
2007-09-20,0.0,0.0,0.0,0.0,0.0,0.0,0.0
2007-09-21,0.0,0.0,0.0,0.0,0.0,0.0,0.0
2007-09-24,0.0,0.0,0.0,0.0,0.0,0.0,0.0
2007-09-25,0.0,0.0,0.0,0.0,0.0,0.0,0.0
2007-09-26,0.0,0.0,0.0,0.0,0.0,0.0,0.0
2007-09-27,0.0,0.0,0.0,0.0,0.0,0.0,0.0
2007-09-28,0.0,0.0,0.0,0.0,0.0,0.0,0.0
2007-10-01,0.0,0.0,0.0,0.0,0.0,0.0,0.0
2007-10-02,0.0,0.0,0.0,0.0,0.0,0.0,0.0
2007-10-03,0.0,0.0,0.0,0.0,0.0,0.0,0.0
2007-10-04,0.0,0.0,0.0,0.0,0.0,0.0,0.0
2007-10-05,0.0,0.0,0.0,0.0,0.0,0.0,0.0
2007-10-08,0.0,0.0,0.0,0.0,0.0,0.0,0.0
2007-10-09,0.0,0.0,0.0,0.0,0.0,0.0,0.0
2007-10-10,0.0,0.0,0.0,0.0,0.0,0.0,0.0
2007-10-11,0.0,0.0,0.0,0.0,0.0,0.0,0.0
2007-10-12,0.0,0.0,0.0,0.0,0.0,0.0,0.0
2007-10-15,0.0,0.0,0.0,0.0,0.0,0.0,0.0
2007-10-16,0.0,0.0,0.0,0.0,0.0,0.0,0.0
2007-10-17,0.0,0.0,0.0,0.0,0.0,0.0,0.0
2007-10-18,0.0,0.0,0.0,0.0,0.0,0.0,0.0
2007-10-19,0.0,0.0,0.0,0.0,0.0,0.0,0.0
2007-10-22,0.0,0.0,0.0,0.0,0.0,0.0,0.0
2007-10-23,0.0,0.0,0.0,0.0,0.0,0.0,0.0
2007-10-24,0.0,0.0,0.0,0.0,0.0,0.0,0.0
2007-10-25,0.0,0.0,0.0,0.0,0.0,0.0,0.0
2007-10-26,0.0,0.0,0.0,0.0,0.0,0.0,0.0
2007-10-29,0.0,0.0,0.0,0.0,0.0,0.0,0.0
2007-10-30,0.0,0.0,0.0,0.0,0.0,0.0,0.0
2007-10-31,0.0,0.0,0.0,0.0,0.0,0.0,0.0
2007-11-01,0.0,0.0,0.0,0.0,0.0,0.0,0.0
2007-11-02,0.0,0.0,0.0,0.0,0.0,0.0,0.0
2007-11-05,0.0,0.0,0.0,0.0,0.0,0.0,0.0
2007-11-06,0.0,0.0,0.0,0.0,0.0,0.0,0.0
2007-11-07,0.0,0.0,0.0,0.0,0.0,0.0,0.0
2007-11-08,0.0,0.0,0.0,0.0,0.0,0.0,0.0
2007-11-09,0.0,0.0,0.0,0.0,0.0,0.0,0.0
2007-11-12,0.0,0.0,0.0,0.0,0.0,0.0,0.0
2007-11-13,0.0,0.0,0.0,0.0,0.0,0.0,0.0
2007-11-14,0.0,0.0,0.0,0.0,0.0,0.0,0.0
2007-11-15,0.0,0.0,0.0,0.0,0.0,0.0,0.0
2007-11-16,0.0,0.0,0.0,0.0,0.0,0.0,0.0
2007-11-19,0.0,0.0,0.0,0.0,0.0,0.0,0.0
2007-11-20,0.0,0.0,0.0,0.0,0.0,0.0,0.0
2007-11-21,0.0,0.0,0.0,0.0,0.0,0.0,0.0
2007-11-23,0.0,0.0,0.0,0.0,0.0,0.0,0.0
2007-11-26,0.0,0.0,0.0,0.0,0.0,0.0,0.0
2007-11-27,0.0,0.0,0.0,0.0,0.0,0.0,0.0
2007-11-28,0.0,0.0,0.0,0.0,0.0,0.0,0.0
2007-11-29,0.0,0.0,0.0,0.0,0.0,0.0,0.0
2007-11-30,0.0,0.0,0.0,0.0,0.0,0.0,0.0
2007-12-03,0.0,0.0,0.0,0.0,0.0,0.0,0.0
2007-12-04,0.0,0.0,0.0,0.0,0.0,0.0,0.0
2007-12-05,0.0,0.0,0.0,0.0,0.0,0.0,0.0
2007-12-06,0.0,0.0,0.0,0.0,0.0,0.0,0.0
2007-12-07,0.0,0.0,0.0,0.0,0.0,0.0,0.0
2007-12-10,0.0,0.0,0.0,0.0,0.0,0.0,0.0
2007-12-11,0.0,0.0,0.0,0.0,0.0,0.0,0.0
2007-12-12,0.0,0.0,0.0,0.0,0.0,0.0,0.0
2007-12-13,0.0,0.0,0.0,0.0,0.0,0.0,0.0
2007-12-14,0.0,0.0,0.0,0.0,0.0,0.0,0.0
2007-12-17,0.0,0.0,0.0,0.0,0.0,0.0,0.0
2007-12-18,0.0,0.0,0.0,0.0,0.0,0.0,0.0
2007-12-19,0.0,0.0,0.0,0.0,0.0,0.0,0.0
2007-12-20,0.0,0.0,0.0,0.0,0.0,0.0,0.0
2007-12-21,0.0,0.0,0.0,0.0,0.0,0.0,0.0
2007-12-24,0.0,0.0,0.0,0.0,0.0,0.0,0.0
2007-12-26,0.0,0.0,0.0,0.0,0.0,0.0,0.0
2007-12-27,0.0,0.0,0.0,0.0,0.0,0.0,0.0
2007-12-28,0.0,0.0,0.0,0.0,0.0,0.0,0.0
2007-12-31,0.0,0.0,0.0,0.0,0.0,0.0,0.0
2008-01-02,0.0,0.0,0.0,0.0,0.0,0.0,0.0
2008-01-03,0.0,0.0,0.0,0.0,0.0,0.0,0.0
2008-01-04,0.0,0.0,0.0,0.0,0.0,0.0,0.0
2008-01-07,0.0,0.0,0.0,0.0,0.0,0.0,0.0
2008-01-08,0.0,0.0,0.0,0.0,0.0,0.0,0.0
2008-01-09,0.0,0.0,0.0,0.0,0.0,0.0,0.0
2008-01-10,0.0,0.0,0.0,0.0,0.0,0.0,0.0
2008-01-11,0.0,0.0,0.0,0.0,0.0,0.0,0.0
2008-01-14,0.0,0.0,0.0,0.0,0.0,0.0,0.0
2008-01-15,0.0,0.0,0.0,0.0,0.0,0.0,0.0
2008-01-16,8.443826604394925e-05,2.0204963933668757e-05,2.676702086767501e-19,6.423330211028023e-05,0.10000000000007939,0.10000000000005985,0.10000000000007939
2008-01-17,0.00016877229301307455,0.0,2.63892349940747e-19,0.00016877229301307428,0.10007800992507693,0.10007800992505768,0.0
2008-01-18,8.436256921531475e-05,0.0,2.62878912697869e-19,8.43625692153145e-05,0.10022986619374404,0.10022986619372486,0.0
2008-01-22,0.0004217585901348901,0.0,1.0650178685579741e-18,0.00042175859013488903,0.10030576671077278,0.10030576671075332,0.0
2008-01-23,-4.820146021728862e-05,0.0,2.63654288458662e-19,-4.820146021728889e-05,0.1006850605117384,0.10068506051171915,0.0
2008-01-24,-0.00031324059372174435,0.0,2.6405338594507653e-19,-0.0003132405937217446,0.10064171012890812,0.10064171012888884,0.0
2008-01-25,0.00026514475311756,0.0,2.706922997018195e-19,0.0002651447531175597,0.10035990633183212,0.10035990633181234,0.0
2008-01-28,-4.821232877857976e-05,0.0,8.099517775766111e-19,-4.821232877858057e-05,0.10059837795286328,0.10059837795284357,0.0
2008-01-29,-6.029943090701902e-05,0.0,2.7396986720774567e-19,-6.029943090701929e-05,0.10055501361546175,0.10055501361544175,0.0
2008-01-30,7.238235025718046e-05,0.0,2.744453568254278e-19,7.238235025718019e-05,0.10050077432405222,0.10050077432403218,0.0
2008-01-31,9.581748183705354e-05,1.132545962711741e-07,2.753681650724697e-19,9.570422724078209e-05,0.10000000000007783,0.10000000000005772,0.0005658774796639815
2008-02-01,0.00010935202560398639,0.0,2.77456922893507e-19,0.00010935202560398611,0.10008623880577272,0.10008623880575246,0.0
2008-02-04,1.2038914470736068e-05,0.0,8.274813679774446e-19,1.2038914470735241e-05,0.10018463543855699,0.10018463543853685,0.0
2008-02-05,0.0002281056065661235,0.0,2.7437563815396985e-19,0.00022810560656612324,0.10019546810835672,0.10019546810833671,0.0
2008-02-06,3.605240709271284e-05,0.0,2.6805630624654923e-19,3.605240709271257e-05,0.10040067175879122,0.10040067175877164,0.0
2008-02-07,-0.0001320822523361682,0.0,2.697346886101531e-19,-0.00013208225233616848,0.1004331033107579,0.10043310331073822,0.0
2008-02-08,0.0001800195532701268,0.0,2.743035629161574e-19,0.00018001955327012653,0.10031427079324991,0.10031427079322987,0.0
2008-02-11,3.6074118063308384e-05,0.0,8.375879725640737e-19,3.6074118063307544e-05,0.10047620266540229,0.1004762026653819,0.0
2008-02-12,3.612847515215585e-05,0.0,2.8482189484570055e-19,3.612847515215557e-05,0.10050865102252263,0.10050865102250182,0.0
2008-02-13,3.591691252430205e-05,0.0,2.801069815203108e-19,3.5916912524301774e-05,0.10054114709933967,0.10054114709931923,0.0
2008-02-14,-7.1630727307819e-05,1.1476827796347054e-07,2.826937078610686e-19,-7.174549558578275e-05,0.1000000000000792,0.10000000000005857,0.0005734517239171094
2008-02-15,-0.00010741690627778887,0.0,2.8183953597311547e-19,-0.00010741690627778916,0.09993553919755768,0.09993553919753712,0.0
2008-02-19,-7.160666461541773e-05,0.0,1.1208823644930305e-18,-7.160666461541886e-05,0.09983884667131555,0.09983884667129508,0.0
2008-02-20,-0.00011935503752931857,0.0,2.8663030386699005e-19,-0.00011935503752931886,0.09977438451758994,0.09977438451756901,0.0
2008-02-21,0.0002745610417552156,0.0,2.9112874290775885e-19,0.0002745610417552153,0.09966692522966217,0.09966692522964092,0.0
2008-02-22,-0.00010730263660957267,0.0,2.8976701546488236e-19,-0.00010730263660957296,0.09991405376472967,0.09991405376470852,0.0
2008-02-25,-0.00015527035542400297,0.0,8.794553541163472e-19,-0.00015527035542400384,0.09981746180495168,0.0998174618049303,0.0
2008-02-26,0.0001433004799063073,0.0,2.9532295317599017e-19,0.000143300479906307,0.09967766843653382,0.09967766843651227,0.0
2008-02-27,0.00011930770828912843,0.0,3.036680042305277e-19,0.00011930770828912813,0.09980666657322293,0.09980666657320077,0.0
2008-02-28,0.00023883906639305232,0.0,3.093904373162037e-19,0.00023883906639305202,0.09991405376473195,0.09991405376470937,0.0
2008-02-29,0.0003456378441099536,2.5803919270569572e-08,3.157895477769425e-19,0.0003456120401906827,0.10000000000008138,0.10000000000005833,0.00012897811939116544
2008-03-03,3.5414181260833336e-06,0.0,9.409698377246173e-19,3.5414181260823926e-06,0.10031096916548438,0.10031096916546148,0.0
2008-03-04,-2.384464591998298e-05,0.0,3.200860366795406e-19,-2.38446459199833e-05,0.10031415532924294,0.10031415532921958,0.0
2008-03-05,-5.964679395496326e-05,0.0,3.130244654651067e-19,-5.964679395496357e-05,0.10029270212729302,0.10029270212727018,0.0
2008-03-06,0.0002984420415800057,0.0,3.261162040827883e-19,0.0002984420415800054,0.10023903427036239,0.10023903427033859,0.0
2008-03-07,-4.7746543611412395e-05,0.0,3.1867402639069e-19,-4.7746543611412713e-05,0.10050748065422137,0.10050748065419811,0.0
2008-03-10,0.00010730445018405646,0.0,9.512865469490586e-19,0.00010730445018405551,0.10046453094471798,0.10046453094469482,0.0
2008-03-11,-0.0005011585231995143,0.0,3.102551734936444e-19,-0.0005011585231995147,0.100561044747285,0.10056104474726237,0.0
2008-03-12,0.0003224515184109843,0.0,3.1373487471114757e-19,0.000322451518410984,0.10011005723252578,0.10011005723250287,0.0
2008-03-13,-4.7703145466108154e-05,0.0,3.1816878708731975e-19,-4.770314546610847e-05,0.10040013457509468,0.10040013457507146,0.0
2008-03-14,0.0002972183745659213,7.14839356341015e-08,3.2375865249719447e-19,0.00029714689063028684,0.10000000000007987,0.10000000000005624,0.0003572187845553715
2008-03-17,0.00022600985409588906,0.0,9.68646848173682e-19,0.0002260098540958881,0.10026742422130684,0.10026742422128326,0.0
2008-03-18,-0.0003566515666367093,0.0,3.1560178026445357e-19,-0.00035665156663670965,0.10047072670111959,0.10047072670109655,0.0
2008-03-19,0.00010699695693983636,0.0,3.115967155449007e-19,0.00010699695693983605,0.10014979371530949,0.10014979371528673,0.0
2008-03-20,-0.00011887686455560317,0.0,2.9480174955922404e-19,-0.00011887686455560346,0.10024606464838551,0.100246064648364,0.0
2008-03-24,-0.00041628969976060853,0.0,1.1062753749325587e-18,-0.0004162896997606096,0.1001390920051056,0.1001390920050854,0.0
2008-03-25,7.147196760910846e-05,0.0,2.7957137316414084e-19,7.147196760910817e-05,0.0997643331696472,0.0997643331696268,0.0
2008-03-26,0.00021403969724328892,0.0,2.9154253646064645e-19,0.00021403969724328862,0.0998286701857752,0.09982867018575389,0.0
2008-03-27,0.00010705504270338138,0.0,2.97419907678722e-19,0.00010705504270338108,0.10002130135395923,0.10002130135393753,0.0
2008-03-28,4.754163480978672e-05,0.0,2.981328341089358e-19,4.754163480978642e-05,0.10011763829861925,0.10011763829859749,0.0
2008-03-31,2.3801820391081377e-05,3.2096286111301225e-08,8.716761776030338e-19,2.3769724104969205e-05,0.10000000000007844,0.10000000000005722,0.0001604181433282753
2008-04-01,-0.0003617253513769413,0.0,2.820972913640722e-19,-0.00036172535137694156,0.10002142433880777,0.10002142433878718,0.0
2008-04-02,-8.34108687086845e-05,0.0,2.783282452690924e-19,-8.341086870868478e-05,0.0996957614717797,0.0996957614717594,0.0
2008-04-03,-7.134395278276176e-05,0.0,2.8723378976991856e-19,-7.134395278276204e-05,0.09962066004886769,0.09962066004884672,0.0
2008-04-04,0.00017854972831345738,0.0,2.872902026624063e-19,0.00017854972831345708,0.09955641884453019,0.09955641884450923,0.0
2008-04-07,-0.0001904072383371575,0.0,8.76054577502786e-19,-0.00019040723833715838,0.0997171641002857,0.09971716410026436,0.0
2008-04-08,5.9568181169344815e-05,0.0,2.9637066415599745e-19,5.956818116934452e-05,0.09954571108588503,0.0995457110858634,0.0
2008-04-09,0.00019052376616934328,0.0,2.9150209378915376e-19,0.00019052376616934298,0.09959934631514836,0.0995993463151271,0.0
2008-04-10,-3.576372400032525e-05,0.0,2.975454544302742e-19,-3.576372400032555e-05,0.09977086136105771,0.09977086136103597,0.0
2008-04-11,0.00016654510744099586,0.0,2.952927451715426e-19,0.00016654510744099557,0.09973866466313239,0.09973866466311082,0.0
2008-04-14,-5.951412829353107e-05,2.2292844859122566e-08,8.565791814893144e-17,-5.953642113847585e-05,0.10000000000083678,0.09999999999875245,0.0001114261836606123
2008-04-15,-0.00013110147109229671,0.0,2.852682202492131e-17,-0.00013110147109232523,0.09994643632566559,0.09994643632358317,0.0
2008-04-16,-0.000214400529564442,0.0,2.863629650032539e-17,-0.00021440052956447062,0.09982842250762858,0.09982842250553817,0.0
2008-04-17,-0.00017887765149184666,0.0,2.908903922595639e-17,-0.00017887765149187575,0.09963538385715907,0.09963538385503558,0.0
2008-04-18,-5.951831397607718e-05,0.0,2.9018369079711964e-17,-5.95183139761062e-05,0.09947429993481781,0.0994742999326995,0.0
2008-04-21,-9.539276588343123e-05,0.0,8.736956570472432e-17,-9.53927658835186e-05,0.09942069897322649,0.0994206989711005,0.0
2008-04-22,3.5800931258020645e-05,0.0,2.9088646046250077e-17,3.5800931257991554e-05,0.09933478202694633,0.09933478202482283,0.0
2008-04-23,1.0263842925915553e-15,0.0,2.9060898823247796e-17,9.973233937683075e-16,0.09936702552615223,0.09936702552403076,0.0
2008-04-24,-0.0002742560205376984,0.0,2.903277870564253e-17,-0.00027425602053772745,0.09936702552615112,0.0993670255240317,0.0
2008-04-25,1.1967080878021752e-05,0.0,2.8859425594520184e-17,1.1967080877992892e-05,0.09911995374967145,0.09911995374756472,0.0
2008-04-28,0.0001083382830532596,1.7402758820285612e-07,0.0,0.00010816425546505675,0.10000000000156352,0.10000000000156352,0.0008692654786383314
2008-04-29,-2.4085598002439482e-05,0.0,0.0,-2.4085598002439482e-05,0.10009751131183185,0.10009751131183185,0.0
2008-04-30,0.0001924981178560187,0.0,0.0,0.0001924981178560187,0.10007583610018747,0.10007583610018747,0.0
2008-05-01,-0.0001784674905966462,0.0,0.0,-0.0001784674905966462,0.10024903646720669,0.10024903646720669,0.0
2008-05-02,-0.00013258011993396042,0.0,0.0,-0.00013258011993396042,0.10008843150781901,0.10008843150781901,0.0
2008-05-05,0.00010846546154269985,0.0,0.0,0.00010846546154269985,0.0999691053038559,0.0999691053038559,0.0
2008-05-06,6.026233991131346e-05,0.0,0.0,6.026233991131346e-05,0.10006671698275604,0.10006671698275604,0.0
2008-05-07,0.00012059763866499583,0.0,0.0,0.00012059763866499583,0.10012094580019928,0.10012094580019928,0.0
2008-05-08,8.429648807523277e-05,0.0,0.0,8.429648807523277e-05,0.10022945600314563,0.10022945600314563,0.0
2008-05-09,3.612313981526982e-05,0.0,0.0,3.612313981526982e-05,0.1003052971069394,0.1003052971069394,0.0
2008-05-12,-0.00019210779089009236,6.760131661259663e-08,0.0,-0.00019217539220670496,0.1000000000015793,0.1000000000015793,0.0003377957289514566
2008-05-13,-0.00016804360437774996,0.0,0.0,-0.00016804360437774996,0.09982707651827195,0.09982707651827195,0.0
2008-05-14,-7.210020858740286e-05,0.0,0.0,-7.210020858740286e-05,0.09967578279170371,0.09967578279170371,0.0
2008-05-15,8.40266051197631e-05,0.0,0.0,8.40266051197631e-05,0.09961086454722771,0.09961086454722771,0.0
2008-05-16,2.3932653779639635e-05,0.0,0.0,2.3932653779639635e-05,0.09968651483292984,0.09968651483292984,0.0
2008-05-19,0.00010826329734356587,0.0,0.0,0.00010826329734356587,0.09970806120820154,0.09970806120820154,0.0
2008-05-20,0.0001441673380255121,0.0,0.0,0.0001441673380255121,0.09980551923094008,0.09980551923094008,0.0
2008-05-21,-0.00010814988656174761,0.0,0.0,-0.00010814988656174761,0.09993527916579342,0.09993527916579342,0.0
2008-05-22,-0.00027623391178606253,0.0,0.0,-0.00027623391178606253,0.09983792673968314,0.09983792673968314,0.0
2008-05-23,0.0001922447027712557,0.0,0.0,0.0001922447027712557,0.09958920274294242,0.09958920274294242,0.0
2008-05-27,-0.0001083544645946392,4.757178433174954e-08,0.0,-0.00010840203637897094,0.10000000000137271,0.10000000000137271,0.00023773132443774547
2008-05-28,-0.00018061446323302445,0.0,0.0,-0.00018061446323302445,0.09990247516852564,0.09990247516852564,0.0
2008-05-29,-3.608748463794527e-05,0.0,0.0,-3.608748463794527e-05,0.09973987516930927,0.09973987516930927,0.0
2008-05-30,0.00014441681710241773,0.0,0.0,0.00014441681710241773,0.0997073858734273,0.0997073858734273,0.0
2008-06-02,0.00019684416906550547,0.0,0.0,0.00019684416906550547,0.09983738449323339,0.09983738449323339,0.0
2008-06-03,0.0001448545660537628,0.0,0.0,0.0001448545660537628,0.10001454138300592,0.10001454138300592,0.0
2008-06-04,-3.628082260360218e-05,0.0,0.0,-3.628082260360218e-05,0.10014488950454796,0.10014488950454796,0.0
2008-06-05,-0.0001326338402380317,0.0,0.0,-0.0001326338402380317,0.1001122408363946,0.1001122408363946,0.0
2008-06-06,0.0001326514343107754,0.0,0.0,0.0001326514343107754,0.09999286943442609,0.09999286943442609,0.0
2008-06-09,-0.0005068157431736007,0.0,0.0,-0.0005068157431736007,0.10011224083639787,0.10011224083639787,0.0
2008-06-10,-0.00021129023481124694,5.962341307098531e-06,2.5704314191942787e-17,-0.00021725257611837116,0.12923128951462276,0.12923128951274637,0.029575357228481036
2008-06-11,0.00018894960328962547,0.0,2.5458220635169266e-17,0.00018894960328960002,0.12904803529790462,0.12904803529604622,0.0
2008-06-12,-0.0005038277279040972,0.0,2.5625098026394428e-17,-0.0005038277279041228,0.12921257023732047,0.1292125702354498,0.0
2008-06-13,0.00012824845907554637,0.0,2.5542066835713237e-17,0.00012824845907552084,0.1287736222309119,0.1287736222290474,0.0
2008-06-16,6.0666210731524324e-05,0.0,7.664176677701343e-17,6.0666210731447684e-05,0.1288853413435634,0.12888534134169843,0.0
2008-06-17,0.00018756759892311594,0.0,2.562028449174453e-17,0.00018756759892309032,0.12893818536317575,0.12893818536130552,0.0
2008-06-18,0.00010962139273267993,0.0,2.5710206660493857e-17,0.00010962139273265422,0.12910153769666277,0.1291015376947859,0.0
2008-06-19,-0.00020017296604157443,0.0,2.5835055507317546e-17,-0.00020017296604160026,0.12919699633472967,0.12919699633284373,0.0
2008-06-20,0.00019444475910458935,0.0,2.5592902144439983e-17,0.00019444475910456376,0.1290226502152502,0.12902265021338188,0.0
2008-06-23,-0.00010899859242786356,0.0,7.663733586271275e-17,-0.0001089985924279402,0.12919197427203616,0.1291919742701713,0.0
2008-06-24,0.000182170587099033,5.91654758445737e-06,1.6609793874176262e-18,0.00017625403951457397,0.15845085003111964,0.15845085003099837,0.029353802956837288
2008-06-25,8.545855689557402e-05,0.0,1.6617245761882555e-18,8.545855689557235e-05,0.15860506583467796,0.15860506583455664,0.0
2008-06-26,0.0002915355464769616,0.0,1.6632007994473756e-18,0.0002915355464769599,0.15867696408721013,0.1586769640870887,0.0
2008-06-27,7.394796349468962e-05,0.0,1.6639557974320964e-18,7.394796349468795e-05,0.1589221681725417,0.15892216817242025,0.0
2008-06-30,2.2545110606634513e-05,0.0,5.001251683425793e-18,2.2545110606629512e-05,0.1589843595664192,0.1589843595662975,0.0
2008-07-01,-5.280999447283046e-06,0.0,1.66429841308904e-18,-5.280999447284711e-06,0.159003319929591,0.1590033199294695,0.0
2008-07-02,1.2264547651449656e-05,0.0,1.662543582244458e-18,1.2264547651447994e-05,0.15899887860313358,0.15899887860301226,0.0
2008-07-03,0.00017036914835881785,0.0,1.6637444229516812e-18,0.0001703691483588162,0.15900919297496088,0.15900919297483945,0.0
2008-07-07,4.8008581644534496e-05,0.0,6.646437270150686e-18,4.800858164452785e-05,0.15915244745638724,0.1591524474562659,0.0
2008-07-08,-1.3365145839054046e-05,0.0,1.668011923386073e-18,-1.3365145839055715e-05,0.15919281341685204,0.1591928134167303,0.0
2008-07-09,0.00018895150991522859,6.791431756927072e-06,5.270985183791603e-16,0.0001821600781577744,0.19128718702570255,0.19128718698722436,0.03370347688354536
2008-07-10,-4.103493729219621e-05,0.0,5.221746521970939e-16,-4.103493729271838e-05,0.1914412655793647,0.19144126554124602,0.0
2008-07-11,-0.00014545167880931721,0.0,5.276465996440753e-16,-0.00014545167880984487,0.19140808506123821,0.19140808502271997,0.0
2008-07-14,0.0002293783514582711,0.0,1.5775855560600244e-15,0.0002293783514566935,0.1912904569003895,0.19129045686200155,0.0
2008-07-15,0.0001647271604150038,0.0,5.251966009619835e-16,0.0001647271604144786,0.1914759148221224,0.19147591478378306,0.0
2008-07-16,-7.659356274466924e-05,0.0,5.196123256867403e-16,-7.659356274518886e-05,0.19160907876268182,0.19160907872475016,0.0
2008-07-17,-0.0002841518095517702,0.0,5.230466890600443e-16,-0.00028415180955229327,0.19154715647933343,0.19154715644115095,0.0
2008-07-18,-6.159132402471625e-05,0.0,5.202561547118304e-16,-6.15913240252365e-05,0.19131736784583933,0.1913173678078606,0.0
2008-07-21,-3.1451599229046e-05,0.0,1.5595386786288173e-15,-3.145159923060554e-05,0.19126755694385755,0.19126755690590885,0.0
2008-07-22,-4.447702764007379e-05,0.0,5.222637908907707e-16,-4.447702764059606e-05,0.19124212021532486,0.19124212017719958,0.0
2008-07-23,-4.714451788801143e-06,1.7193218896675495e-06,5.556222425886549e-16,-6.433773679024314e-06,0.19976955061200877,0.19976955057144832,0.008563403151401583
2008-07-24,0.0002557771181278234,0.0,5.549101743594642e-16,0.0002557771181272685,0.19976612141018163,0.19976612136967317,0.0
2008-07-25,-0.00011096667134281991,0.0,5.471432400533856e-16,-0.00011096667134336705,0.19997075058545818,0.1999707505455167,0.0
2008-07-28,0.0002051156246528584,0.0,1.6422198961878266e-15,0.00020511562465121619,0.19988196415035347,0.1998819641103928,0.0
2008-07-29,-8.441385790530205e-05,0.0,5.432824343748386e-16,-8.441385790584533e-05,0.200046047204782,0.20004604716512236,0.0
2008-07-30,4.586968200434598e-05,0.0,5.501598289138635e-16,4.586968200379582e-05,0.19997851430526614,0.19997851426510446,0.0
2008-07-31,0.00020515521458742026,0.0,5.561525826233338e-16,0.00020515521458686412,0.20001520935366085,0.20001520931306171,0.0
2008-08-01,-1.1248487464920056e-05,0.0,5.511759112409455e-16,-1.1248487465471232e-05,0.20017929674131438,0.20017929670107856,0.0
2008-08-04,9.817240525322857e-06,0.0,1.6445759541424965e-15,9.817240523678281e-06,0.20017029986674026,0.20017029982672216,0.0
2008-08-05,-2.664858660586572e-05,0.0,5.4053821260816065e-16,-2.6648586606406258e-05,0.2001781519096423,0.20017815187018306,0.0
2008-08-06,-3.1552806817817165e-05,3.137941101250442e-08,5.475503204304258e-16,-3.158418622937722e-05,0.20000000001998558,0.19999999998001444,0.00015683720037321103
2008-08-07,0.0002830125207489809,0.0,5.489900506838805e-16,0.0002830125207484319,0.19997476325343536,0.19997476321335914,0.0
2008-08-08,-0.00010635567229793722,0.0,5.431284139602052e-16,-0.00010635567229848035,0.20020111635117246,0.20020111631152412,0.0
2008-08-11,-0.00011117025610800637,0.0,1.6381893152437095e-15,-0.00011117025610964455,0.20011604415549838,0.2001160441156358,0.0
2008-08-12,0.00011591054816474563,0.0,5.469919047605051e-16,0.00011591054816419864,0.20002711096460854,0.20002711092467815,0.0
2008-08-13,7.515786245993383e-05,0.0,5.441911550630659e-16,7.515786245938964e-05,0.2001198255138996,0.20011982547417362,0.0
2008-08-14,1.42819847438681e-05,0.0,5.444602755062237e-16,1.4281984743323639e-05,0.20017993828011377,0.20017993824036814,0.0
2008-08-15,9.436309405617935e-05,0.0,5.452049133691699e-16,9.436309405563415e-05,0.2001913611349471,0.20019136109514715,0.0
2008-08-18,1.933252812095107e-05,0.0,1.6295846026135549e-15,1.9332528119321485e-05,0.2002668264314815,0.20026682639182827,0.0
2008-08-19,0.00015968177793322793,0.0,5.406098974706161e-16,0.00015968177793268732,0.20028228699646938,0.20028228695700484,0.0
2008-08-20,0.00013245391576069946,8.205277101602367e-08,5.378342907780993e-16,0.00013237186298914558,0.20000000001963097,0.19999999998036905,0.00040996693473656365
2008-08-21,-6.254384245676002e-05,0.0,5.416915641801149e-16,-6.254384245730171e-05,0.2001059655362252,0.20010596549668175,0.0
2008-08-22,-0.0001587743767251049,0.0,5.43722353688631e-16,-0.00015877437672564862,0.20005593396073051,0.20005593392103876,0.0
2008-08-25,0.0001466955978898598,0.0,1.6338069669439e-15,0.00014669559788822598,0.19992890317105377,0.1999289031312978,0.0
2008-08-26,-1.4276682948367013e-05,0.0,5.390728044274872e-16,-1.4276682948906085e-05,0.2000462528638766,0.20004625282452426,0.0
2008-08-27,6.01331761975748e-05,0.0,5.407858188664948e-16,6.0133176197034016e-05,0.20003483201492814,0.20003483197545074,0.0
2008-08-28,-4.8143967048236326e-05,0.0,5.445360912909918e-16,-4.814396704878086e-05,0.2000829335691035,0.20008293352935239,0.0
2008-08-29,4.627325014431659e-06,0.0,5.471460738925562e-16,4.627325013884513e-06,0.2000444205342344,0.2000444204942927,0.0
2008-09-02,0.0001986536209162502,0.0,2.174069872560314e-15,0.00019865362091407612,0.2000481221713044,0.20004812213162762,0.0
2008-09-03,3.622606011630668e-05,0.0,5.380331475351091e-16,3.622606011576865e-05,0.20020700394556193,0.20020700390628557,0.0
2008-09-04,6.014214823086024e-05,4.7216581515566e-08,5.363689248909568e-16,6.00949316488083e-05,0.20000000001957746,0.19999999998042256,0.00023597622546793484
2008-09-05,-1.433659770044559e-05,0.0,5.259050977431242e-16,-1.4336597700971497e-05,0.2000481202889316,0.20004812025054047,0.0
2008-09-08,-4.8204170448485026e-05,0.0,1.576548091954558e-15,-4.820417045006157e-05,0.2000366515362007,0.20003665149783803,0.0
2008-09-09,0.00013484153799533008,0.0,5.307964488501563e-16,0.00013484153799479928,0.1999980881080647,0.19999808806931652,0.0
2008-09-10,6.765498420490057e-05,0.0,5.193539015846634e-16,6.765498420438121e-05,0.2001059470515675,0.20010594701365464,0.0
2008-09-11,-5.792929480157698e-05,0.0,5.208126397061612e-16,-5.792929480209779e-05,0.2001600602101696,0.2001600601721502,0.0
2008-09-12,5.5666301246411665e-05,0.0,5.227131944378825e-16,5.566630124588895e-05,0.2001137233623791,0.20011372332422106,0.0
2008-09-15,0.0008192226195644297,0.0,1.580654485567705e-15,0.000819222619562849,0.20015824759462478,0.20015824755616213,0.0
2008-09-16,-0.00013678668965111704,0.0,5.113570423761767e-16,-0.0001367866896516284,0.20081295969420335,0.20081295965687432,0.0
2008-09-17,0.0009168388747259042,0.0,5.119574984141577e-16,0.0009168388747253923,0.2007036265892732,0.20070362655190027,0.0
2008-09-18,-0.0006030965056727989,2.874535187346145e-07,4.978333055957163e-16,-0.0006033839591920313,0.20000000001817092,0.1999999999818291,0.0014357812897666383
2008-09-19,-0.0009066643033602779,0.0,5.103288336547914e-16,-0.0009066643033607883,0.19951728904517912,0.1995172890079252,0.0
2008-09-22,0.00011503483078645995,0.0,1.5834793915257918e-15,0.00011503483078487648,0.19879086132085527,0.1987908612823239,0.0
2008-09-23,0.000396819100399873,0.0,5.185277508952503e-16,0.0003968191003993545,0.19888301767668287,0.1988830176388303,0.0
2008-09-24,-8.89900561409791e-05,0.0,5.120873999065804e-16,-8.899005614149118e-05,0.19920079009830177,0.19920079006091937,0.0
2008-09-25,-7.028601683889208e-05,0.0,5.115880122490222e-16,-7.028601683940368e-05,0.19912952058933767,0.1991295205519917,0.0
2008-09-26,0.00017344642592989994,0.0,5.17149531657855e-16,0.0001734464259293828,0.19907322663706178,0.19907322659930987,0.0
2008-09-29,0.001005569442341294,0.0,1.543883274897648e-15,0.0010055694423397501,0.19921212043252337,0.19921212039495542,0.0
2008-09-30,-0.000761036223000995,0.0,4.831717953849614e-16,-0.0007610362230014782,0.200016559332577,0.2000165592973055,0.0
2008-10-01,0.00029551543948264395,0.0,4.973196659798433e-16,0.00029551543948214663,0.19940727927323834,0.19940727923693394,0.0
2008-10-02,0.00017209840649967412,7.128861307670156e-08,3.8732057202273215e-16,0.0001720271178862101,0.20000000001435841,0.19999999998608403,0.0003562031340340194
2008-10-03,0.0002752546621342133,0.0,3.7174576950992766e-16,0.0002752546621338416,0.2001376693132934,0.20013766928615592,0.0
2008-10-06,0.00018166997664501787,0.0,1.0994329110931976e-15,0.00018166997664391843,0.20035777456350698,0.20035777453675413,0.0
2008-10-07,2.1870423029741962e-06,0.0,3.525560721127071e-16,2.1870423026216404e-06,0.20050301916033247,0.20050301913459595,0.0
2008-10-08,-0.000517535959316975,0.0,3.4006829409063017e-16,-0.0005175359593173151,0.20050476768931513,0.20050476766449016,0.0
2008-10-09,0.00021191739343638148,0.0,3.369880785286666e-16,0.00021191739343604448,0.20009078590659532,0.2000907858819952,0.0
2008-10-10,0.00024255753652730199,0.0,3.2089333757838094e-16,0.0002425575365269811,0.20026026466556499,0.20026026464213978,0.0
2008-10-13,-0.000833778616460154,0.0,9.489183697111502e-16,-0.000833778616461103,0.20045420052469728,0.20045420050160695,0.0
2008-10-14,0.00019793122420730828,0.0,3.4592644479055327e-16,0.00019793122420696236,0.19978700003885766,0.19978700001360505,0.0
2008-10-15,0.00035700392703505885,0.0,3.4198122103922974e-16,0.0003570039270347169,0.19994535583372727,0.19994535580876263,0.0
2008-10-16,-0.00010315883141148713,1.0994569612662986e-07,3.5140339831328387e-16,-0.00010326877710796516,0.20000000001250962,0.19999999998685714,0.0005493291323548088
2008-10-17,-0.00014638114025410686,0.0,3.604300185275868e-16,-0.0001463811402544673,0.199917486416099,0.19991748638978762,0.0
2008-10-20,0.00016818932203379954,0.0,1.0753974426435559e-15,0.00016818932203272415,0.19980035227908752,0.19980035225291956,0.0
2008-10-21,0.0002026616192144018,0.0,3.7228948800577242e-16,0.0002026616192140295,0.1999349146843836,0.1999349146572065,0.0
2008-10-22,1.2360746541733934e-05,0.0,3.6140420667368886e-16,1.236074654137253e-05,0.200097024315861,0.20009702428947843,0.0
2008-10-23,7.102721083258424e-05,0.0,3.4499546593182007e-16,7.102721083223925e-05,0.2001069115903898,0.20010691156520516,0.0
2008-10-24,-2.546952353446847e-05,0.0,3.4640620121077787e-16,-2.5469523534814875e-05,0.20016372173046285,0.20016372170517524,0.0
2008-10-27,-9.77923418621589e-05,0.0,1.0007583249852219e-15,-9.779234186315966e-05,0.20014334976174897,0.2001433497373972,0.0
2008-10-28,9.728693854980603e-05,0.0,3.234518136874604e-16,9.728693854948257e-05,0.20006512225597525,0.20006512223236328,0.0
2008-10-29,-4.9170008810826924e-05,0.0,3.4809888714219575e-16,-4.917000881117502e-05,0.20014293790262597,0.20014293787721468,0.0
2008-10-30,0.0002140178159871936,6.946339412456405e-08,3.670991149134718e-16,0.00021394835259270193,0.20000000001326398,0.19999999998646578,0.00034714102634821054
2008-10-31,-6.133079887539651e-05,0.0,3.779306149953555e-16,-6.133079887577444e-05,0.20017119153338273,0.2001711915057938,0.0
2008-11-03,0.00015882315535192807,0.0,1.1390236369667965e-15,0.00015882315535078903,0.20012213438500748,0.2001221343572913,0.0
2008-11-04,8.071580319807262e-06,0.0,3.787345765882204e-16,8.071580319428528e-06,0.20024915333790572,0.2002491533102581,0.0
2008-11-05,0.00022241989451058652,0.0,3.926597197869873e-16,0.00022241989451019385,0.2002556085400136,0.2002556085113494,0.0
2008-11-06,0.00018846116003404256,0.0,3.773722530964067e-16,0.00018846116003366518,0.20043344804704333,0.2004334480194952,0.0
2008-11-07,-0.0001790271892908689,0.0,3.628444834406124e-16,-0.00017902718929123176,0.20058410689255257,0.20058410686606493,0.0
2008-11-10,0.000288466299243943,0.0,1.1155425262717894e-15,0.0002884662992428275,0.20044096408633325,0.2004409640591884,0.0
2008-11-11,7.164381143964191e-05,0.0,3.699154061778691e-16,7.1643811439272e-05,0.2006715434079537,0.20067154338094986,0.0
2008-11-12,0.0001768093713643062,0.0,3.6159276575486e-16,0.0001768093713639446,0.20072880624204284,0.2007288062156466,0.0
2008-11-13,-0.0002485140980073614,1.7416373859969745e-07,3.4834616251661734e-16,-0.00024868826174630947,0.20000000001271465,0.19999999998728538,0.0008700998836415341
2008-11-14,-2.368466454222129e-05,0.0,3.65658434636314e-16,-2.3684664542586946e-05,0.1998011741226519,0.1998011740959588,0.0
2008-11-17,0.00022109864751620586,0.0,1.0571249031142842e-15,0.00022109864751514873,0.1997822212320308,0.19978222120630743,0.0
2008-11-18,-2.1561094794668115e-06,0.0,3.4840617993094314e-16,-2.1561094798152177e-06,0.1999591091906625,0.1999591091652289,0.0
2008-11-19,0.00012025938644921626,0.0,3.474373752712972e-16,0.00012025938644886882,0.19995738421112394,0.19995738418576103,0.0
2008-11-20,0.0002546076090770343,0.0,3.3299505783536197e-16,0.0002546076090767013,0.20005358527509973,0.2000535852507911,0.0
2008-11-21,-0.00018745883667198817,0.0,3.1894572419309584e-16,-0.0001874588366723071,0.20025720587476895,0.20025720585148585,0.0
2008-11-24,-0.00022673393282754894,0.0,9.950077789102297e-16,-0.00022673393282854394,0.2001072589129867,0.20010725888877484,0.0
2008-11-25,0.00010472005207975563,0.0,3.4627101695314936e-16,0.00010472005207940936,0.19992585495658777,0.19992585493131,0.0
2008-11-26,0.0003511544991529852,0.0,3.4931441208034897e-16,0.0003511544991526359,0.2000096299900234,0.20000962996452348,0.0
2008-11-28,-0.0002455054602915303,5.8120405616089606e-08,7.17903895072318e-16,-0.00024556358069786427,0.2000000000131017,0.19999999998689832,0.00029045158357191014
2008-12-01,0.0004388916940490385,0.0,1.0753150902898874e-15,0.0004388916940479632,0.19980355903015792,0.1998035590039919,0.0
2008-12-02,7.528335995520451e-05,0.0,3.3642581108181026e-16,7.528335995486808e-05,0.2001546045291575,0.2001546045045985,0.0
2008-12-03,-6.956303321481355e-05,0.0,3.467134437419682e-16,-6.956303321516026e-05,0.20021481504587627,0.20021481502056612,0.0
2008-12-04,-1.9794970901142026e-05,0.0,3.5043651851105213e-16,-1.9794970901492464e-05,0.20015917569231845,0.20015917566673658,0.0
2008-12-05,-0.00011844620175639272,0.0,3.429269900697441e-16,-0.00011844620175673565,0.20014334255251057,0.20014334252747687,0.0
2008-12-08,-0.00012023389735868299,0.0,1.0491995422458859e-15,-0.00012023389735973219,0.20004859134705982,0.2000485913215293,0.0
2008-12-09,0.00026432566826047835,0.0,3.616179863342596e-16,0.0002643256682601167,0.19995239850672442,0.19995239848032634,0.0
2008-12-10,-6.504651610202724e-05,0.0,3.5708201793698393e-16,-6.504651610238433e-05,0.2001638157403036,0.20016381571423666,0.0
2008-12-11,0.00012801905498889952,0.0,3.639314738581969e-16,0.00012801905498853558,0.20011178579919714,0.20011178577263014,0.0
2008-12-12,9.061410406446132e-05,8.912945338254131e-08,3.5818677889060356e-16,9.05249746107206e-05,0.1997688078735074,0.19976880784735976,0.0004453657509598946
2008-12-15,4.90184817493493e-05,0.0,1.085847469201176e-15,4.901848174826345e-05,0.19984133134640256,0.1998413313199803,0.0
2008-12-16,0.0001124964367435925,0.0,3.5989266948453253e-16,0.00011249643674323262,0.19988055198681368,0.19988055196054152,0.0
2008-12-17,-0.00027743201971617675,0.0,3.765337467682441e-16,-0.0002774320197165533,0.19997055245017092,0.19997055242268402,0.0
2008-12-18,-1.8136059663206488e-05,0.0,3.7591692278163844e-16,-1.8136059663582404e-05,0.19974853707047702,0.19974853704303508,0.0
2008-12-19,-2.9027537052737526e-05,0.0,3.690482693046256e-16,-2.9027537053106574e-05,0.19973402339847715,0.19973402337153653,0.0
2008-12-22,-5.798378953164667e-05,0.0,1.104361144851193e-15,-5.798378953275103e-05,0.19971079297379882,0.19971079294692604,0.0
2008-12-23,-8.510667377228346e-05,0.0,3.638623308749839e-16,-8.510667377264732e-05,0.19966438648171772,0.19966438645515577,0.0
2008-12-24,0.0001322269233783005,0.0,3.6147286835207875e-16,0.00013222692337793902,0.19959626678213202,0.19959626675574452,0.0
2008-12-26,0.00011790861694739044,0.0,7.252298849852131e-16,0.0001179086169466652,0.19970208771294676,0.19970208768647593,0.0
2008-12-29,-0.00013284203619611483,4.0728350241386217e-08,9.24630976695219e-16,-0.00013288276454728086,0.20000000001145737,0.199999999988958,0.00020356140727877114
2008-12-30,0.0004435837528606439,0.0,3.0678114151054155e-16,0.0004435837528603371,0.19989372040533707,0.19989372038294198,0.0
2008-12-31,-0.0002652474899724966,0.0,3.1238307058381633e-16,-0.00026524748997280894,0.2002484771876013,0.20024847716479735,0.0
2009-01-02,-0.0005111463848434687,0.0,6.348448453918284e-16,-0.0005111463848441035,0.20003628882150393,0.2000362887983321,0.0
2009-01-05,0.0002014094890652063,0.0,9.708829972255464e-16,0.00020140948906423542,0.1996271811490623,0.19962718112543748,0.0
2009-01-06,6.92512241346646e-05,0.0,3.249483423887845e-16,6.925122413433965e-05,0.1997883513684586,0.19978835134473732,0.0
2009-01-07,8.155507571420108e-05,0.0,3.292070560500962e-16,8.155507571387187e-05,0.19984376316767086,0.19984376314363866,0.0
2009-01-08,-8.537789886736007e-05,0.0,3.199937312410264e-16,-8.537789886768006e-05,0.19990901464788888,0.19990901462452934,0.0
2009-01-09,0.0001364759822894369,0.0,3.2140764564002214e-16,0.0001364759822891155,0.19984069872808835,0.19984069870462565,0.0
2009-01-12,-1.980911277732597e-05,0.0,9.483184835566301e-16,-1.9809112778274288e-05,0.1999498863528454,0.19994988632976965,0.0
2009-01-13,0.00014255206668719196,7.819468399580293e-09,3.072570762228287e-16,0.0001425442472184851,0.1998949486632907,0.1998949486408609,3.9089092033053885e-05
2009-01-14,0.0001401328245464274,0.0,3.062965242759427e-16,0.0001401328245461211,0.20000899059890911,0.20000899057654947,0.0
2009-01-15,-8.470369458824135e-05,0.0,2.9798795019202493e-16,-8.470369458853935e-05,0.20012107989067576,0.2001210798689226,0.0
2009-01-16,-1.7970612249798754e-05,0.0,3.0057066983961836e-16,-1.7970612250099325e-05,0.20005332145171587,0.20005332142977425,0.0
2009-01-20,-0.0001270230581978603,0.0,1.213363278848955e-15,-0.00012702305819907366,0.20003894566199532,0.20003894563985145,0.0
2009-01-21,2.042166761793976e-05,0.0,2.88750942758768e-16,2.042166761765101e-05,0.19993731925246927,0.19993731923139044,0.0
2009-01-22,6.916710862768153e-05,0.0,2.9866469038806306e-16,6.916710862738286e-05,0.19995365753367828,0.19995365751187577,0.0
2009-01-23,-4.5522856511983295e-05,0.0,2.9332791550436054e-16,-4.5522856512276626e-05,0.2000089905983387,0.20000899057692578,0.0
2009-01-26,-0.00015203347959987225,0.0,8.847553387679387e-16,-0.00015203347960075702,0.1999725710646008,0.19997257104307176,0.0
2009-01-27,6.302043813572355e-05,0.0,2.966963095415853e-16,6.302043813542685e-05,0.19985092161614215,0.1998509215944833,0.0
2009-01-28,-7.916029627362622e-05,1.9738564220658074e-08,2.2678848414347806e-16,-7.918003483807367e-05,0.20000000000924406,0.19999999999268853,9.865583036243464e-05
2009-01-29,-0.00018952051634867217,0.0,2.3364314428321417e-16,-0.0001895205163489058,0.19993667070602142,0.19993667068896548,0.0
2009-01-30,0.0001464129837625347,0.0,2.2684318102410467e-16,0.00014641298376230787,0.1997850135480996,0.19978501353154007,0.0
2009-02-02,0.00015369231118800682,0.0,6.722631524000685e-16,0.00015369231118733456,0.199902158260212,0.19990215824385357,0.0
2009-02-03,-0.00019397109125406274,0.0,2.228409725224329e-16,-0.00019397109125428557,0.20002510825012904,0.20002510823386163,0.0
2009-02-04,-0.0001007611269503708,0.0,2.2574353115566653e-16,-0.00010076112695059654,0.19986990614288708,0.1998699061264078,0.0
2009-02-05,-1.979718397849014e-05,0.0,2.256243003089323e-16,-1.9797183978715767e-05,0.1997892760085296,0.19978927599205903,0.0
2009-02-06,-0.00021208827559170636,0.0,2.2872837600212424e-16,-0.0002120882755919351,0.19977343377619994,0.1997734337595027,0.0
2009-02-09,9.527220878142609e-05,0.0,7.038289529387434e-16,9.527220878072226e-05,0.1996036791011363,0.19960367908400975,0.0
2009-02-10,0.0002036439870438999,0.0,2.3483368430580934e-16,0.00020364398704366505,0.19967992736220672,0.19967992734506387,0.0
2009-02-11,-4.54941189321038e-05,3.752939045041168e-08,2.514411864162478e-16,-4.553164832280565e-05,0.20000000000940457,0.1999999999910494,0.00018756803427084912
2009-02-12,0.00011887990654512522,0.0,2.5247667897782305e-16,0.00011887990654487275,0.19996361056334072,0.19996361054490996,0.0
2009-02-13,-0.0001029219634423017,0.0,2.5206551829279726e-16,-0.00010292196344255376,0.2000587075094059,0.20005870749100507,0.0
2009-02-17,0.0002615126759627067,0.0,1.0016304720164018e-15,0.00026151267596170505,0.19997636750622652,0.19997636748794673,0.0
2009-02-18,-0.00014469756643333787,0.0,2.402341143439323e-16,-0.0001446975664335781,0.20018552912804002,0.2001855291105029,0.0
2009-02-19,-3.5571612565897904e-05,0.0,2.3959991053326416e-16,-3.5571612566137506e-05,0.20006978117201032,0.20006978115451954,0.0
2009-02-20,8.315337866139451e-05,0.0,2.380948323833058e-16,8.315337866115642e-05,0.20004132535185662,0.20004132533447566,0.0
2009-02-23,-3.3670817657451106e-05,0.0,7.095926241712014e-16,-3.3670817658160696e-05,0.20010783908748858,0.2001078390702218,0.0
2009-02-24,-0.0001366931725053025,0.0,2.298297712906935e-16,-0.00013669317250553233,0.20008090515701585,0.20008090514023824,0.0
2009-02-25,-0.00023378714177890703,0.0,2.3667643948271006e-16,-0.0002337871417791437,0.19997154673014128,0.19997154671286396,0.0
2009-02-26,6.951194305666964e-05,3.979982025167895e-08,2.183918921028763e-16,6.947214323619958e-05,0.19998336921892443,0.19998336920298188,0.00019890259278336486
2009-02-27,0.0001250629491816716,0.0,2.157515533545807e-16,0.00012506294918145585,0.20003898402483847,0.2000389840090886,0.0
2009-03-02,0.0002841986833930798,0.0,6.390007968736453e-16,0.00028419868339244083,0.20013901699810918,0.2001390169825602,0.0
2009-03-03,-0.00010533900717641849,0.0,2.0382300531733032e-16,-0.00010533900717662231,0.20036627185018047,0.20036627183530145,0.0
2009-03-04,-0.00010722235143021515,0.0,2.033433995920709e-16,-0.0001072223514304185,0.20028203035320022,0.20028203033835615,0.0
2009-03-05,0.00014098340211420393,0.0,2.089059293668634e-16,0.00014098340211399503,0.20019627351736857,0.20019627350211844,0.0
2009-03-06,-9.324484470900465e-05,0.0,2.0231940606686356e-16,-9.324484470920698e-05,0.2003090166723595,0.20030901665759016,0.0
2009-03-09,-9.543440156514634e-05,0.0,6.081211871784536e-16,-9.543440156575445e-05,0.2002344426571884,0.20023444264239074,0.0
2009-03-10,-5.967741090644553e-05,0.0,1.9975937646462682e-16,-5.967741090664529e-05,0.2001581102248745,0.2001581102102921,0.0
2009-03-11,4.765933268978731e-05,0.0,2.092892732753802e-16,4.765933268957802e-05,0.2001103748837314,0.20011037486845332,0.0
2009-03-12,-7.820168046852504e-06,2.971127262346151e-08,2.1006924057334393e-16,-7.849879319686035e-06,0.200000000008202,0.199999999992867,0.00014849526455332218
2009-03-13,6.172775868053864e-05,0.0,2.1632636359004082e-16,6.172775868032232e-05,0.1999937497674122,0.19999374975162038,0.0
2009-03-16,-0.0001529141206337758,0.0,6.518238289885008e-16,-0.0001529141206344276,0.20004312931215107,0.20004312929629003,0.0
2009-03-17,4.1586588823451163e-05,0.0,2.1744004632640254e-16,4.158658882323373e-05,0.19992078590269985,0.19992078588682669,0.0
2009-03-18,0.00040324375180784435,0.0,2.22309689820993e-16,0.00040324375180762203,0.19995405708472389,0.19995405706849534,0.0
2009-03-19,-0.00018448831748763873,0.0,2.273608876451099e-16,-0.0001844883174878661,0.2002765405732874,0.20027654055669,0.0
2009-03-20,0.00016271906654213148,0.0,2.269536905690454e-16,0.00016271906654190453,0.2001289737134079,0.2001289736968403,0.0
2009-03-23,-6.166418214602988e-05,0.0,6.693194056495719e-16,-6.16641821466992e-05,0.2002591068047461,0.20025910678845932,0.0
2009-03-24,-0.00015288547822416902,0.0,2.357601738069901e-16,-0.00015288547822440478,0.2002097883963819,0.20020978837917144,0.0
2009-03-25,1.9749783367485602e-05,0.0,2.3116233190472947e-16,1.974978336725444e-05,0.20008749338993315,0.20008749337305834,0.0
2009-03-26,0.0001092475113018731,2.0663786779064264e-08,2.32589992248423e-16,0.00010922684751486145,0.20000000000903478,0.1999999999920557,0.00010329116771862212
2009-03-27,6.943002052443467e-05,0.0,2.371376281407373e-16,6.943002052419753e-05,0.20008739260554875,0.20008739258823774,0.0
2009-03-30,7.349261941125812e-05,0.0,6.965377885512937e-16,7.349261941056159e-05,0.200142926698204,0.20014292668125494,0.0
2009-03-31,9.931559525727604e-05,0.0,2.2494436496397205e-16,9.93155952570511e-05,0.20020170596930614,0.20020170595288522,0.0
2009-04-01,-5.270950530204926e-06,0.0,2.279684964765835e-16,-5.270950530432895e-06,0.20028113052508895,0.20028113050844726,0.0
2009-04-02,-0.000232463085276325,0.0,2.312992626511921e-16,-0.0002324630852765563,0.20027691522451435,0.2002769152076295,0.0
2009-04-03,-0.0001611424386616165,0.0,2.393748010122723e-16,-0.00016114243866185586,0.2000909659030933,0.20009096588561898,0.0
2009-04-06,4.981127050101835e-05,0.0,7.261994832268262e-16,4.981127050029215e-05,0.1999620458363312,0.19996204581866037,0.0
2009-04-07,3.571798472777353e-05,0.0,2.3942635187556664e-16,3.5717984727534104e-05,0.20000189475816,0.2000018947406819,0.0
2009-04-08,4.359206807280672e-05,0.0,2.346006077881635e-16,4.359206807257212e-05,0.20003046805733302,0.2000304680402072,0.0
2009-04-09,-0.00018450725993436726,2.6772834552999787e-08,2.1159240493911713e-16,-0.00018453403276913184,0.2000000000086688,0.19999999999322257,0.0001338307840973163
2009-04-13,0.00025613861351770945,0.0,8.748125488234541e-16,0.00025613861351683466,0.19985237231347205,0.19985237229750674,0.0
2009-04-14,3.985750741647259e-05,0.0,2.1937437906453623e-16,3.9857507416253215e-05,0.20005726853565617,0.20005726851964184,0.0
2009-04-15,4.759119274518243e-05,0.0,2.1629438593137993e-16,4.759119274496614e-05,0.20008915098802904,0.2000891509722395,0.0
2009-04-16,-7.753138753032459e-05,0.0,2.186152373346558e-16,-7.75313875305432e-05,0.20012721788794435,0.20012721787198545,0.0
2009-04-17,-0.00021636771953993542,0.0,2.2107790549319982e-16,-0.00021636771954015649,0.20006519783297713,0.2000651978168384,0.0
2009-04-20,0.00013902844691733698,0.0,6.646085132984673e-16,0.00013902844691667237,0.19989208030703728,0.19989208029086517,0.0
2009-04-21,-9.792826950507329e-06,0.0,2.1323340570338683e-16,-9.792826950720563e-06,0.2000033026048114,0.20000330258924534,0.0
2009-04-22,6.535071725585687e-05,0.0,2.1741721393598002e-16,6.535071725563945e-05,0.19999546829917808,0.1999954682833066,0.0
2009-04-23,-2.8027997023825195e-05,0.0,2.1633643328879583e-16,-2.802799702404153e-05,0.20004774575268572,0.20004774573689313,0.0
2009-04-24,-9.1710872473803e-14,1.1088802787624125e-08,1.5794124731602537e-16,-1.1088894656437845e-08,0.20000000000789644,0.19999999999636675,5.543404199209734e-05
2009-04-27,9.758632925610237e-05,0.0,4.814874832143571e-16,9.758632925562088e-05,0.20000000222577013,0.20000000221405398,0.0
2009-04-28,-7.365970790540465e-05,0.0,1.5833247213175874e-16,-7.365970790556298e-05,0.20007806367107125,0.200078063659513,0.0
2009-04-29,2.5945763631459956e-05,0.0,1.5794259182559005e-16,2.5945763631302014e-05,0.2000191373143666,0.2000191373028368,0.0
2009-04-30,8.340021766440485e-05,0.0,1.6159645429606503e-16,8.340021766424325e-05,0.20003989289048735,0.2000398928786908,0.0
2009-05-01,-4.2611528516321076e-05,0.0,1.6220927099545659e-16,-4.2611528516483286e-05,0.20010660417385334,0.20010660416201206,0.0
2009-05-04,-0.0001545511194216309,0.0,4.917472591055461e-16,-0.00015455111942212264,0.2000725180412689,0.2000725180293031,0.0
2009-05-05,-2.1269825206713217e-06,0.0,1.6895401839567216e-16,-2.1269825208402756e-06,0.199948869243782,0.1999488692314484,0.0
2009-05-06,3.790789828530864e-05,0.0,1.6819623830286586e-16,3.7907898285140446e-05,0.19994716754533645,0.19994716753305816,0.0
2009-05-07,-0.00014333126369535878,0.0,1.7056922921044595e-16,-0.00014333126369552935,0.19997749471726642,0.1999774947048149,0.0
2009-05-08,9.361413434371519e-05,2.744562848034176e-08,2.1658911092003758e-16,9.358668871501826e-05,0.20000000000765894,0.19999999999184795,0.00013718996768796732
2009-05-11,0.00014532308419670534,0.0,6.675098744897537e-16,0.00014532308419603783,0.20007488979600488,0.20007488977976215,0.0
2009-05-12,7.538791144651581e-05,0.0,2.1891462636349623e-16,7.53879114462969e-05,0.20019112048888382,0.20019112047290308,0.0
2009-05-13,-1.7677997192618146e-05,0.0,2.1898610411394544e-16,-1.767799719283713e-05,0.20025141186463213,0.20025141184864614,0.0
2009-05-14,5.763228144420649e-05,0.0,2.1276298734911693e-16,5.763228144399373e-05,0.2002372736609466,0.20023727364541494,0.0
2009-05-15,-1.1955738648613015e-05,0.0,2.145159641094897e-16,-1.1955738648827531e-05,0.20028336315536577,0.20028336313970604,0.0
2009-05-18,-3.0101501855819897e-05,0.0,6.372004804402794e-16,-3.0101501856457096e-05,0.20027380183779547,0.2002738018222903,0.0
2009-05-19,3.8009538177192096e-05,0.0,2.1926902629247564e-16,3.800953817697283e-05,0.20024972815400435,0.20024972813799777,0.0
2009-05-20,4.402446284978466e-05,0.0,2.1997858035668184e-16,4.402446284956468e-05,0.2002801251371715,0.20028012512111307,0.0
2009-05-21,-6.584876554087884e-05,0.0,2.2013625816068922e-16,-6.584876554109897e-05,0.20031533082519343,0.20031533080912348,0.0
2009-05-22,4.560691040090837e-05,5.255063416663513e-08,2.1747751983993843e-16,4.555435976652426e-05,0.20000000000885554,0.19999999999297965,0.00026266910014668965
2009-05-26,-0.00010926826641983422,0.0,8.719917448446945e-16,-0.00010926826642070621,0.20003649438486343,0.20003649436894963,0.0
2009-05-27,-2.385873590281709e-05,0.0,2.226637087928534e-16,-2.3858735903039753e-05,0.1999490742074935,0.1999490741912391,0.0
2009-05-28,-3.3778524828530117e-05,0.0,2.199436502397829e-16,-3.377852482875006e-05,0.19992998554811603,0.19992998553206012,0.0
2009-05-29,0.00016493940567036887,0.0,2.2239850724195733e-16,0.00016493940567014647,0.1999029594505453,0.19990295943431022,0.0
2009-06-01,-0.00016090719564523768,0.0,6.784660455965221e-16,-0.00016090719564591614,0.2000349052181127,0.20003490520160336,0.0
2009-06-02,-3.5908142328244604e-05,0.0,2.332724663416981e-16,-3.590814232847788e-05,0.1999061643632843,0.19990616434625538,0.0
2009-06-03,0.000222751656419138,0.0,2.330219682867298e-16,0.00022275165641890497,0.19987743344826564,0.199877433431255,0.0
2009-06-04,-9.543404405906988e-05,0.0,2.2815794895433748e-16,-9.543404405929803e-05,0.2000556223830717,0.20005562236641616,0.0
2009-06-05,-0.000678289544347785,0.0,2.3101434657838193e-16,-0.0006782895443480161,0.19997927316998618,0.1999792731531221,0.0
2009-06-08,-0.00024261660944786427,1.3577812268377543e-07,2.450010832548288e-16,-0.00024275238757079305,0.2000000000079396,0.2000000000019779,0.0006785152998380617
2009-06-09,0.0002065605302872731,0.0,8.127478312306161e-17,0.00020656053028719182,0.19980588675452204,0.199805886748589,0.0
2009-06-10,9.835931519232333e-06,0.0,8.172815112150633e-17,9.835931519150605e-06,0.19997114113988765,0.19997114113392145,0.0
2009-06-11,-5.346296650856131e-05,0.0,8.196803486913496e-17,-5.346296650864328e-05,0.19997901009157595,0.19997901008559227,0.0
2009-06-12,0.00019544646519421466,0.0,8.301770834601506e-17,0.00019544646519413164,0.19993623630944937,0.19993623630338903,0.0
2009-06-15,7.214464379146292e-05,0.0,2.479072064820304e-16,7.214464379121502e-05,0.2000925753880457,0.20009257538201325,0.0
2009-06-16,0.00012990656599843594,0.0,8.040652053510313e-17,0.00012990656599835555,0.20015028026100068,0.20015028025513099,0.0
2009-06-17,0.0001080940478405028,0.0,7.946379072691852e-17,0.00010809404784042334,0.20025417249505537,0.2002541724892545,0.0
2009-06-18,-0.00018992009103927128,0.0,7.935902272952078e-17,-0.00018992009103935064,0.20034061091530822,0.200340610909515,0.0
2009-06-19,8.185327183170457e-05,0.0,7.942763100604039e-17,8.185327183162514e-05,0.20018871068243071,0.2001887106766325,0.0
2009-06-22,0.00013179522418242022,5.085137221640181e-08,2.3901164811727997e-16,0.0001317443728099648,0.20000000000783816,0.20000000000202223,0.0002541724872257983
2009-06-23,-3.1115710937915665e-15,0.0,7.747944403832613e-17,-3.1890505378298925e-15,0.20010543246716514,0.20010543246150908,0.0
2009-06-24,-1.1908638598405825e-05,0.0,7.778152939682996e-17,-1.1908638598483606e-05,0.20010543246718468,0.20010543246150667,0.0
2009-06-25,0.00019175034250959656,0.0,7.836587993553427e-17,0.0001917503425095182,0.20009590669846683,0.2000959066927461,0.0
2009-06-26,4.795804299787439e-05,0.0,7.978509709218603e-17,4.7958042997794606e-05,0.20024925917704664,0.20024925917122233,0.0
2009-06-29,-9.153544979407856e-15,0.0,2.397211226789119e-16,-9.393266102086768e-15,0.2002876118181542,0.200287611812321,0.0
2009-06-30,-3.374570367201646e-05,0.0,8.031713391992841e-17,-3.374570367209678e-05,0.20028761181817686,0.20028761181231375,0.0
2009-07-01,0.00010057678838581547,0.0,7.965888400318619e-17,0.00010057678838573581,0.20026062405013298,0.2002606240443179,0.0
2009-07-02,0.0001297078143481244,0.0,8.03441068527445e-17,0.00012970781434804406,0.20034105117906004,0.2003410511731949,0.0
2009-07-06,1.4242815581827194e-05,0.0,3.1288174158537963e-16,1.4242815581514312e-05,0.20044475974157025,0.20044475973586015,0.0
2009-07-07,-1.1852133492062618e-05,1.2192108624019834e-07,4.4571828451655936e-17,-1.197405457834739e-05,0.2000000000075174,0.20000000000426363,0.000609309978126582
2009-07-08,0.0001769692027923717,0.0,4.339577342803095e-17,0.0001769692027923283,0.1999905425716113,0.19999054256844342,0.0
2009-07-09,-6.96259771395102e-05,0.0,4.3313372637256274e-17,-6.962597713955351e-05,0.2001320945571713,0.20013209455400943,0.0
2009-07-10,9.545658983982824e-05,0.0,4.357584471539307e-17,9.545658983978467e-05,0.20007639909484026,0.20007639909165925,0.0
2009-07-13,-3.7897199297635734e-05,0.0,1.2997474684645283e-16,-3.789719929776571e-05,0.20015274978572042,0.20015274978255768,0.0
2009-07-14,-7.156179148325527e-05,0.0,4.4062694127290567e-17,-7.156179148329933e-05,0.20012243666634286,0.2001224366631263,0.0
2009-07-15,-0.0002822857938020233,0.0,4.4355412216832044e-17,-0.00028228579380206766,0.20006519189842648,0.2000651918951885,0.0
2009-07-16,0.00019886488711571784,0.0,4.568787476346661e-17,0.00019886488711567214,0.19983931790520845,0.19983931790187326,0.0
2009-07-17,-3.576875402402565e-05,0.0,4.579285934711349e-17,-3.5768754024071446e-05,0.1999984101310785,0.19999841012773562,0.0
2009-07-20,-5.55636279525006e-05,0.0,1.3770685444200712e-16,-5.556362795263831e-05,0.19996979404743787,0.19996979404408702,0.0
2009-07-21,0.00011928724743034773,2.497870874573349e-09,3.228142441509997e-17,0.00011928474955944087,0.19993782742240568,0.19993782742004912,1.2488426760465243e-05
2009-07-22,-2.592468073613046e-05,0.0,3.230059935645301e-17,-2.592468073616276e-05,0.20003325375326017,0.2000332537509022,0.0
2009-07-23,-0.00020084549553726542,0.0,3.2250746173124335e-17,-0.00020084549553729767,0.20001251433309764,0.20001251433074338,0.0
2009-07-24,3.7875315961112646e-05,0.0,3.3096651203166545e-17,3.787531596107955e-05,0.1998518081730682,0.19985180817065212,0.0
2009-07-27,-7.149004913131065e-05,0.0,9.966009616708994e-17,-7.149004913141032e-05,0.19988211289085772,0.19988211288843263,0.0
2009-07-28,-3.798275268167849e-05,0.0,3.33531588835364e-17,-3.798275268171184e-05,0.1998249083342504,0.19982490833181563,0.0
2009-07-29,-5.959532580304421e-05,0.0,3.323518664698245e-17,-5.959532580307745e-05,0.19979451432718487,0.19979451432475867,0.0
2009-07-30,3.3747494067557984e-05,0.0,3.279773466406324e-17,3.374749406752519e-05,0.19974682297834329,0.19974682297594906,0.0
2009-07-31,0.00010155583806256983,0.0,3.342349596821596e-17,0.00010155583806253641,0.19977382860636095,0.19977382860392104,0.0
2009-08-03,-0.00011484656162322066,0.0,1.0049359513279503e-16,-0.00011484656162332115,0.19985508799347693,0.1998550879910316,0.0
2009-08-04,-6.207760054322235e-05,4.9139002948379236e-08,2.1119334624181086e-16,-6.212673954638192e-05,0.20000000000452653,0.19999999998910942,0.0002456038203916405
2009-08-05,-5.7622360646300386e-05,0.0,2.1162158642240857e-16,-5.762236064651201e-05,0.19995034466699893,0.19995034465155057,0.0
2009-08-06,5.407775132769065e-14,0.0,2.114253217649861e-16,5.3866326005925665e-14,0.1999042412606221,0.19990424124518807,0.0
2009-08-07,-0.00016772746261847643,0.0,2.0992457726654774e-16,-0.00016772746261868636,0.19990424126055586,0.1999042412452314,0.0
2009-08-10,0.00015580854327232994,0.0,6.350774309142546e-16,0.00015580854327169487,0.19977002071674596,0.19977002070129243,0.0
2009-08-11,0.000107778777704847,0.0,2.1080307716310056e-16,0.00010777877770463619,0.19989468396044013,0.1998946839450515,0.0
2009-08-12,7.954288910794717e-05,0.0,2.0898014661191338e-16,7.954288910773819e-05,0.19998090904007296,0.19998090902481738,0.0
2009-08-13,0.0001241086098975108,0.0,2.1080778816909636e-16,0.0001241086098973,0.2000445398086689,0.20004453979327996,0.0
2009-08-14,0.00011552846956329285,0.0,2.124762726183129e-16,0.00011552846956308038,0.2001438088487944,0.2001438088332836,0.0
2009-08-17,6.418924128077913e-05,0.0,6.303162793183347e-16,6.418924128014882e-05,0.20023620433594827,0.2002362043206106,0.0
2009-08-18,1.9672366850360772e-05,7.191030335982063e-08,3.6944792659749046e-16,1.9600456546631502e-05,0.20000000001108006,0.19999999998411036,0.0003594093120941888
2009-08-19,4.235265426784934e-06,0.0,3.7327866381224124e-16,4.235265426411655e-06,0.2000157519781553,0.20001575195090598,0.0
2009-08-20,-2.0961010958916817e-06,0.0,3.7551722875371005e-16,-2.096101096267199e-06,0.2000191401095969,0.20001914008218416,0.0
2009-08-21,-0.00017702523053789716,0.0,3.7810927139249217e-16,-0.00017702523053827527,0.20001746326551423,0.20001746323791225,0.0
2009-08-24,0.00011945107999993478,0.0,1.1510772196413113e-15,0.0001194510799987837,0.19987582109868796,0.19987582107067842,0.0
2009-08-25,-9.23817024641222e-15,0.0,3.8381107490312524e-16,-9.621981321315344e-15,0.19997138538074732,0.19997138535272907,0.0
2009-08-26,8.150718639725647e-05,0.0,3.840704964140951e-16,8.15071863968724e-05,0.19997138538075895,0.19997138535272177,0.0
2009-08-27,-1.1994550785917404e-05,0.0,3.8392859892476214e-16,-1.1994550786301332e-05,0.20003658814767178,0.20003658811964498,0.0
2009-08-28,0.00012930764573836892,0.0,3.8491208187524267e-16,0.000129307645737984,0.20002699283088143,0.20002699280278285,0.0
2009-08-31,7.164077374354613e-05,0.0,1.154977404099816e-15,7.164077374239116e-05,0.2001304220829092,0.2001304220548048,0.0
2009-09-01,2.0028773008482645e-05,3.755504639846667e-08,3.8162692980884215e-16,1.9991217961702552e-05,0.20000000001416632,0.19999999998630755,0.00018772123899843396
2009-09-02,0.0001945390153000375,0.0,3.7485199482538643e-16,0.00019453901529966263,0.20001603022262476,0.20001603019526054,0.0
2009-09-03,-9.541623264628728e-05,0.0,3.7460957049136106e-16,-9.541623264666189e-05,0.2001716280465013,0.20017162801915483,0.0
2009-09-04,-4.775382591099155e-05,0.0,3.7718430421999496e-16,-4.775382591136874e-05,0.20009530415413304,0.20009530412659857,0.0
2009-09-08,1.201840432496239e-05,0.0,1.521600489095128e-15,1.201840432344079e-05,0.20005710382056366,0.20005710379279448,0.0
2009-09-09,-5.359548593469072e-05,0.0,3.8516544988981895e-16,-5.359548593507588e-05,0.2000667177425313,0.20006671771441426,0.0
2009-09-10,8.163586499463533e-05,0.0,3.874527716239136e-16,8.163586499424787e-05,0.2000238426318066,0.20002384260352246,0.0
2009-09-11,-5.7687428786932954e-05,0.0,3.9201621848323076e-16,-5.768742878732497e-05,0.20008914404678643,0.20008914401816927,0.0
2009-09-14,-5.9634446253392365e-05,0.0,1.1746923056555544e-15,-5.963444625456706e-05,0.2000429965840847,0.2000429965555005,0.0
2009-09-15,4.767747234062936e-05,0.0,3.933981382529351e-16,4.7677472340235966e-05,0.19999528874626138,0.1999952887175433,0.0
2009-09-16,-0.00029763837926977766,1.522683104919616e-05,5.878563659962572e-17,-0.0003128652103190326,0.2723831507653732,0.2723831507610819,0.07250340359083839
2009-09-17,0.0005814240454134518,0.0,5.971712894977767e-17,0.0005814240454133921,0.27217066511855503,0.2721706651141957,0.0
2009-09-18,-1.3081491042849164e-05,0.0,5.921197106218962e-17,-1.3081491042908377e-05,0.2725935966921916,0.2725935966878691,0.0
2009-09-21,0.00010120092718188123,0.0,1.7647695062292918e-16,0.00010120092718170475,0.2725840810073346,0.2725840810030404,0.0
2009-09-22,0.00022994919925532832,0.0,5.818097366187026e-17,0.00022994919925527015,0.2726576887235679,0.27265768871932056,0.0
2009-09-23,0.00026776081697668354,0.0,5.897374107648888e-17,0.00026776081697662456,0.2728249020551176,0.2728249020508125,0.0
2009-09-24,-0.00044968304941743595,0.0,5.821113432628633e-17,-0.00044968304941749417,0.2730195589318896,0.2730195589276402,0.0
2009-09-25,0.0003894911989993624,0.0,5.781188243646881e-17,0.0003894911989993046,0.272692501077879,0.2726925010736587,0.0
2009-09-28,0.00019015379211822765,0.0,1.7372474213206544e-16,0.00019015379211805394,0.27297567065562583,0.27297567065139855,0.0
2009-09-29,5.051183666553053e-05,0.0,5.856548770929154e-17,5.051183666547196e-05,0.273113890805776,0.2731138908015007,0.0
2009-09-30,0.0006738964193482983,3.734031845585035e-05,1.2628661759321335e-16,0.0006365561008923217,0.45084967875444415,0.4508496787452252,0.17769907345566432
2009-10-01,-0.0015810887909565405,0.0,1.269736262803772e-16,-0.0015810887909566676,0.4512363379299948,0.4512363379207258,0.0
2009-10-02,-0.0010014202998090646,0.0,1.2484097015515094e-16,-0.0010014202998091895,0.4503673198601122,0.45036731985099876,0.0
2009-10-05,0.0014899931380292382,0.0,3.7263014946035556e-16,0.0014899931380288657,0.44981635478912,0.4498163547800526,0.0
2009-10-06,0.0002138401134479531,0.0,1.2595550393767854e-16,0.00021384011344782714,0.45063490501106757,0.45063490500187287,0.0
2009-10-07,0.00021645696354366864,0.0,1.2683915218259606e-16,0.0002164569635435418,0.4507523561895976,0.4507523561803383,0.0
2009-10-08,-0.001054384267577909,0.0,1.2720937276192525e-16,-0.0010543842675780363,0.45087121893816984,0.4508712189288836,0.0
2009-10-09,-0.0018941033433701254,0.0,1.2832690785938e-16,-0.0018941033433702537,0.450291615065411,0.4502916150560431,0.0
2009-10-12,0.0004690594920972553,0.0,3.8463950472980273e-16,0.00046905949209687065,0.4492484346841539,0.44924843467479436,0.0
2009-10-13,0.00017364490174598442,0.0,1.2972005516164695e-16,0.0001736449017458547,0.44950664881597785,0.4495066488065082,0.0
2009-10-14,-0.0019509196779865816,3.125397868581109e-05,5.27999357281277e-17,-0.0019821736566724454,0.598538939775356,0.5985389397715015,0.15022928775459707
2009-10-15,0.0006696700766585602,0.0,5.270962727828394e-17,0.0006696700766585075,0.5977729098118566,0.5977729098080087,0.0
2009-10-16,0.00016089011784109212,0.0,5.343930131230803e-17,0.00016089011784103867,0.5980420889969876,0.5980420889930863,0.0
2009-10-19,0.000998037952913523,0.0,1.6048070492437772e-16,0.0009980379529133626,0.5981067496494007,0.5981067496454956,0.0
2009-10-20,0.001131184513369408,0.0,5.405495214268022e-17,0.0011311845133693541,0.5985074544477187,0.5985074544437727,0.0
2009-10-21,-0.0007290910145143318,0.0,5.385891936180462e-17,-0.0007290910145143856,0.5989611034367601,0.5989611034328283,0.0
2009-10-22,-0.000531986387452403,0.0,5.466911670740396e-17,-0.0005319863874524576,0.598668496243586,0.5986684962395952,0.0
2009-10-23,-0.0007988477272940663,0.0,5.4560643367053193e-17,-0.0007988477272941209,0.5984548797056314,0.5984548797016486,0.0
2009-10-26,-0.0015647450448399232,0.0,1.6233012671709745e-16,-0.0015647450448400856,0.5981338498448674,0.5981338498409173,0.0
2009-10-27,0.0015197864483306824,0.0,5.31567736561929e-17,0.0015197864483306293,0.597504046295665,0.5975040462917844,0.0
2009-10-28,-0.001682239583666304,4.779345888809982e-07,1.35379870492219e-16,-0.0016827175182553202,0.6000000000034751,0.5999999999935925,0.0023675149435719994
2009-10-29,0.00010114543625794123,0.0,1.3295298703042552e-16,0.00010114543625780827,0.599326257211776,0.5993262572020706,0.0
2009-10-30,0.0018458622314813534,0.0,1.3579248520426393e-16,0.0018458622314812176,0.5993667794338581,0.5993667794239452,0.0
2009-11-02,-0.0004884966519525156,0.0,3.983563593877342e-16,-0.0004884966519529139,0.6001049306387461,0.6001049306290527,0.0
2009-11-03,-0.001114090691682977,0.0,1.3394772014010722e-16,-0.001114090691683111,0.5999094877631207,0.5999094877533425,0.0
2009-11-04,0.0007391426804145503,0.0,1.3500749282572671e-16,0.0007391426804144153,0.599463253502237,0.5994632534923815,0.0
2009-11-05,0.0006017448854231303,0.0,1.3489722234987468e-16,0.0006017448854229954,0.5997590886422689,0.5997590886324214,0.0
2009-11-06,0.0007988814846913413,0.0,1.3555535881085897e-16,0.0007988814846912058,0.5999997867248293,0.5999997867149339,0.0
2009-11-09,0.0010110185882728558,0.0,4.034492058875199e-16,0.0010110185882724523,0.6003190844080099,0.6003190843981926,0.0
2009-11-10,4.640839135517831e-06,0.0,1.3648125745691027e-16,4.640839135381349e-06,0.6007227611185496,0.6007227611085865,0.0
2009-11-11,0.0009476452838455216,3.7839730703047156e-07,1.3582441279311318e-16,0.0009472668865383553,0.5988366085500357,0.5988366085401206,0.0018880055413027508
2009-11-12,-0.0005473431657599557,0.0,1.3630186631267162e-16,-0.000547343165760092,0.5992166357570099,0.5992166357470599,0.0
2009-11-13,0.0006573548431881128,0.0,1.347095698182928e-16,0.0006573548431879782,0.5989971495872649,0.598997149577431,0.0
2009-11-16,0.0017558141463173357,0.0,4.0601648206766826e-16,0.0017558141463169298,0.5992605775874964,0.5992605775776169,0.0
2009-11-17,0.0003049976720204206,0.0,1.3768872651487026e-16,0.0003049976720202829,0.5999629682670533,0.5999629682570021,0.0
2009-11-18,-0.00034961918244340854,0.0,1.3787549016163115e-16,-0.0003496191824435464,0.6000849414289403,0.6000849414188755,0.0
2009-11-19,0.0003905036163574805,0.0,1.3758392873876442e-16,0.00039050361635734293,0.5999450745529485,0.5999450745429047,0.0
2009-11-20,-0.0005758625707284777,0.0,1.3612769856430653e-16,-0.0005758625707286139,0.600101236466183,0.6001012364562455,0.0
2009-11-23,0.000365085845287851,0.0,4.07700848353102e-16,0.0003650858452874433,0.5998708170462413,0.5998708170363206,0.0
2009-11-24,0.0008485398090025233,0.0,1.3687792907392475e-16,0.0008485398090023865,0.600016845234475,0.6000168452244831,0.0
2009-11-25,0.001014660150420319,3.305473891524976e-07,1.8189411899379103e-16,0.0010143296030309845,0.5987993150247234,0.5987993150114451,0.0016492790241486865
2009-11-27,-0.00018435470932765544,0.0,3.6794351961381776e-16,-0.0001843547093280234,0.5992061826059725,0.5992061825925427,0.0
2009-11-30,0.00040164740793157853,0.0,5.454770525144368e-16,0.00040164740793103307,0.5991322807539531,0.5991322807406799,0.0
2009-12-01,-0.00030738073136223434,0.0,1.8208018346757802e-16,-0.00030738073136241643,0.5992932235920624,0.5992932235787702,0.0
2009-12-02,-0.0001525206592963075,0.0,1.8399401900601817e-16,-0.0001525206592964915,0.599170016178619,0.5991700161651874,0.0
2009-12-03,-0.0005744284269440289,0.0,1.83633338289104e-16,-0.0005744284269442126,0.599108871999442,0.5991088719860368,0.0
2009-12-04,-0.001214164642367372,0.0,1.825455213892163e-16,-0.0012141646423675545,0.5988784563820412,0.5988784563687154,0.0
2009-12-07,0.0002568838027693281,0.0,5.468116149785931e-16,0.00025688380276878126,0.5983908367359192,0.5983908367226135,0.0
2009-12-08,0.0005502846346719171,0.0,1.8209020152304007e-16,0.000550284634671735,0.5984939771298995,0.598493977116607,0.0
2009-12-09,-0.0011572914601531601,0.0,1.8059299340977592e-16,-0.0011572914601533407,0.5987147982104636,0.5987147981972804,0.0
2009-12-10,-0.00042319899349224296,5.459386403081168e-07,2.5837199714827215e-16,-0.00042374493213280946,0.5998459770729313,0.5998459770540701,0.002720659358744215
2009-12-11,-0.00043385020954470727,0.0,2.5969388242947843e-16,-0.000433850209544967,0.5996768881217862,0.5996768881028287,0.0
2009-12-14,0.0008035749248427922,0.0,7.801196384415248e-16,0.0008035749248420122,0.5995031324719043,0.5995031324529216,0.0
2009-12-15,-0.0008306207599194207,0.0,2.6212353033905213e-16,-0.0008306207599196829,0.5998247033060371,0.5998247032869022,0.0
2009-12-16,0.0006166299458481319,0.0,2.615060174252127e-16,0.0006166299458478703,0.5994920330741346,0.5994920330550447,0.0
2009-12-17,0.0010851228610133602,0.0,2.625361942123164e-16,0.0010851228610130976,0.5997388460878837,0.5997388460687186,0.0
2009-12-18,-0.0002375264714145759,0.0,2.594772089182392e-16,-0.00023752647141483537,0.6001727078228798,0.6001727078039378,0.0
2009-12-21,-0.0010974011417177066,0.0,7.813490920636342e-16,-0.0010974011417184879,0.600077715693915,0.6000777156749022,0.0
2009-12-22,-0.0009174488668506517,0.0,2.602284288708336e-16,-0.0009174488668509119,0.5996383583712552,0.5996383583522583,0.0
2009-12-23,0.00032341146984131674,0.0,2.613723025456082e-16,0.0003234114698410554,0.5992707097380567,0.5992707097189764,0.0
2009-12-24,-0.0011133897722528983,2.3851878789421066e-07,4.2322554076940874e-17,-0.0011136282910408348,0.5993638726027019,0.5993638725996122,0.0011894247854618983
2009-12-28,-0.000617182192353717,0.0,1.6736516306631617e-16,-0.0006171821923538844,0.5989174542514628,0.5989174542484084,0.0
2009-12-29,0.0007841568268852614,0.0,4.236329446316591e-17,0.000784156826885219,0.598669760374349,0.5986697603712566,0.0
2009-12-30,0.00012859359508762827,0.0,4.2137215110689765e-17,0.00012859359508758612,0.5989842196361961,0.5989842196331201,0.0
2009-12-31,0.0001434136860898888,0.0,4.200000077355692e-17,0.00014341368608984678,0.5990357810666007,0.5990357810635347,0.0
2010-01-04,0.0011654802201428768,0.0,1.6642904044034871e-16,0.0011654802201427103,0.5990932765775566,0.5990932765745193,0.0
2010-01-05,0.0016171682581046659,0.0,4.224626044314783e-17,0.0016171682581046236,0.5995599814985242,0.5995599814954401,0.0
2010-01-06,-0.0005494308236305194,0.0,4.195322544464997e-17,-0.0005494308236305614,0.6002065148325176,0.6002065148294551,0.0
2010-01-07,-0.0001511331215925921,0.0,4.232683209346778e-17,-0.00015113312159263444,0.5999867352150094,0.5999867352119195,0.0
2010-01-08,0.0006632276543804347,0.0,4.205761274180354e-17,0.0006632276543803926,0.5999262708234316,0.5999262708203613,0.0
2010-01-11,0.000694530683665535,3.6391272185960583e-07,1.2781203293230522e-16,0.0006941667709435476,0.6000000000029724,0.5999999999998622,0.001814778265725292
2010-01-12,0.000942392080395089,0.0,4.207400449952338e-17,0.000942392080395047,0.6002778377582957,0.6002778377552244,0.0
2010-01-13,-0.0014095986591737527,0.0,4.253685346984891e-17,-0.0014095986591737952,0.6006541780982315,0.6006541780951263,0.0
2010-01-14,0.00045624710589410665,0.0,4.275632129845111e-17,0.0004562471058940639,0.6000904661555452,0.6000904661524241,0.0
2010-01-15,0.0003971300395761292,0.0,4.276140769653922e-17,0.00039713003957608643,0.6002728405152093,0.6002728405120878,0.0
2010-01-19,9.231394390018292e-05,0.0,1.7192033976124686e-16,9.2313943900011e-05,0.6004315211610414,0.6004315211579038,0.0
2010-01-20,0.00024169706571698662,0.0,4.281698219821773e-17,0.0002416970657169438,0.6004684034984155,0.60046840349529,0.0
2010-01-21,0.00040361839371693136,0.0,4.264451448818677e-17,0.0004036183937168887,0.6005649457789537,0.6005649457758405,0.0
2010-01-22,-0.0005192512923495312,0.0,4.2868901474818574e-17,-0.000519251292349574,0.6007261000691145,0.600726100065985,0.0
2010-01-25,-0.00015389171338755646,0.0,1.2917895203073635e-16,-0.00015389171338768564,0.600518668871669,0.6005186688685255,0.0
2010-01-26,-0.00018009653834420039,2.0767389501212157e-07,1.5023765253562681e-16,-0.00018030421223936275,0.6000000000009547,0.5999999999899873,0.0010371579419476001
2010-01-27,-0.0009629361443354842,0.0,1.4925978681163267e-16,-0.0009629361443356335,0.5999280730211434,0.5999280730102476,0.0
2010-01-28,-0.00032794494455510583,0.0,1.4926116037743313e-16,-0.00032794494455525507,0.5995424579796501,0.599542457968754,0.0
2010-01-29,0.0009545626014918295,0.0,1.4813601633204179e-16,0.0009545626014916814,0.5994110868706588,0.599411086859845,0.0
2010-02-01,-0.00045292470218415154,0.0,4.406241302773408e-16,-0.00045292470218459216,0.5997931094012021,0.59979310939048,0.0
2010-02-02,0.0002706372941955411,0.0,1.4873746140038907e-16,0.00027063729419539234,0.5996117636786396,0.5996117636677817,0.0
2010-02-03,-0.0006404280178956053,0.0,1.5028763534335687e-16,-0.0006404280178957556,0.5997200943493419,0.5997200943383708,0.0
2010-02-04,-0.00028065463598531983,0.0,1.493131080103662e-16,-0.0002806546359854691,0.5994635796034544,0.5994635795925543,0.0
2010-02-05,-0.0006396836693313199,0.0,1.4601151817644051e-16,-0.000639683669331466,0.599351135642026,0.5993511356313672,0.0
2010-02-08,0.0002723649956015746,0.0,4.382678859384164e-16,0.0002723649956011363,0.599094683057829,0.5990946830471644,0.0
2010-02-09,-0.0008350289747613559,6.831733093083712e-07,2.675253523562313e-16,-0.0008357121480709317,0.6000000000110246,0.5999999999914951,0.003398459114438382
2010-02-10,-0.0007772096727821514,0.0,2.7083155592902366e-16,-0.0007772096727824223,0.5996661192971713,0.5996661192774004,0.0
2010-02-11,0.0007440575759867154,0.0,2.705015464613644e-16,0.0007440575759864449,0.5993547339209809,0.5993547339012343,0.0
2010-02-12,3.700473613844076e-05,0.0,2.730262602712705e-16,3.700473613816773e-05,0.5996526154256991,0.5996526154057684,0.0
2010-02-16,0.0008675552237955525,0.0,1.0898836780774529e-15,0.0008675552237944627,0.5996674296267938,0.5996674296069034,0.0
2010-02-17,-0.000157548145764138,0.0,2.7655684415153713e-16,-0.00015754814576441454,0.6000144391898339,0.6000144391696451,0.0
2010-02-18,-0.0005288909783677277,0.0,2.766899852453883e-16,-0.0005288909783680044,0.5999514122766291,0.5999514122564309,0.0
2010-02-19,0.0004978688785820876,0.0,2.7808514646213696e-16,0.0004978688785818095,0.5997397182246906,0.5997397182043904,0.0
2010-02-22,-0.000147456848649475,0.0,8.33377619517228e-16,-0.00014745684865030839,0.599938896197794,0.599938896177515,0.0
2010-02-23,0.0005238231683514948,0.0,2.775282275716525e-16,0.0005238231683512173,0.5998798957481177,0.5998798957278583,0.0
2010-02-24,0.000643667257707171,5.054387548937719e-07,2.5100983218873027e-16,0.0006431618189520263,0.5998860257522561,0.5998860257339322,0.002517641094071807
2010-02-25,0.00037455454761508065,0.0,2.523430662170593e-16,0.0003745545476148283,0.6001437034941006,0.6001437034756794,0.0
2010-02-26,0.0017789132774357315,0.0,2.5177149043718565e-16,0.0017789132774354798,0.6002934154130346,0.6002934153946552,0.0
2010-03-01,0.0001069747444309376,0.0,7.572853024102909e-16,0.00010697474443018031,0.6010031961251829,0.6010031961067553,0.0
2010-03-02,0.0012445674325957381,0.0,2.5343563229973216e-16,0.0012445674325954846,0.6010458741409124,0.6010458741224112,0.0
2010-03-03,0.00011625711905299922,0.0,2.5425428853881884e-16,0.00011625711905274497,0.6015417822620419,0.6015417822434815,0.0
2010-03-04,0.0003331293109487807,0.0,2.5503379867627023e-16,0.00033312931094852565,0.6015881004817357,0.6015881004631182,0.0
2010-03-05,-0.00025591760183143797,0.0,2.5441289834494664e-16,-0.0002559176018316924,0.6017207789641656,0.6017207789455935,0.0
2010-03-08,0.00044460190356048374,0.0,7.704468313803941e-16,0.0004446019035597133,0.6016188262097251,0.6016188261909777,0.0
2010-03-09,0.0002408185586099414,0.0,2.562699889012868e-16,0.00024081855860968513,0.6017958685245537,0.601795868505846,0.0
2010-03-10,-8.142922773714321e-05,7.861638299772319e-07,2.0455614334855898e-16,-8.2215391567325e-05,0.5998366741843214,0.5998366741693888,0.003911406538791448
2010-03-11,8.140234934398965e-05,0.0,2.0474663415131241e-16,8.14023493437849e-05,0.599804558123207,0.5998045581082603,0.0
2010-03-12,0.0013037793905245252,0.0,2.0486902927245027e-16,0.0013037793905243203,0.5998371323207665,0.5998371323058109,0.0
2010-03-15,1.7183226073573048e-05,0.0,6.138144407740464e-16,1.7183226072959233e-05,0.6003581770930645,0.6003581770781282,0.0
2010-03-16,0.0010288640954978906,0.0,2.0390423139757963e-16,0.0010288640954976868,0.6003650441108079,0.6003650440959228,0.0
2010-03-17,0.0009906181015260564,0.0,2.0537944927490676e-16,0.000990618101525851,0.6007757915650433,0.6007757915500509,0.0
2010-03-18,-0.000824314786442485,0.0,2.0591317419116669e-16,-0.0008243147864426908,0.6011708789118632,0.6011708788968314,0.0
2010-03-19,4.360229809619304e-05,0.0,2.0499969863228535e-16,4.360229809598804e-05,0.6008418469440912,0.6008418469291262,0.0
2010-03-22,0.00015224481301345628,0.0,6.108820737190268e-16,0.0001522448130128454,0.6008592503979383,0.6008592503830735,0.0
2010-03-23,-9.204235159296046e-05,0.0,2.038061650860213e-16,-9.204235159316426e-05,0.6009200082566744,0.6009200082417964,0.0
2010-03-24,-0.0018969217796903563,4.6952869356483933e-07,9.677934755403712e-17,-0.0018973913083840178,0.5995995993536571,0.5995995993465925,0.002341237040440175
2010-03-25,-0.0009978420939434189,0.0,9.584569814076326e-17,-0.0009978420939435147,0.5988389093155428,0.5988389093085462,0.0
2010-03-26,0.0004380819495012596,0.0,9.526974422692785e-17,0.0004380819495011644,0.598438214062166,0.5984382140552114,0.0
2010-03-29,-0.00013665775323564006,0.0,2.868615242975404e-16,-0.0001366577532359269,0.5986140539999208,0.5986140539929407,0.0
2010-03-30,4.1149190789076386e-05,0.0,9.622772721117589e-17,4.114919078898016e-05,0.5985591940013596,0.598559193994335,0.0
2010-03-31,0.0006497710954448702,0.0,9.652772837164395e-17,0.0006497710954447737,0.5985757122859844,0.5985757122789378,0.0
2010-04-01,0.00028360679366317646,0.0,9.648128825944396e-17,0.00028360679366307997,0.5988363768128765,0.5988363768058335,0.0
2010-04-05,-0.0020658439011017353,0.0,3.895000635493128e-16,-0.0020658439011021247,0.5989501172842798,0.5989501172771715,0.0
2010-04-06,0.0006520521338893273,0.0,9.771701849155823e-17,0.0006520521338892296,0.5981198957218933,0.5981198957147599,0.0
2010-04-07,0.001469912349432178,0.0,9.733873756707444e-17,0.0014699123494320806,0.5983817717446132,0.5983817717375073,0.0
2010-04-08,-2.8393849945232157e-05,2.8189313930066133e-07,5.65208501805265e-17,-2.867574308458934e-05,0.5997373029110553,0.5997373029069293,0.001407169800207636
2010-04-09,0.00022575753632165683,0.0,5.638963369257074e-17,0.00022575753632160045,0.599726106652856,0.5997261066487395,0.0
2010-04-12,0.0009497368204291402,0.0,1.7012548330317364e-16,0.0009497368204289701,0.5998164511049553,0.5998164511008155,0.0
2010-04-13,0.0005410605805321609,0.0,5.675802418944789e-17,0.000541060580532104,0.600196159533203,0.6001961595290599,0.0
2010-04-14,0.00019694702695804587,0.0,5.694559576059412e-17,0.00019694702695798892,0.6004123606533376,0.6004123606491807,0.0
2010-04-15,0.001138787582686205,0.0,5.693248326642726e-17,0.001138787582686148,0.6004910427547101,0.6004910427505538,0.0
2010-04-16,0.0007808432322244118,0.0,5.672976126412402e-17,0.0007808432322243551,0.6009454810856545,0.6009454810815132,0.0
2010-04-19,-0.000888096297329343,0.0,1.702319421867714e-16,-0.0008880962973295132,0.6012568369858942,0.6012568369817519,0.0
2010-04-20,0.000754430676525497,0.0,5.662984277284084e-17,0.0007544306765254404,0.6009023998849471,0.6009023998808133,0.0
2010-04-21,0.0009606495840497554,0.0,5.670751912335245e-17,0.0009606495840496987,0.6012032643760089,0.6012032643718694,0.0
2010-04-22,-0.0008608770769832786,5.740524503435436e-07,9.62443475119101e-17,-0.0008614511294337185,0.5992862673858537,0.5992862673788276,0.002864514582273131
2010-04-23,-0.00026852844371671363,0.0,9.648846041041357e-17,-0.0002685284437168101,0.5989413490104516,0.5989413490034081,0.0
2010-04-26,0.0004042440135292458,0.0,2.9039420196210317e-16,0.0004042440135289554,0.5988336244279686,0.5988336244209024,0.0
2010-04-27,0.00010402241037411933,0.0,9.67728536037594e-17,0.00010402241037402255,0.5989957280043238,0.5989957279972592,0.0
2010-04-28,-0.000145495455824559,0.0,9.591181203216866e-17,-0.00014549545582465492,0.5990374370965245,0.5990374370895231,0.0
2010-04-29,0.0008821935502409749,0.0,9.595206459092334e-17,0.000882193550240879,0.5989790903764858,0.5989790903694812,0.0
2010-04-30,0.0012376937293168196,0.0,9.621759030047934e-17,0.0012376937293167233,0.5993325566108609,0.5993325566038369,0.0
2010-05-03,2.6739560344041067e-05,0.0,2.87438639644239e-16,2.673956034375363e-05,0.5998278471750386,0.5998278471680444,0.0
2010-05-04,-0.00026739357700023193,0.0,9.611601948145008e-17,-0.00026739357700032804,0.5998385473163725,0.5998385473093562,0.0
2010-05-05,-0.0009574353237194057,0.0,9.550902012783693e-17,-0.0009574353237195013,0.5997315180951895,0.5997315180882173,0.0
2010-05-06,-0.005383365070370377,8.195035968723141e-07,2.6841090521407066e-17,-0.005384184573967277,0.5992751589067985,0.599275158904839,0.0040830403696725664
2010-05-07,0.001233303524861941,0.0,2.719567383304982e-17,0.001233303524861914,0.5971067266631551,0.5971067266611699,0.0
2010-05-10,0.0037086045943530615,0.0,8.107474663729922e-17,0.0037086045943529804,0.5976030042963403,0.5976030042943673,0.0
2010-05-11,0.0004287259210022377,0.0,2.67020058140348e-17,0.000428725921002211,0.5990898216257656,0.5990898216238163,0.0
2010-05-12,0.00043146221894800385,0.0,2.6611715240371562e-17,0.00043146221894797723,0.5992616285531392,0.5992616285511966,0.0
2010-05-13,0.0008554259594489501,0.0,2.6452179839083862e-17,0.0008554259594489237,0.5994344574509507,0.5994344574490196,0.0
2010-05-14,-0.0001601191724299204,0.0,2.639772645186408e-17,-0.0001601191724299468,0.5997768187497631,0.5997768187478362,0.0
2010-05-17,-0.00015963582445952093,0.0,7.949761263728298e-17,-0.00015963582445960043,0.5997127250825763,0.5997127250806417,0.0
2010-05-18,0.000939657814955648,0.0,2.6408601534067505e-17,0.0009396578149556215,0.5996488146910293,0.5996488146891014,0.0
2010-05-19,-0.0011214761473878096,0.0,2.6490891753276405e-17,-0.001121476147387836,0.6000246546500846,0.6000246546481509,0.0
2010-05-20,-0.0019309434249541286,1.5251116109097042e-07,2.6687623172923234e-17,-0.0019310959361152462,0.5988136152804421,0.5988136152784939,0.0007619729430155681
2010-05-21,0.0005909049495787816,0.0,2.707148038025126e-17,0.0005909049495787544,0.5980375397181064,0.5980375397161302,0.0
2010-05-24,0.00046947278570319377,0.0,8.146345180272909e-17,0.0004694727857031123,0.5982749210556316,0.5982749210536494,0.0
2010-05-25,-0.0013613656751908097,0.0,2.6972892679220092e-17,-0.0013613656751908366,0.5984634315469727,0.5984634315450038,0.0
2010-05-26,0.0006328144202771213,0.0,2.7038888326449444e-17,0.0006328144202770943,0.5979160482565263,0.5979160482545524,0.0
2010-05-27,-0.0005473249098350143,0.0,2.6914314394172887e-17,-0.0005473249098350411,0.5981703318650093,0.5981703318630448,0.0
2010-05-28,0.0009508311887144172,0.0,2.6761580397122975e-17,0.0009508311887143904,0.5979502800382699,0.5979502800363163,0.0
2010-06-01,-0.00014720747084105208,0.0,1.0674700164690255e-16,-0.00014720747084115882,0.5983321983116141,0.5983321983096659,0.0
2010-06-02,-0.00022390160178620118,0.0,2.6809832184441553e-17,-0.00022390160178622798,0.5982730611049794,0.5982730611030221,0.0
2010-06-03,0.0004734005944297649,0.0,2.6684667408054272e-17,0.00047340059442973825,0.5981830936560145,0.5981830936540665,0.0
2010-06-04,0.0009001032713811999,9.018705890279279e-08,2.6516417641049012e-17,0.0009000130843222706,0.5979227649178704,0.5979227649159347,0.00045045909262508843
2010-06-07,9.502368063918846e-05,0.0,8.005360726780667e-17,9.50236806391084e-05,0.5982844043971622,0.5982844043952144,0.0
2010-06-08,-0.00036508843378854205,0.0,2.6746463831687535e-17,-0.00036508843378856877,0.5983225732646851,0.5983225732627324,0.0
2010-06-09,0.00044012571259389587,0.0,2.6716815275641272e-17,0.00044012571259386914,0.5981758719231042,0.598175871921154,0.0
2010-06-10,-0.001085047607818687,0.0,2.673234375216942e-17,-0.0010850476078187138,0.5983526472504466,0.5983526472484951,0.0
2010-06-11,0.0014261230531619471,0.0,2.6649978838347032e-17,0.0014261230531619205,0.5979163673667065,0.5979163673647612,0.0
2010-06-14,-7.60046106259106e-05,0.0,8.023559322728441e-17,-7.600461062599084e-05,0.5984889715005582,0.5984889714986059,0.0
2010-06-15,-0.00011675751993553055,0.0,2.6821065623918345e-17,-0.00011675751993555737,0.5984584524915952,0.5984584524896372,0.0
2010-06-16,0.0007226428058823104,0.0,2.687171938648658e-17,0.0007226428058822836,0.598411564021779,0.5984115640198174,0.0
2010-06-17,0.001545078735964963,0.0,2.689945145589926e-17,0.0015450787359649362,0.5987015594528557,0.5987015594508921,0.0
2010-06-18,0.00023649624489545257,4.3327384565077206e-07,2.973639835724724e-17,0.00023606297104977208,0.5989399704435954,0.5989399704414247,0.0021594759042184025
2010-06-21,0.0005550520799230692,0.0,8.902529218615048e-17,0.0005550520799229802,0.5990350566932409,0.5990350566910746,0.0
2010-06-22,0.0005148981929662457,0.0,2.95587218455735e-17,0.0005148981929662161,0.599257489657113,0.5992574896549552,0.0
2010-06-23,0.0006179690606411569,0.0,2.9574416774255836e-17,0.0006179690606411273,0.5994637250612987,0.5994637250591399,0.0
2010-06-24,-0.0009749567131680313,0.0,2.9625716816397823e-17,-0.0009749567131680609,0.5997110912222464,0.5997110912200837,0.0
2010-06-25,0.0006031358302090908,0.0,2.964830573706594e-17,0.0006031358302090612,0.5993204460012457,0.5993204459990813,0.0
2010-06-28,0.0011772854790582006,0.0,8.920742522982302e-17,0.0011772854790581115,0.5995619645282251,0.5995619645260541,0.0
2010-06-29,5.7895425714130296e-05,0.0,2.964258255593137e-17,5.789542571410066e-05,0.600032840057721,0.600032840055557,0.0
2010-06-30,0.000613206497673507,0.0,2.9517532462608145e-17,0.0006132064976734776,0.6000559949861439,0.6000559949839893,0.0
2010-07-01,-0.0006087190531800552,0.0,2.958807214157462e-17,-0.0006087190531800848,0.6003010929530648,0.600301092950905,0.0
2010-07-02,-0.0002618535751060997,3.753079932443024e-07,1.8185704049385002e-17,-0.0002622288830993622,0.5983034029465387,0.5983034029452112,0.0018719722759579366
2010-07-06,0.0005819455622987119,0.0,7.266817966253602e-17,0.0005819455622986392,0.5981984142734776,0.5981984142721514,0.0
2010-07-07,0.00023828957383776358,0.0,1.8162663574151678e-17,0.00023828957383774542,0.5984321049279768,0.598432104926651,0.0
2010-07-08,0.0004213748254255198,0.0,1.821354349748958e-17,0.00042137482542550157,0.5985277715742002,0.5985277715728707,0.0
2010-07-09,0.00014765520831753294,0.0,1.8208159029836542e-17,0.00014765520831751472,0.5986968706102896,0.5986968706089605,0.0
2010-07-12,-0.00022258736777724171,0.0,5.442828283618972e-17,-0.00022258736777729614,0.5987561163595101,0.5987561163581857,0.0
2010-07-13,0.0008060361088557421,0.0,1.8109346603789606e-17,0.000806036108855724,0.5986667846555023,0.5986667846541802,0.0
2010-07-14,0.001139085758611308,0.0,1.8178836185126585e-17,0.0011390857586112899,0.5989900131848931,0.5989900131835662,0.0
2010-07-15,0.0004173396648905763,0.0,1.8236828622550815e-17,0.0004173396648905581,0.5994462782249316,0.5994462782236004,0.0
2010-07-16,0.0003979879371113644,0.0,1.8453863781869713e-17,0.00039798793711134597,0.5996133754446668,0.5996133754433194,0.0
2010-07-19,-0.0003720676272777051,5.880619555249276e-07,1.2021287798354046e-17,-0.0003726556892332421,0.5973249153748162,0.5973249153745238,0.0029180549095356445
2010-07-20,0.0005687694963674558,0.0,4.0135678853219345e-18,0.0005687694963674518,0.5971753885535536,0.5971753885532605,0.0
2010-07-21,0.0015796092636477293,0.0,3.99604803029038e-18,0.0015796092636477254,0.597404372665751,0.5974043726654592,0.0
2010-07-22,0.00037461654180687593,0.0,3.951863458624971e-18,0.00037461654180687197,0.598039313489782,0.5980393134894936,0.0
2010-07-23,4.072552512799038e-06,0.0,3.986078278124181e-18,4.072552512795052e-06,0.5981898382230524,0.5981898382227615,0.0
2010-07-26,0.00012725018614179073,0.0,1.1986121981087021e-17,0.00012725018614177875,0.5981914746093728,0.5981914746090811,0.0
2010-07-27,0.00039045787234450943,0.0,4.019383291386e-18,0.0003904578723445054,0.5982425983135231,0.5982425983132298,0.0
2010-07-28,0.0010759343565779353,0.0,4.019986568033992e-18,0.0010759343565779312,0.598399406426822,0.5983994064265284,0.0
2010-07-29,-7.459712748158868e-05,0.0,4.01132726576579e-18,-7.45971274815927e-05,0.5988310378959422,0.5988310378956493,0.0
2010-07-30,0.0007257168724139673,0.0,4.0385911011737114e-18,0.0007257168724139633,0.5988011096111724,0.5988011096108775,0.0
2010-08-02,0.000508727042148334,5.49117682276912e-07,1.1501273142281532e-17,0.0005081779244660457,0.5970512377870201,0.5970512377867403,0.002728971549881859
2010-08-03,0.0014732131749054511,0.0,3.87252480087483e-18,0.0014732131749054472,0.5972564522848754,0.5972564522845928,0.0
2010-08-04,-0.0003620860011583549,0.0,3.8847978805196016e-18,-0.0003620860011583588,0.5978489065740146,0.597848906573731,0.0
2010-08-05,0.0008125598232480718,0.0,3.865871271971226e-18,0.0008125598232480679,0.5977032405491047,0.5977032405488225,0.0
2010-08-06,0.0013049829870878803,0.0,3.870976046847277e-18,0.0013049829870878764,0.5980298653306831,0.5980298653304005,0.0
2010-08-09,0.0006187097438870169,0.0,1.1685139288012764e-17,0.0006187097438870052,0.5985537458625649,0.5985537458622805,0.0
2010-08-10,0.0007903412090084997,0.0,3.874415112599196e-18,0.0007903412090084958,0.5988019709923388,0.5988019709920559,0.0
2010-08-11,9.476480219206628e-05,0.0,3.858435396945875e-18,9.476480219206241e-05,0.5991188039215153,0.5991188039212335,0.0
2010-08-12,-0.0009133224372428427,0.0,3.7705677266059306e-18,-0.0009133224372428465,0.5991567897490384,0.5991567897487631,0.0
2010-08-13,0.0008007991167177191,0.0,3.756673245560881e-18,0.0008007991167177153,0.5987903559791146,0.5987903559788403,0.0
2010-08-16,0.0017044522162472549,5.903103812230347e-07,3.485081362333706e-18,0.0017038619058660283,0.5970342050651171,0.5970342050650322,0.002931645255776952
2010-08-17,0.00022467548132869318,0.0,1.1657406739666453e-18,0.00022467548132869202,0.5977202245603708,0.5977202245602857,0.0
2010-08-18,0.0005737981059464425,0.0,1.1709533680273663e-18,0.0005737981059464413,0.5978105866603984,0.597810586660313,0.0
2010-08-19,0.0006443952086295325,0.0,1.1684577408654988e-18,0.0006443952086295313,0.5980412298413839,0.5980412298412986,0.0
2010-08-20,0.000510440352081824,0.0,1.1641513793176992e-18,0.0005104403520818228,0.5983000833429841,0.5983000833428991,0.0
2010-08-23,0.000324901260231073,0.0,3.4606153580749534e-18,0.00032490126023106955,0.5985050225806166,0.5985050225805324,0.0
2010-08-24,0.0005890493122475424,0.0,1.1490669216509272e-18,0.0005890493122475412,0.5986354264363792,0.5986354264362953,0.0
2010-08-25,8.835444083185512e-05,0.0,1.1491181932824124e-18,8.835444083185397e-05,0.5988717107792678,0.5988717107791839,0.0
2010-08-26,8.620365059690423e-05,0.0,1.147106017514792e-18,8.620365059690308e-05,0.5989071491138293,0.5989071491137455,0.0
2010-08-27,-0.0018797223301654613,0.0,1.1541036570596202e-18,-0.0018797223301654624,0.5989417218015126,0.5989417218014285,0.0
2010-08-30,0.001092808528397219,4.1979564208248783e-07,0.0,0.0010923887327551364,0.5966623402206316,0.5966623402206316,0.0020956607651713977
2010-08-31,0.0006122215515844742,0.0,0.0,0.0006122215515844742,0.5971028802903039,0.5971028802903039,0.0
2010-09-01,-0.0007128392260993932,0.0,0.0,-0.0007128392260993932,0.597349391670482,0.597349391670482,0.0
2010-09-02,-0.000254126374181408,0.0,0.0,-0.000254126374181408,0.5970621617737145,0.5970621617737145,0.0
2010-09-03,-0.001080024563368018,0.0,0.0,-0.001080024563368018,0.5969597386134392,0.5969597386134392,0.0
2010-09-07,0.0010141223477186504,0.0,0.0,0.0010141223477186504,0.5965239745952718,0.5965239745952718,0.0
2010-09-08,-0.0014857829510886353,0.0,0.0,-0.0014857829510886353,0.5969327341172375,0.5969327341172375,0.0
2010-09-09,-0.0007601511655663772,0.0,0.0,-0.0007601511655663772,0.5963329725299057,0.5963329725299057,0.0
2010-09-10,-4.692595627968489e-05,0.0,0.0,-4.692595627968489e-05,0.5960258911401973,0.5960258911401973,0.0
2010-09-13,0.0012269166580090509,0.0,0.0,0.0012269166580090509,0.5960069333792158,0.5960069333792158,0.0
2010-09-14,0.00032905133502152513,2.219103497564529e-07,0.0,0.00032882942467176866,0.5968157581603347,0.5968157581603347,0.0011074042243288257
2010-09-15,6.160920189210351e-05,0.0,0.0,6.160920189210351e-05,0.5969485152585253,0.5969485152585253,0.0
2010-09-16,-0.0005666527002808585,0.0,0.0,-0.0005666527002808585,0.596973345409056,0.596973345409056,0.0
2010-09-17,-4.226116357188171e-05,0.0,0.0,-4.226116357188171e-05,0.596744839783617,0.596744839783617,0.0
2010-09-20,0.000508433587248274,0.0,0.0,0.000508433587248274,0.5967277970310835,0.5967277970310835,0.0
2010-09-21,0.0022819961301343353,0.0,0.0,0.0022819961301343353,0.5969327299690874,0.5969327299690874,0.0
2010-09-22,0.0006146605700897837,0.0,0.0,0.0006146605700897837,0.5978504337230669,0.5978504337230669,0.0
2010-09-23,0.00019280292168042708,0.0,0.0,0.00019280292168042708,0.598097467362898,0.598097467362898,0.0
2010-09-24,-0.0007462333932878852,0.0,0.0,-0.0007462333932878852,0.5981749404083917,0.5981749404083917,0.0
2010-09-27,0.001480555429787099,0.0,0.0,0.001480555429787099,0.5978748612015398,0.5978748612015398,0.0
2010-09-28,0.001087866837344759,4.0331246949649745e-07,0.0,0.0010874635248752625,0.5968211619307322,0.5968211619307322,0.002009956559984427
2010-09-29,-0.0004994732243399663,0.0,0.0,-0.0004994732243399663,0.5972595308134332,0.5972595308134332,0.0
2010-09-30,0.0003602014645482924,0.0,0.0,0.0003602014645482924,0.5970582722094325,0.5970582722094325,0.0
2010-10-01,-0.00015658183601152548,0.0,0.0,-0.00015658183601152548,0.5972033601490218,0.5972033601490218,0.0
2010-10-04,4.7194651288007895e-05,0.0,0.0,4.7194651288007895e-05,0.597140279634352,0.597140279634352,0.0
2010-10-05,0.0015465979869877663,0.0,0.0,0.0015465979869877663,0.5971592915611115,0.5971592915611115,0.0
2010-10-06,0.001951699893109037,0.0,0.0,0.001951699893109037,0.5977813620968214,0.5977813620968214,0.0
2010-10-07,5.1497136538700104e-05,0.0,0.0,5.1497136538700104e-05,0.5985648430497312,0.5985648430497312,0.0
2010-10-08,0.0009806917206978208,0.0,0.0,0.0009806917206978208,0.5985855147462872,0.5985855147462872,0.0
2010-10-11,0.0006013295805719162,0.0,0.0,0.0006013295805719162,0.598978792923891,0.598978792923891,0.0
2010-10-12,-0.00047122096390705867,9.833507266093536e-07,0.0,-0.000472204314633668,0.5962376831242805,0.5962376831242805,0.004893554646702936
2010-10-13,0.0009500086048043441,0.0,0.0,0.0009500086048043441,0.5960479185592457,0.5960479185592457,0.0
2010-10-14,-0.0011547495130706969,0.0,0.0,-0.0011547495130706969,0.5964313122852043,0.5964313122852043,0.0
2010-10-15,-0.0013346566198710473,0.0,0.0,-0.0013346566198710473,0.5959647527802138,0.5959647527802138,0.0
2010-10-18,0.0004012824954432618,0.0,0.0,0.0004012824954432618,0.5954247837896628,0.5954247837896628,0.0
2010-10-19,2.3553861899662748e-05,0.0,0.0,2.3553861899662748e-05,0.5955870676203576,0.5955870676203576,0.0
2010-10-20,5.463647899190607e-05,0.0,0.0,5.463647899190607e-05,0.5955965928823608,0.5955965928823608,0.0
2010-10-21,-0.00019059738771434298,0.0,0.0,-0.00019059738771434298,0.5956186868534812,0.5956186868534812,0.0
2010-10-22,0.00038550209750365567,0.0,0.0,0.00038550209750365567,0.5955415981386473,0.5955415981386473,0.0
2010-10-25,0.001249135377987745,0.0,0.0,0.001249135377987745,0.5956974576167621,0.5956974576167621,0.0
2010-10-26,-0.0013540116921555167,1.934314097576256e-07,0.0,-0.0013542051235652744,0.5957060392082378,0.5957060392082378,0.0009657647603207586
2010-10-27,-0.0018043232068937845,0.0,0.0,-0.0018043232068937845,0.5951579935202382,0.5951579935202382,0.0
2010-10-28,0.0008703947165411781,0.0,0.0,0.0008703947165411781,0.5944262073139872,0.5944262073139872,0.0
2010-10-29,0.0009644159754053175,0.0,0.0,0.0009644159754053175,0.5947789096100934,0.5947789096100934,0.0
2010-11-01,0.00019925195596758234,0.0,0.0,0.00019925195596758234,0.5951693347709742,0.5951693347709742,0.0
2010-11-02,0.0009456810675621169,0.0,0.0,0.0009456810675621169,0.5952499820037381,0.5952499820037381,0.0
2010-11-03,0.0001055525980886691,0.0,0.0,0.0001055525980886691,0.5956323848017662,0.5956323848017662,0.0
2010-11-04,0.0017304485271613626,0.0,0.0,0.0017304485271613626,0.5956750623494074,0.5956750623494074,0.0
2010-11-05,-0.0011868034461729234,0.0,0.0,-0.0011868034461729234,0.5963735172020882,0.5963735172020882,0.0
2010-11-08,-0.0004721863097490442,0.0,0.0,-0.0004721863097490442,0.5958939227169493,0.5958939227169493,0.0
2010-11-09,-0.003482535657388786,1.0408190792854047e-06,0.0,-0.003483576476468071,0.6000000000067959,0.6000000000067959,0.005176797260729504
2010-11-10,-0.0006283749926427583,0.0,0.0,-0.0006283749926427583,0.5986027427829149,0.5986027427829149,0.0
2010-11-11,-0.0019902197889780974,0.0,0.0,-0.0019902197889780974,0.5983503561909416,0.5983503561909416,0.0
2010-11-12,-0.0019838843809525785,0.0,0.0,-0.0019838843809525785,0.597549391024873,0.597549391024873,0.0
2010-11-15,-0.0051052678130778135,0.0,0.0,-0.0051052678130778135,0.5967493884349795,0.5967493884349795,0.0
2010-11-16,-0.0005517625649860989,0.0,0.0,-0.0005517625649860989,0.5946801219073525,0.5946801219073525,0.0
2010-11-17,0.0009000536380404984,0.0,0.0,0.0009000536380404984,0.5944563581072881,0.5944563581072881,0.0
2010-11-18,0.001067186106161036,0.0,0.0,0.001067186106161036,0.5948210409034802,0.5948210409034802,0.0
2010-11-19,0.0007860108734839029,0.0,0.0,0.0007860108734839029,0.5952529812983487,0.5952529812983487,0.0
2010-11-22,0.0018322427139190651,0.0,0.0,0.0018322427139190651,0.5955708669944447,0.5955708669944447,0.0
2010-11-23,-0.0007557223972948264,1.0584204686966438e-06,0.0,-0.000756780817763523,0.599999999985904,0.599999999985904,0.005271686981696819
2010-11-24,-0.002233647211373046,0.0,0.0,-0.002233647211373046,0.5996981176204733,0.5996981176204733,0.0
2010-11-26,0.0006373168686316383,0.0,0.0,0.0006373168686316383,0.5988019827881195,0.5988019827881195,0.0
2010-11-29,-0.0005011466108295414,0.0,0.0,-0.0005011466108295414,0.5990575102002201,0.5990575102002201,0.0
2010-11-30,-0.00021856077512643097,0.0,0.0,-0.00021856077512643097,0.5988564784839563,0.5988564784839563,0.0
2010-12-01,-0.001081673838723407,0.0,0.0,-0.001081673838723407,0.598768785078618,0.598768785078618,0.0
2010-12-02,0.00037351008041749376,0.0,0.0,0.00037351008041749376,0.5983343138139577,0.5983343138139577,0.0
2010-12-03,0.0005595847811012526,0.0,0.0,0.0005595847811012526,0.5984842839813369,0.5984842839813369,0.0
2010-12-06,0.0013863083848314516,0.0,0.0,0.0013863083848314516,0.5987088404070354,0.5987088404070354,0.0
2010-12-07,-0.003910103582185833,0.0,0.0,-0.003910103582185833,0.5992643835522176,0.5992643835522176,0.0
2010-12-08,-0.0035191153632457076,6.442847270947446e-07,0.0,-0.0035197596479728025,0.6000000000023755,0.6000000000023755,0.003209992075774185
2010-12-09,0.0006323149457506932,0.0,0.0,0.0006323149457506932,0.5985877697167489,0.5985877697167489,0.0
2010-12-10,-0.0015156173261261755,0.0,0.0,-0.0015156173261261755,0.5988414282772652,0.5988414282772652,0.0
2010-12-13,0.0003381317865573409,0.0,0.0,0.0003381317865573409,0.5982325024969751,0.5982325024969751,0.0
2010-12-14,-0.003198128750908405,0.0,0.0,-0.003198128750908405,0.5983683069388879,0.5983683069388879,0.0
2010-12-15,-0.000688539598597069,0.0,0.0,-0.000688539598597069,0.5970797159942851,0.5970797159942851,0.0
2010-12-16,0.0011583322977722671,0.0,0.0,0.0011583322977722671,0.5968020982728747,0.5968020982728747,0.0
2010-12-17,0.003131697318855748,0.0,0.0,0.003131697318855748,0.5972685950665362,0.5972685950665362,0.0
2010-12-20,-0.0005815796602224538,0.0,0.0,-0.0005815796602224538,0.5985258904589759,0.5985258904589759,0.0
2010-12-21,0.0010426798065564027,0.0,0.0,0.0010426798065564027,0.598292265411185,0.598292265411185,0.0
2010-12-22,0.00020890893617715256,4.065675456371123e-08,0.0,0.00020886827942258885,0.5985074293315098,0.5985074293315098,0.00020325234847429208
2010-12-23,-0.0004935936134411008,0.0,0.0,-0.0004935936134411008,0.5985913115303703,0.5985913115303703,0.0
2010-12-27,0.0007410037178086076,0.0,0.0,0.0007410037178086076,0.5983930809199989,0.5983930809199989,0.0
2010-12-28,-0.0020331644528212693,0.0,0.0,-0.0020331644528212693,0.5986904527864759,0.5986904527864759,0.0
2010-12-29,0.0014838760611459096,0.0,0.0,0.0014838760611459096,0.5978728621843546,0.5978728621843546,0.0
2010-12-30,0.00028811156605819204,0.0,0.0,0.00028811156605819204,0.5984686848906456,0.5984686848906456,0.0
2010-12-31,0.0015215070345454649,0.0,0.0,0.0015215070345454649,0.5985843373858419,0.5985843373858419,0.0
2011-01-03,0.0007714097601465268,0.0,0.0,0.0007714097601465268,0.5991941662813315,0.5991941662813315,0.0
2011-01-04,0.0012870670538520125,0.0,0.0,0.0012870670538520125,0.5995031134884947,0.5995031134884947,0.0
2011-01-05,-0.002258451923673179,0.0,0.0,-0.002258451923673179,0.6000179172493341,0.6000179172493341,0.0
2011-01-06,-0.0004910771904017137,5.67790924536493e-08,0.0,-0.0004911339694941674,0.5993963657754022,0.5993963657754022,0.0002838336007549014
2011-01-07,0.0011832347695099924,0.0,0.0,0.0011832347695099924,0.5991995758512074,0.5991995758512074,0.0
2011-01-10,0.0001209795691322271,0.0,0.0,0.0001209795691322271,0.5996732563734312,0.5996732563734312,0.0
2011-01-11,0.00021975429633031357,0.0,0.0,0.00021975429633031357,0.5997216818718913,0.5997216818718913,0.0
2011-01-12,-0.0002118973609502688,0.0,0.0,-0.0002118973609502688,0.5998096254260541,0.5998096254260541,0.0
2011-01-13,-0.00014279486100220892,0.0,0.0,-0.00014279486100220892,0.5997248081692511,0.5997248081692511,0.0
2011-01-14,-0.0017744653420788989,0.0,0.0,-0.0017744653420788989,0.5996676427659453,0.5996676427659453,0.0
2011-01-18,0.0008338572218163613,0.0,0.0,0.0008338572218163613,0.5989560040945622,0.5989560040945622,0.0
2011-01-19,-0.0001577492088571815,0.0,0.0,-0.0001577492088571815,0.5992901389060885,0.5992901389060885,0.0
2011-01-20,-0.001876613801390938,0.0,0.0,-0.001876613801390938,0.5992269172693565,0.5992269172693565,0.0
2011-01-21,0.0011000400766348014,8.436971002241367e-08,0.0,0.001099955706924779,0.598051672120148,0.598051672120148,0.0004217348030149948
2011-01-24,0.0007390925195539582,0.0,0.0,0.0007390925195539582,0.5984933959703287,0.5984933959703287,0.0
2011-01-25,0.0008017361683091204,0.0,0.0,0.0008017361683091204,0.5987899273338059,0.5987899273338059,0.0
2011-01-26,-4.087194125008326e-05,0.0,0.0,-4.087194125008326e-05,0.5991113342765815,0.5991113342765815,0.0
2011-01-27,-0.000262265602976199,0.0,0.0,-0.000262265602976199,0.5990949485088701,0.5990949485088701,0.0
2011-01-28,-7.094096720631835e-05,0.0,0.0,-7.094096720631835e-05,0.5989897773210195,0.5989897773210195,0.0
2011-01-31,-0.00060535100137632,0.0,0.0,-0.00060535100137632,0.5989613272496874,0.5989613272496874,0.0
2011-02-01,0.0006186581704206676,0.0,0.0,0.0006186581704206676,0.5987184110379755,0.5987184110379755,0.0
2011-02-02,-0.0006770823887261824,0.0,0.0,-0.0006770823887261824,0.5989665136808989,0.5989665136808989,0.0
2011-02-03,-0.001222445932570045,0.0,0.0,-0.001222445932570045,0.5986947969954406,0.5986947969954406,0.0
2011-02-04,-0.0016965375551764418,0.0,0.0,-0.0016965375551764418,0.5982036226482255,0.5982036226482255,0.0
2011-02-07,-0.0002439205776075086,0.0,0.0,-0.0002439205776075086,0.5975208015729165,0.5975208015729165,0.0
2011-02-08,-0.0007129936735626985,0.0,0.0,-0.0007129936735626985,0.597422604662114,0.597422604662114,0.0
2011-02-09,0.0007486156976147706,0.0,0.0,0.0007486156976147706,0.5971353647258613,0.5971353647258613,0.0
2011-02-10,-0.0009897396725904956,0.0,0.0,-0.0009897396725904956,0.5974367299091345,0.5974367299091345,0.0
2011-02-11,0.002761153880415199,0.0,0.0,0.002761153880415199,0.5970379023345247,0.5970379023345247,0.0
2011-02-14,-0.0011035176940268616,0.0,0.0,-0.0011035176940268616,0.5981474789822875,0.5981474789822875,0.0
2011-02-15,0.00022220823918013847,0.0,0.0,0.00022220823918013847,0.5977035377179148,0.5977035377179148,0.0
2011-02-16,-0.00026505190422622735,0.0,0.0,-0.00026505190422622735,0.5977929114468481,0.5977929114468481,0.0
2011-02-17,0.0018663595324564242,0.0,0.0,0.0018663595324564242,0.597686277428584,0.597686277428584,0.0
2011-02-18,0.0011559149155594111,3.137236355568591e-07,0.0,0.0011556011919238542,0.5999999999991723,0.5999999999991723,0.0015642592889462126
2011-02-22,-4.206675669858829e-06,0.0,0.0,-4.206675669858829e-06,0.6004620202883815,0.6004620202883815,0.0
2011-02-23,0.0004180112714182452,0.0,0.0,0.0004180112714182452,0.6004603395546128,0.6004603395546128,0.0
2011-02-24,0.001122122871597335,0.0,0.0,0.001122122871597335,0.6006272818522954,0.6006272818522954,0.0
2011-02-25,0.001537826581805929,0.0,0.0,0.001537826581805929,0.6010749248032273,0.6010749248032273,0.0
2011-02-28,0.0004305290444268858,0.0,0.0,0.0004305290444268858,0.6016874604144687,0.6016874604144687,0.0
2011-03-01,0.0004708471740249477,0.0,0.0,0.0004708471740249477,0.6018588717339681,0.6018588717339681,0.0
2011-03-02,-0.0009510732245214983,0.0,0.0,-0.0009510732245214983,0.6020462471338976,0.6020462471338976,0.0
2011-03-03,-0.0007569955776187005,0.0,0.0,-0.0007569955776187005,0.6016674036670715,0.6016674036670715,0.0
2011-03-04,0.0014254447187633898,0.0,0.0,0.0014254447187633898,0.6013656392188731,0.6013656392188731,0.0
2011-03-07,-0.0007974513792755801,3.8931168572564043e-07,5.024685887377984e-19,-0.0007978406909613064,0.5999999999939696,0.5999999999939574,0.0019330616399240563
2011-03-08,0.0004856942288669339,0.0,1.6777603616531154e-19,0.00048569422886693376,0.599680998516907,0.5996809985168948,0.0
2011-03-09,0.0009137703481705379,0.0,1.684582061519794e-19,0.0009137703481705377,0.5998753367566718,0.5998753367566596,0.0
2011-03-10,0.0010218981516602035,0.0,1.6799928443227513e-19,0.0010218981516602033,0.6002406250199317,0.6002406250199195,0.0
2011-03-11,-0.0002841379398926723,0.0,1.6912344782758937e-19,-0.0002841379398926725,0.6006487213534439,0.6006487213534315,0.0
2011-03-14,-8.02421590245972e-05,0.0,5.038551621002354e-19,-8.02421590245977e-05,0.6005352182532988,0.6005352182532866,0.0
2011-03-15,-2.5999162794181428e-05,0.0,1.67126498175734e-19,-2.5999162794181594e-05,0.600503161764475,0.6005031617644628,0.0
2011-03-16,0.0013242057994636125,0.0,1.6728335579503898e-19,0.0013242057994636122,0.6004927749110925,0.6004927749110803,0.0
2011-03-17,0.0005567421966771142,0.0,1.675951054822973e-19,0.000556742196677114,0.6010211050776124,0.6010211050776002,0.0
2011-03-18,1.8312194886952706e-05,0.0,1.6605592112448294e-19,1.831219488695254e-05,0.6012431098645666,0.6012431098645544,0.0
2011-03-21,-0.0003699267609182058,2.511705405812625e-07,2.9968551068698905e-19,-0.0003701779314587874,0.6000000000014507,0.6000000000014434,0.001250411846125593
2011-03-22,-0.0004901543897711353,0.0,9.961009095452509e-20,-0.0004901543897711354,0.5998521252594422,0.5998521252594349,0.0
2011-03-23,4.384534929547446e-05,0.0,9.970496155388608e-20,4.384534929547436e-05,0.5996558948388786,0.5996558948388713,0.0
2011-03-24,-0.0003672681034069634,0.0,1.0025294952975361e-19,-0.0003672681034069635,0.5996734472964141,0.5996734472964068,0.0
2011-03-25,-0.0007787142157506604,0.0,1.0005956511327337e-19,-0.0007787142157506605,0.5995263661044287,0.5995263661044213,0.0
2011-03-28,0.00016223326007918482,0.0,3.024863307969604e-19,0.00016223326007918452,0.5992142685578848,0.5992142685578775,0.0
2011-03-29,-0.0009863037390449695,0.0,1.0072029054957371e-19,-0.0009863037390449695,0.5992792787868685,0.5992792787868612,0.0
2011-03-30,0.0006968289158435703,0.0,1.0077358672850585e-19,0.0006968289158435702,0.5988836562372231,0.5988836562372157,0.0
2011-03-31,-0.00035363689578404785,0.0,1.0061124515955044e-19,-0.00035363689578404796,0.5991629710695227,0.5991629710695153,0.0
2011-04-01,0.0014845885237239668,0.0,1.0046241429368007e-19,0.0014845885237239668,0.5990211701608634,0.5990211701608561,0.0
2011-04-04,0.0010727743587598257,7.698068264625834e-08,0.0,0.0010726973780771794,0.6000000000086753,0.6000000000086753,0.00038442372728875185
2011-04-05,-0.0004895971086171838,0.0,0.0,-0.0004895971086171838,0.6004286960794283,0.6004286960794283,0.0
2011-04-06,-0.0009673467252033953,0.0,0.0,-0.0009673467252033953,0.6002329712980554,0.6002329712980554,0.0
2011-04-07,0.00037281285218693005,0.0,0.0,0.00037281285218693005,0.5998458835239054,0.5998458835239054,0.0
2011-04-08,0.00020738821557773405,0.0,0.0,0.00020738821557773405,0.5999950105249207,0.5999950105249207,0.0
2011-04-11,-0.0003008934627797678,0.0,0.0,-0.0003008934627797678,0.6000779496453138,0.6000779496453138,0.0
2011-04-12,0.0010090013327344138,0.0,0.0,0.0010090013327344138,0.5999575794961496,0.5999575794961496,0.0
2011-04-13,0.000602284511226727,0.0,0.0,0.000602284511226727,0.6003608159654533,0.6003608159654533,0.0
2011-04-14,-0.00038927600960016293,0.0,0.0,-0.00038927600960016293,0.6006013675755677,0.6006013675755677,0.0
2011-04-15,0.0021441586332021554,0.0,0.0,0.0021441586332021554,0.6004458307229322,0.6004458307229322,0.0
2011-04-18,0.0001239495898592303,1.7831536983442726e-06,2.0025058540389857e-19,0.00012216643616088583,0.6000000000007448,0.6000000000007399,0.008874579864845633
2011-04-19,0.0006788397936164072,0.0,6.736404712931454e-20,0.0006788397936164071,0.6000506435419665,0.6000506435419616,0.0
2011-04-20,6.411030230047088e-05,0.0,6.691432681648897e-20,6.411030230047081e-05,0.6003219608995426,0.6003219608995377,0.0
2011-04-21,0.0002075817715237838,0.0,6.62574151090707e-20,0.00020758177152378375,0.6003475827368284,0.6003475827368235,0.0
2011-04-25,0.0003270725889223982,0.0,2.6398033036502904e-19,0.0003270725889223979,0.6004305260760723,0.6004305260760674,0.0
2011-04-26,0.001305278712946254,0.0,6.588032661880018e-20,0.001305278712946254,0.6005611715678039,0.600561171567799,0.0
2011-04-27,-3.675738117621776e-05,0.0,6.563935491741e-20,-3.675738117621783e-05,0.6010818709099136,0.6010818709099087,0.0
2011-04-28,0.001123688732684903,0.0,6.520744851770558e-20,0.001123688732684903,0.6010672071851842,0.6010672071851796,0.0
2011-04-29,0.001209102183389969,0.0,6.494833303489631e-20,0.001209102183389969,0.6015149803119516,0.601514980311947,0.0
2011-05-02,0.000413198265829271,0.0,1.9451688833333951e-19,0.0004131982658292708,0.6019962075663804,0.6019962075663757,0.0
2011-05-03,0.0003538297363611169,4.3283526237958365e-07,3.8247064743478714e-17,0.00035339690109869904,0.5999999999972957,0.5999999999945036,0.002160594124470727
2011-05-04,0.0006767221424108145,0.0,3.8016646496826176e-17,0.0006767221424107765,0.6001417415019742,0.600141741499199,0.0
2011-05-05,0.00037234237535402727,0.0,3.768678840868554e-17,0.0003723423753539896,0.6004121514469061,0.6004121514441548,0.0
2011-05-06,0.00014793875812533304,0.0,3.721873619245357e-17,0.00014793875812529582,0.6005608795577877,0.6005608795550708,0.0
2011-05-09,0.0007953626534009252,0.0,1.1222321830300653e-16,0.000795362653400813,0.6006199633444447,0.600619963341714,0.0
2011-05-10,-0.0007881749800236114,0.0,3.7435082757520705e-17,-0.0007881749800236488,0.600937362862396,0.6009373628596633,0.0
2011-05-11,0.0001044267769830196,0.0,3.7783176415609837e-17,0.00010442677698298181,0.6006225835752067,0.6006225835724486,0.0
2011-05-12,0.00016000324452337313,0.0,3.7346388640570857e-17,0.00016000324452333578,0.6006642849168357,0.6006642849141094,0.0
2011-05-13,0.0007068893781427399,0.0,3.744273363476759e-17,0.0007068893781427025,0.6007281697051371,0.6007281697024038,0.0
2011-05-16,0.00033264576016262264,0.0,1.1123810018295928e-16,0.0003326457601625114,0.6010102113486976,0.6010102113459908,0.0
2011-05-17,0.000875189969084245,2.290402853943959e-07,7.706726965659004e-17,0.0008749609287987735,0.600000000000182,0.599999999994556,0.0011428894782711946
2011-05-18,-0.00029710666927707056,0.0,7.718065498989416e-17,-0.00029710666927714775,0.6003499072568216,0.6003499072511874,0.0
2011-05-19,-0.00043026601305444436,0.0,7.757885647578242e-17,-0.00043026601305452193,0.6002311332603715,0.6002311332547083,0.0
2011-05-20,-0.00022231834902466672,0.0,7.740765121790584e-17,-0.00022231834902474413,0.6000590522633166,0.6000590522576659,0.0
2011-05-23,-0.0002455041735982782,0.0,2.315405317812012e-16,-0.0002455041735985097,0.5999701182804346,0.5999701182748003,0.0
2011-05-24,0.0007286730892545531,0.0,7.623958187445557e-17,0.0007286730892544769,0.5998718851581969,0.5998718851526313,0.0
2011-05-25,-0.0003519880100339466,0.0,7.648173734858712e-17,-0.0003519880100340231,0.6001632354486419,0.6001632354430588,0.0
2011-05-26,0.0006153927705949387,0.0,7.669180463042993e-17,0.0006153927705948621,0.60002244814612,0.6000224481405215,0.0
2011-05-27,0.0007411301660193398,0.0,7.713673525899636e-17,0.0007411301660192627,0.6002684400583228,0.6002684400526918,0.0
2011-05-31,0.0008023855164036767,0.0,3.1048647070286115e-16,0.0008023855164033662,0.6005644737762267,0.6005644737705602,0.0
2011-06-01,0.0010989774890631401,9.113655694588376e-07,1.0413726725515108e-17,0.001098066123493671,0.6000000000100396,0.6000000000092793,0.004554675668563088
2011-06-02,-0.0011302199236722362,0.0,1.0341103026882732e-17,-0.0011302199236722466,0.6004396550546804,0.6004396550539255,0.0
2011-06-03,0.00037502918449758575,0.0,1.0365451747737093e-17,0.0003750291844975754,0.5999875530173847,0.599987553016628,0.0
2011-06-06,-0.00021679653781276638,0.0,3.0878831962296133e-17,-0.00021679653781279726,0.6001375131197457,0.6001375131189943,0.0
2011-06-07,0.0006146881718993032,0.0,1.0263204476754307e-17,0.0006146881718992929,0.600050805519079,0.6000508055183297,0.0
2011-06-08,0.000287697517729412,0.0,1.0273281297468657e-17,0.0002876975177294017,0.600296498533698,0.6002964985329482,0.0
2011-06-09,-0.0005166919194688422,0.0,1.0279434370745404e-17,-0.0005166919194688525,0.6004114591650102,0.6004114591642598,0.0
2011-06-10,-0.000529026204811602,0.0,1.0282632417357928e-17,-0.0005290262048116123,0.6002048882613314,0.6002048882605809,0.0
2011-06-13,-0.00019452972456230524,0.0,3.079622123247983e-17,-0.00019452972456233603,0.5999932742212919,0.5999932742205425,0.0
2011-06-14,-0.0004912492987298194,0.0,1.0219653865112711e-17,-0.0004912492987298296,0.5999154458831746,0.5999154458824286,0.0
2011-06-15,0.0010111552333272628,5.313046441442493e-07,1.731077228527062e-19,0.0010106239286831182,0.600000000012026,0.6000000000120134,0.002650884949919441
2011-06-16,-0.0006822880337865037,0.0,1.7569858272487177e-19,-0.000682288033786504,0.6004043722199022,0.6004043722198893,0.0
2011-06-17,8.323126924179027e-05,0.0,1.757371609594757e-19,8.32312692417901e-05,0.6001315467591669,0.600131546759154,0.0
2011-06-20,-0.00017875164454972457,0.0,5.237491783786845e-19,-0.00017875164454972509,0.6001648255482241,0.6001648255482115,0.0
2011-06-21,0.0012157919111931068,0.0,1.746142720478519e-19,0.0012157919111931066,0.6000933415753642,0.6000933415753515,0.0
2011-06-22,-0.00021004650364578746,0.0,1.7326392097828147e-19,-0.00021004650364578762,0.6005789544517022,0.6005789544516895,0.0
2011-06-23,0.000964926339953134,0.0,1.7395088690840876e-19,0.0009649263399531337,0.6004950398316298,0.6004950398316171,0.0
2011-06-24,0.0004213953082528991,0.0,1.746769327674342e-19,0.00042139530825289893,0.6008801610770044,0.6008801610769917,0.0
2011-06-27,-0.0002913498700089214,0.0,5.269773038475051e-19,-0.00029134987000892194,0.6010482774611019,0.601048277461089,0.0
2011-06-28,-0.001080032145624447,0.0,1.7489795009485742e-19,-0.0010800321456244473,0.6009320090538148,0.6009320090538022,0.0
2011-06-29,-0.00043744491462266937,1.484705690832872e-07,4.39445190442282e-19,-0.00043759338519175307,0.6000000000188418,0.6000000000188098,0.0007415476547549121
2011-06-30,0.00026384643220762075,0.0,4.369731388153197e-19,0.0002638464322076203,0.5998250345716198,0.5998250345715879,0.0
2011-07-01,0.00013603661606181893,0.0,4.348087793690538e-19,0.0001360366160618185,0.599930591457699,0.5999305914576673,0.0
2011-07-05,0.0006508238763755676,0.0,1.7373594961259163e-18,0.0006508238763755659,0.5999850081435651,0.5999850081435334,0.0
2011-07-06,0.0004122044853010627,0.0,4.356953202098305e-19,0.00041220448530106225,0.6002451781263368,0.6002451781263051,0.0
2011-07-07,2.514292534875151e-07,0.0,4.381763854169563e-19,2.5142925348707694e-07,0.6004098909615646,0.6004098909615326,0.0
2011-07-08,0.0013952182159484418,0.0,4.373576189910064e-19,0.0013952182159484414,0.6004099914301821,0.6004099914301502,0.0
2011-07-11,0.0012744145826914179,0.0,1.3133103232645019e-18,0.0012744145826914166,0.600966729917371,0.600966729917339,0.0
2011-07-12,-4.165021558306408e-05,0.0,4.43132268616964e-19,-4.165021558306452e-05,0.601474616477705,0.6014746164776725,0.0
2011-07-13,0.0011022762764583156,0.0,4.429465986595134e-19,0.0011022762764583151,0.601458017118199,0.6014580171181666,0.0
2011-07-14,-0.0010725726390259762,4.748471450154723e-07,0.0,-0.0010730474861709916,0.6000000000119109,0.6000000000119109,0.0023703180286893805
2011-07-15,0.0004727634314589985,0.0,0.0,0.0004727634314589985,0.5995707953075714,0.5995707953075714,0.0
2011-07-18,-0.00048110876454934305,0.0,0.0,-0.00048110876454934305,0.599760014136695,0.599760014136695,0.0
2011-07-19,0.0011918507227654457,0.0,0.0,0.0011918507227654457,0.5995673624851751,0.5995673624851751,0.0
2011-07-20,-0.00011022465535557603,0.0,0.0,-0.00011022465535557603,0.6000440502729317,0.6000440502729317,0.0
2011-07-21,-0.0002531160210763927,0.0,0.0,-0.0002531160210763927,0.5999999604064252,0.5999999604064252,0.0
2011-07-22,0.0015112756046651917,0.0,0.0,0.0015112756046651917,0.599898688354394,0.599898688354394,0.0
2011-07-25,-0.0010159383078870488,0.0,0.0,-0.0010159383078870488,0.6005024392720454,0.6005024392720454,0.0
2011-07-26,0.000715338111533331,0.0,0.0,0.000715338111533331,0.6000961616431877,0.6000961616431877,0.0
2011-07-27,-0.0006190665562232125,0.0,0.0,-0.0006190665562232125,0.6003820236117521,0.6003820236117521,0.0
2011-07-28,0.0009478389901687986,2.6657747824958223e-07,2.6975730388513614e-19,0.0009475724126905489,0.5999999999965862,0.5999999999965664,0.001330223448744658
2011-07-29,0.002839716178347091,0.0,2.700130887416014e-19,0.0028397161783470905,0.6003789364693961,0.6003789364693763,0.0
2011-08-01,0.0014456866419405921,0.0,8.039227603950122e-19,0.0014456866419405912,0.6015105334544463,0.6015105334544267,0.0
2011-08-02,0.0020276939072399716,0.0,2.6898702688212426e-19,0.002027693907239971,0.602085792708566,0.6020857927085465,0.0
2011-08-03,0.00013955526689577602,0.0,2.6882363643341205e-19,0.00013955526689577575,0.6028910081917659,0.6028910081917463,0.0
2011-08-04,0.001123748658943596,0.0,2.6751647147491014e-19,0.0011237486589435958,0.6029464191102187,0.6029464191101992,0.0
2011-08-05,-0.003755429939299981,0.0,2.71401381869242e-19,-0.0037554299392999813,0.6033921066984432,0.6033921066984235,0.0
2011-08-08,-0.003205883322246082,0.0,8.103991220595676e-19,-0.0032058833222460828,0.6018970589948691,0.6018970589948494,0.0
2011-08-09,0.0022546596358669646,0.0,2.7138498098073273e-19,0.002254659635866964,0.6006166826786853,0.6006166826786655,0.0
2011-08-10,0.004790636024060097,0.0,2.684808080680738e-19,0.004790636024060097,0.6015151304296094,0.6015151304295898,0.0
2011-08-11,-0.005795866503899052,1.214238820268301e-06,9.264921734579877e-19,-0.005797080742719321,0.5980150252140607,0.598015025213993,0.006046439627353781
2011-08-12,0.002736338721634147,0.0,9.305787966817815e-19,0.002736338721634146,0.5956723192410045,0.5956723192409366,0.0
2011-08-15,0.0012100075401920841,0.0,2.784118099883032e-18,0.0012100075401920813,0.5967756775679799,0.5967756775679122,0.0
2011-08-16,0.0014863994530947581,0.0,9.173078884951166e-19,0.0014863994530947573,0.5972629923839089,0.5972629923838418,0.0
2011-08-17,0.0017132524057231052,0.0,9.163825010464745e-19,0.0017132524057231044,0.5978607319719739,0.597860731971907,0.0
2011-08-18,-0.0008901063456789319,0.0,9.126380497044443e-19,-0.0008901063456789327,0.5985485196864021,0.5985485196863355,0.0
2011-08-19,0.00019946791922738233,0.0,9.186808147480912e-19,0.0001994679192273814,0.5981908668272136,0.5981908668271465,0.0
2011-08-22,-0.0003614284429540698,0.0,2.7489574675416094e-18,-0.0003614284429540726,0.5982709988751611,0.5982709988750943,0.0
2011-08-23,-0.0019633451368431987,0.0,9.183938081746815e-19,-0.0019633451368431996,0.5981257500907532,0.5981257500906861,0.0
2011-08-24,-0.0033580554348669575,0.0,9.162698791211838e-19,-0.0033580554348669584,0.5973351800747747,0.5973351800747079,0.0
2011-08-25,0.001693983697670751,8.24260873710671e-08,9.21109995281533e-19,0.001693901271583379,0.5955664135702379,0.5955664135701706,0.00041203975391904124
2011-08-26,0.0013659045933784057,0.0,9.221771141692462e-19,0.0013659045933784048,0.5962504079437109,0.5962504079436436,0.0
2011-08-29,-9.08460772719312e-05,0.0,2.747030362634928e-18,-9.084607727193395e-05,0.5968011391198316,0.5968011391197647,0.0
2011-08-30,0.0011707741131001352,0.0,9.144493267813803e-19,0.0011707741131001344,0.5967645067570535,0.5967645067569867,0.0
2011-08-31,0.0009812836742561814,0.0,9.16871121303937e-19,0.0009812836742561805,0.5972360523606399,0.5972360523605731,0.0
2011-09-01,0.0006960154293851206,0.0,9.185880680262376e-19,0.0006960154293851197,0.5976308905987205,0.5976308905986535,0.0
2011-09-02,0.001319300690135668,0.0,9.218704434276054e-19,0.0013193006901356672,0.5979107509200705,0.5979107509200032,0.0
2011-09-06,-0.00016954834790059974,0.0,3.693064936814701e-18,-0.00016954834790060342,0.5984405286078086,0.5984405286077411,0.0
2011-09-07,0.000245629235904969,0.0,9.377831986666308e-19,0.00024562923590496806,0.5983724333174075,0.5983724333173391,0.0
2011-09-08,0.0009018944897002222,0.0,9.32332181953554e-19,0.0009018944897002212,0.5984710605639945,0.5984710605639263,0.0
2011-09-09,-0.000699835705931068,3.0658953042899115e-07,3.7904397174428705e-17,-0.000700142295461535,0.5987675236871619,0.5987675236843949,0.0015305618463831994
2011-09-12,-0.0012882067214317395,0.0,1.1098909945130419e-16,-0.0012882067214318505,0.5984867138427957,0.598486713840095,0.0
2011-09-13,-0.00021640606777718218,0.0,3.714934038215591e-17,-0.00021640606777721934,0.5979688145675041,0.5979688145647922,0.0
2011-09-14,-0.0006786809039940618,0.0,3.748600130126036e-17,-0.0006786809039940993,0.5978817937477315,0.5978817937449952,0.0
2011-09-15,-0.000430638965647946,0.0,3.7771884949778244e-17,-0.0004306389656479838,0.5976086984554588,0.5976086984527014,0.0
2011-09-16,-8.549669664879607e-05,0.0,3.816156794468863e-17,-8.549669664883424e-05,0.5974353384260196,0.5974353384232338,0.0
2011-09-19,0.0006827810080503165,0.0,1.147869161248894e-16,0.0006827810080502017,0.597400917534402,0.5974009175316088,0.0
2011-09-20,0.0005840057355111524,0.0,3.7588886086800685e-17,0.0005840057355111148,0.5976756169821549,0.5976756169794109,0.0
2011-09-21,-0.00017013960894981758,0.0,3.733220839490575e-17,-0.0001701396089498549,0.5979104395916055,0.5979104395888802,0.0
2011-09-22,-0.001407230578088773,0.0,3.626247396063386e-17,-0.0014072305780888092,0.5978420165894933,0.5978420165868463,0.0
2011-09-23,-0.0025086264090218298,1.5354888718771686e-07,3.50026073109337e-17,-0.0025087799579090525,0.5965081925689943,0.5965081925664392,0.0007670974940282849
2011-09-26,-0.0021912564541237303,0.0,1.0619755460785529e-16,-0.0021912564541238366,0.595493528389082,0.5954935283864979,0.0
2011-09-27,0.0014404982827616894,0.0,3.606118284293289e-17,0.0014404982827616534,0.5946052044268568,0.5946052044242244,0.0
2011-09-28,-0.0009706587795646892,0.0,3.6651926832766014e-17,-0.0009706587795647258,0.5951883349352716,0.5951883349325959,0.0
2011-09-29,0.0003868558266349567,0.0,3.580089763693094e-17,0.0003868558266349209,0.5947950191630341,0.5947950191604207,0.0
2011-09-30,-0.0006742476151322118,0.0,3.614765567936415e-17,-0.0006742476151322479,0.594951714452393,0.5949517144497543,0.0
2011-10-03,0.0004623187939310362,0.0,1.0504934930626911e-16,0.0004623187939309311,0.594678427348587,0.5946784273460308,0.0
2011-10-04,-0.0019697987100272484,0.0,3.411395329263516e-17,-0.0019697987100272827,0.5948657285362855,0.5948657285337953,0.0
2011-10-05,0.0006030245000590268,0.0,3.4885996034972434e-17,0.0006030245000589919,0.5940661205041496,0.594066120501603,0.0
2011-10-06,0.0005518632285333607,0.0,3.541389929112145e-17,0.0005518632285333253,0.5943107610546841,0.5943107610520989,0.0
2011-10-07,-0.0004075989141977708,8.100195237875809e-08,3.6112060627765834e-17,-0.0004076799161501857,0.5941295809210508,0.5941295809184146,0.00040494162113444143
2011-10-10,0.0009971524252565382,0.0,1.0688740317836548e-16,0.0009971524252564313,0.593964129253227,0.5939641292506259,0.0
2011-10-11,-0.00039723123609091755,0.0,3.679889425005404e-17,-0.00039723123609095435,0.5943686055820191,0.5943686055793328,0.0
2011-10-12,0.0011974840087928763,0.0,3.691871878693682e-17,0.0011974840087928395,0.594207412090735,0.5942074120880398,0.0
2011-10-13,0.001081716318687047,0.0,3.732118626483252e-17,0.0010817163186870097,0.5946927610280844,0.5946927610253601,0.0
2011-10-14,-0.0002346344764378568,0.0,3.710225355319487e-17,-0.00023463447643789391,0.5951307147408715,0.595130714738163,0.0
2011-10-17,0.00034565771457481796,0.0,1.1314066090055504e-16,0.00034565771457470483,0.5950356961535064,0.5950356961507534,0.0
2011-10-18,0.0013891483967142376,0.0,3.6883377951563053e-17,0.0013891483967142008,0.595175626821084,0.5951756268183915,0.0
2011-10-19,-9.203461216703657e-06,0.0,3.7515515068341705e-17,-9.203461216741172e-06,0.5957372078307273,0.5957372078279887,0.0
2011-10-20,0.0002927280440488952,0.0,3.689476105854591e-17,0.0002927280440488583,0.5957334871795099,0.5957334871768166,0.0
2011-10-21,0.0006605450543670723,7.307743321666361e-08,1.94769677584761e-16,0.0006604719769336609,0.5962171276811599,0.5962171276669417,0.0003653350205672923
2011-10-24,0.0015829121178542703,0.0,5.936101138358999e-16,0.0015829121178536766,0.5964837119593165,0.596483711944872,0.0
2011-10-25,0.0014690246169877488,0.0,2.0229422434349564e-16,0.0014690246169875465,0.597121433324877,0.5971214333101094,0.0
2011-10-26,0.0003812251543725608,0.0,1.9927769179138092e-16,0.00038122515437236153,0.597712403706742,0.5977124036921946,0.0
2011-10-27,0.00032542499401486,0.0,2.0099247056535653e-16,0.000325424994014659,0.5978657074146422,0.5978657073999696,0.0
2011-10-28,0.0007625367413444393,0.0,2.087893530338665e-16,0.0007625367413442304,0.5979965293922329,0.5979965293769912,0.0
2011-10-31,0.0007587008788258259,0.0,6.279191646031485e-16,0.0007587008788251979,0.5983028382370206,0.5983028382217412,0.0
2011-11-01,0.0021075621089548633,0.0,2.034999491968945e-16,0.00210756210895466,0.598607375173818,0.5986073751589625,0.0
2011-11-02,0.0007475064651914318,0.0,1.9837616171215811e-16,0.0007475064651912334,0.5994515558970669,0.5994515558825855,0.0
2011-11-03,-7.711935842339194e-05,0.0,2.0190816983242168e-16,-7.711935842359384e-05,0.5997507448032836,0.5997507447885443,0.0
2011-11-04,0.0008382945499441973,4.5093849521378003e-07,2.2022649706672911e-16,0.0008378436114487634,0.5990439263533611,0.5990439263372848,0.002251300053371902
2011-11-07,3.5932954430561556e-05,0.0,6.575044179760645e-16,3.593295442990405e-05,0.5993800341707819,0.5993800341547825,0.0
2011-11-08,-0.0012850330478405272,0.0,2.20285363004181e-16,-0.0012850330478407475,0.5993944291125876,0.5993944290965068,0.0
2011-11-09,-0.001001864896041493,0.0,2.230739399672645e-16,-0.0010018648960417162,0.5988789753398986,0.5988789753236141,0.0
2011-11-10,-3.859669835334644e-05,0.0,2.1456403537601279e-16,-3.8596698353561e-05,0.5984767032432984,0.5984767032276351,0.0
2011-11-11,2.9204972275312697e-05,0.0,2.1572902598260754e-16,2.9204972275096968e-05,0.5984612051716418,0.5984612051558936,0.0
2011-11-14,-0.0004118151404296211,0.0,6.578003983810645e-16,-0.0004118151404302789,0.5984729317587965,0.59847293174279,0.0
2011-11-15,-0.0012188010280443234,0.0,2.1660604498472162e-16,-0.00121880102804454,0.5983075087088856,0.5983075086930734,0.0
2011-11-16,-0.0007680259360407087,0.0,2.182673020580867e-16,-0.0007680259360409269,0.5978173280549595,0.5978173280390258,0.0
2011-11-17,-0.001327226139777561,0.0,2.1474147718899713e-16,-0.0013272261397777757,0.5975082039162543,0.597508203900578,0.0
2011-11-18,0.0003475272312230923,9.855988031694941e-08,2.115561567537714e-16,0.0003474286713425638,0.5964805790250503,0.5964805790096066,0.0004927173148248642
2011-11-21,-0.0013989944996553138,0.0,6.33062676517128e-16,-0.0013989944996559468,0.5966208230763829,0.5966208230609783,0.0
2011-11-22,-0.0005631810817022864,0.0,2.0758239071565358e-16,-0.000563181081702494,0.5960557072323621,0.5960557072172086,0.0
2011-11-23,-0.0010776139002603687,0.0,2.072623321525227e-16,-0.001077613900260576,0.5958280852561911,0.5958280852410611,0.0
2011-11-25,-0.0006814320392794092,0.0,4.0575800998716166e-16,-0.0006814320392798149,0.5953920741307832,0.5953920741159731,0.0
2011-11-28,0.0013097606512870155,0.0,6.067920174676159e-16,0.0013097606512864088,0.595116173319042,0.5951161733042768,0.0
2011-11-29,-8.676180503970384e-05,0.0,2.0790125371447292e-16,-8.676180503991173e-05,0.5956457805652714,0.5956457805500947,0.0
2011-11-30,0.0010146090880965223,0.0,2.0808919725218885e-16,0.0010146090880963142,0.5956106950192449,0.5956106950040544,0.0
2011-12-01,0.0006571738014803614,0.0,2.1619948229047155e-16,0.0006571738014801452,0.5960205762146298,0.5960205761988472,0.0
2011-12-02,0.002304931212403307,0.0,2.1603379942080064e-16,0.002304931212403091,0.596285886553273,0.5962858865375027,0.0
2011-12-05,0.0007042213863157408,5.609733070451509e-07,3.3097112594756865e-16,0.0007036604130083646,0.6000000000232664,0.6000000000152128,0.002785720099577102
2011-12-06,0.00018338846120724136,0.0,1.1134343749497269e-16,0.00018338846120713,0.6002818268514586,0.6002818268433305,0.0
2011-12-07,0.0005173078297790953,0.0,1.1109123542199098e-16,0.0005173078297789842,0.600355117111544,0.6003551171034343,0.0
2011-12-08,-0.0009212528970980808,0.0,1.1123737743458136e-16,-0.0009212528970981921,0.6005617496459804,0.60056174963786,0.0
2011-12-09,-0.00048554329353412724,0.0,1.082444123859005e-16,-0.0004855432935342355,0.6001934266818065,0.6001934266739046,0.0
2011-12-12,0.0004300452243833958,0.0,3.304047306875162e-16,0.0004300452243830654,0.5999992089804529,0.599999208972413,0.0
2011-12-13,0.0006175801984089691,0.0,1.0748127044575398e-16,0.0006175801984088617,0.6001711534662851,0.6001711534584391,0.0
2011-12-14,0.000395933267492453,0.0,1.0662194199505774e-16,0.00039593326749234637,0.6004179274418784,0.600417927434095,0.0
2011-12-15,-0.00017459561101422434,0.0,1.0464653879671012e-16,-0.000174595611014329,0.6005760726624029,0.6005760726547636,0.0
2011-12-16,0.0013171296238897586,0.0,1.0462371772778781e-16,0.0013171296238896541,0.6005063228197361,0.6005063228120986,0.0
2011-12-19,0.0006763381584788136,2.8157372658201414e-07,4.408226793661522e-17,0.0006760565847521874,0.6000000000155941,0.6000000000145214,0.0014057642220859784
2011-12-20,0.0006850354189705849,0.0,1.4441603399123782e-17,0.0006850354189705704,0.6002705213354738,0.6002705213344196,0.0
2011-12-21,-0.0005783634522622063,0.0,1.4931336310980042e-17,-0.0005783634522622213,0.6005441627323532,0.6005441627312633,0.0
2011-12-22,0.0009959579096027735,0.0,1.491359589084102e-17,0.0009959579096027586,0.6003129983782692,0.6003129983771806,0.0
2011-12-23,-0.000518955553521748,0.0,1.5057948737368668e-17,-0.000518955553521763,0.6007106737409883,0.6007106737398892,0.0
2011-12-27,0.000751339127826869,0.0,6.061571533663151e-17,0.0007513391278268083,0.6005033527372846,0.6005033527361784,0.0
2011-12-28,0.00026195220445480517,0.0,1.5104606848356942e-17,0.00026195220445479004,0.6008032848490746,0.600803284847972,0.0
2011-12-29,0.00092737565668326,0.0,1.4852318543006768e-17,0.0009273756566832451,0.6009078279233128,0.6009078279222286,0.0
2011-12-30,-0.0003151979551886792,0.0,1.5004989518172894e-17,-0.0003151979551886942,0.6012775933770014,0.6012775933759059,0.0
2012-01-03,-0.0009664630579603971,0.0,5.997779198288819e-17,-0.000966463057960457,0.6011518772642829,0.6011518772631884,0.0
2012-01-04,0.0006109438824828042,3.861305335832181e-05,2.7397260274240034e-06,0.0005695911030970584,0.6086003130216969,0.4086003130197447,0.19266907027800784
2012-01-05,3.405084137256026e-05,0.0,2.7381663922082354e-06,3.131267498035203e-05,0.608864453128688,0.4089783064974869,0.0
2012-01-06,0.0016199710648229166,0.0,2.7380806555784654e-06,0.001617232984167338,0.6088794383260966,0.40899955046886854,0.0
2012-01-09,0.00016708760860364015,0.0,8.200979072875788e-06,0.00015888662953076436,0.609513683757234,0.40995652631725654,0.0
2012-01-10,-0.000827344048922827,0.0,2.7338221092825812e-06,-0.0008300778710321095,0.6096274750966908,0.4100584611190625,0.0
2012-01-11,0.000530066334831596,0.0,2.7360932797677234e-06,0.0005273302415518282,0.6093059023940731,0.40957109297102917,0.0
2012-01-12,0.00019240072199087463,0.0,2.7340543432205863e-06,0.00018966666764765405,0.6094709815972364,0.4098850145421339,0.0
2012-01-13,0.0008666829429928173,0.0,2.733535882578907e-06,0.0008639494071102385,0.609547771424654,0.4099996519963939,0.0
2012-01-17,0.0005967889256752928,0.0,1.0924705137787852e-05,0.000585864220537505,0.609887542386977,0.4105116736223488,0.0
2012-01-18,0.00032609664935765847,0.0,2.729577122873678e-06,0.0003233670722347848,0.6101268798038022,0.41086774983402363,0.0
2012-01-19,1.8162655838901192e-05,4.355833999271802e-07,2.7286947529119795e-06,1.499837768606203e-05,0.6087054233169426,0.409510706354368,0.002166745094484404
2012-01-20,-0.0006032148476486077,0.0,2.7286538275314527e-06,-0.0006059435014761391,0.608714456243475,0.40952272683367885,0.0
2012-01-23,0.00016470962348510436,0.0,8.190924720199877e-06,0.0001565186987649045,0.6084799458648074,0.4091674443399437,0.0
2012-01-24,0.0003679193786873891,0.0,2.7298809626515167e-06,0.0003651894977247376,0.6085494061271803,0.4092680958536198,0.0
2012-01-25,0.00221914665348535,0.0,2.728884402727015e-06,0.002216417769082623,0.6086950364712226,0.4094864750721504,0.0
2012-01-26,0.002897290055590674,0.0,2.72284943086742e-06,0.0028945672061598065,0.6095631365575745,0.41079512810425295,0.0
2012-01-27,3.901607386472913e-05,0.0,2.7149907077987768e-06,3.6301083156930354e-05,0.6106927354480375,0.4124984137787268,0.0
2012-01-30,0.00036215063825113027,0.0,8.144676462820531e-06,0.00035400596178830976,0.6107095821026206,0.41252245484065425,0.0
2012-01-31,0.0006088445469405881,0.0,2.7145238855910568e-06,0.000606130023054997,0.6108987372396614,0.41273849359151443,0.0
2012-02-01,0.0008615028275945832,0.0,2.7122874075456243e-06,0.0008587905401870376,0.6110939284268667,0.4130969476760362,0.0
2012-02-02,0.0013727237703812323,4.937565418404347e-07,2.7099601197568372e-06,0.001369520053719635,0.6103154008754214,0.4124883121331721,0.002462223414403636
2012-02-03,-0.0015748551281654114,0.0,2.7062538508398708e-06,-0.0015775613820162514,0.6108515511967546,0.41329502008544394,0.0
2012-02-06,-8.608034225664287e-05,0.0,8.131589634310775e-06,-9.421193189095364e-05,0.6102393861582129,0.4123707050566507,0.0
2012-02-07,-2.528686753009154e-05,0.0,2.7113770588014765e-06,-2.799824458889302e-05,0.610253995797622,0.4123234705051143,0.0
2012-02-08,0.00033040732427376296,0.0,2.7108611657741845e-06,0.0003276964631079888,0.610202592687699,0.41230972758618356,0.0
2012-02-09,-0.0009172548484456188,0.0,2.710564732250484e-06,-0.0009199654131778693,0.6103761839488294,0.41250495849454416,0.0
2012-02-10,0.000478751065182151,0.0,2.7124684943685446e-06,0.00047603859668778243,0.6099768988492429,0.41196669876033915,0.0
2012-02-13,0.0022741046853741553,0.0,8.135309241442242e-06,0.002265969376132713,0.6102083948350612,0.41224920329329984,0.0
2012-02-14,2.1615978804285027e-06,0.0,2.705048312422969e-06,-5.434504319944665e-07,0.6110546612704633,0.4135861344635865,0.0
2012-02-15,1.6066955152039243e-05,0.0,2.7056403227492353e-06,1.3361314829290008e-05,0.6111002643870214,0.41358852082632713,0.0
2012-02-16,-0.0006874755865288878,7.306572671601467e-07,2.7397260278500986e-06,-0.0006909459698238982,0.6120248480760374,0.4120248480429803,0.0036469786527249595
2012-02-17,-0.0006725105155991699,0.0,2.742218863376684e-06,-0.0006752527344625465,0.6118037578935313,0.4116217808670331,0.0
2012-02-21,0.00046769245555009945,0.0,1.0973891507778114e-05,0.00045671856404232137,0.6115004724925284,0.41122695247557783,0.0
2012-02-22,0.001775568852816768,0.0,2.742220453956398e-06,0.0017728266323628118,0.6116887953198311,0.411506702181014,0.0
2012-02-23,-0.0015982468905246302,0.0,2.7373675758157186e-06,-0.001600984258100446,0.6123787228636841,0.4125508898291367,0.0
2012-02-24,-0.0006077044200745033,0.0,2.741757085751713e-06,-0.0006104461771602551,0.6117598939332423,0.4116116266733672,0.0
2012-02-27,0.0004546377999844147,0.0,8.232092167999153e-06,0.00044640570781641554,0.6115692140329938,0.4112549712783477,0.0
2012-02-28,0.0008630687602299255,0.0,2.7422076660530262e-06,0.0008603265525638725,0.6117070611888292,0.41152590156695834,0.0
2012-02-29,-0.00016162542914364294,0.0,2.7398504999209784e-06,-0.00016436527964356392,0.61204357261244,0.4120344861182087,0.0
2012-03-01,-0.0003041952813478766,0.0,2.7408991461918512e-06,-0.0003069361804940684,0.612026207087959,0.41194056941595364,0.0
2012-03-02,0.0004039254708043349,5.745150998762991e-07,2.7397260278494435e-06,0.0004006112296766091,0.6097912799460975,0.40979127991308817,0.0028632897579084077
2012-03-05,-0.0005715186044237946,0.0,8.21588670706414e-06,-0.0005797344911308587,0.6099508522557527,0.41003094238385873,0.0
2012-03-06,-0.001046757652648481,0.0,2.740217500947799e-06,-0.0010494978701494288,0.6097328167952042,0.4096969392260151,0.0
2012-03-07,0.00037298588373758484,0.0,2.7430963747410533e-06,0.00037024278736284377,0.6093255450035603,0.4090795096474633,0.0
2012-03-08,0.000330592659197126,0.0,2.7420811389792717e-06,0.00032785057805814673,0.6094728779503105,0.40930095480482365,0.0
2012-03-09,0.00014854760901729342,0.0,2.7417808691350265e-06,0.00014580582814815838,0.6096472969864775,0.4094972935396206,0.0
2012-03-12,0.0003841774181115084,0.0,8.224143479357904e-06,0.0003759532746321505,0.6097069457694279,0.4095861211050522,0.0
2012-03-13,-0.00047964628970187585,0.0,2.740350915882543e-06,-0.0004823866406177584,0.6098618436301374,0.4098162267707119,0.0
2012-03-14,-0.0037028180662112527,0.0,2.7416734625401042e-06,-0.003705559739673793,0.6096762970416896,0.4095341342762619,0.0
2012-03-15,-0.001197494293202125,0.0,2.75127005312075e-06,-0.0012002455632552458,0.6081834555404994,0.40734074166268464,0.0
2012-03-16,0.0006840940152914731,6.917100145267665e-07,2.7397260276325535e-06,0.0006806625792493137,0.6076808433302514,0.4076808433130751,0.0034527994661632533
2012-03-19,-0.0009892536551769288,0.0,8.213587401316509e-06,-0.0009974672425782454,0.6079511277629676,0.4080871676642656,0.0
2012-03-20,-0.0006296720563590078,0.0,2.7411944223615514e-06,-0.0006324132507813694,0.6076115791180087,0.40750438628561564,0.0
2012-03-21,0.001160828889209156,0.0,2.7429290870597084e-06,0.0011580859601220963,0.6073660133764042,0.4071321900210455,0.0
2012-03-22,0.0004574141405757711,0.0,2.7397562138543364e-06,0.00045467438436191677,0.607822931062913,0.4078207274515463,0.0
2012-03-23,0.00044039823606304237,0.0,2.73851108301128e-06,0.0004376597249800311,0.608003901403759,0.4080925923439355,0.0
2012-03-26,0.00013640375888760952,0.0,8.211939213980641e-06,0.00012819181967362888,0.6081781245691996,0.40835427036233723,0.0
2012-03-27,0.0014960568191411576,0.0,2.736962215161467e-06,0.0014933198569259962,0.6082365573771018,0.40843831567031474,0.0
2012-03-28,-0.000237016336079589,0.0,2.7322846635514528e-06,-0.00023974862074314048,0.6087799025825165,0.40932312214326044,0.0
2012-03-29,0.0002231481031045569,0.0,2.733536511079464e-06,0.00022041456659347742,0.6087323724652774,0.40918420715647646,0.0
2012-03-30,-4.698351491496199e-06,3.899455228621462e-05,2.7323376349671744e-06,-4.642524141267799e-05,0.7967415378201788,0.5972808904675749,0.19005724561541112
2012-04-02,0.002138574457688631,0.0,8.197393470873648e-06,0.0021303770642177576,0.796773829886122,0.5973039220948634,0.0
2012-04-03,-0.0033787139764554245,0.0,2.7260601442321305e-06,-0.0033814400365996568,0.7971705633256263,0.5981681727966806,0.0
2012-04-04,-0.00041072897713730007,0.0,2.7359069909930857e-06,-0.00041346488412829314,0.7965287380309904,0.5968075276884952,0.0
2012-04-05,-0.0003901406903425302,0.0,2.7364408512449283e-06,-0.0003928771311937751,0.7964036719836315,0.5966434898427518,0.0
2012-04-09,0.0006960581549895119,0.0,1.0952457611581013e-05,0.0006851056973779309,0.7963700469383738,0.5964876955270202,0.0
2012-04-10,-0.0010337891945110067,0.0,2.7368371387929224e-06,-0.0010365260316497996,0.7965640109299892,0.5967748997981059,0.0
2012-04-11,0.0016573841982587343,0.0,2.739676885201973e-06,0.0016546445213735323,0.7963556651127631,0.5963592524930191,0.0
2012-04-12,0.0008553029703139577,0.0,2.7351511822825353e-06,0.0008525678191316752,0.7966948026206191,0.597028766313994,0.0
2012-04-13,0.0008620979343930073,0.0,2.7322247939642952e-06,0.000859365709599043,0.7968271767415818,0.5973747667821883,0.0
2012-04-16,0.0004604667805771717,4.306960498164092e-07,8.187847753194202e-06,0.0004518482367741611,0.7948109545477355,0.5955733258866769,0.002149876006365889
2012-04-17,0.0023835284174496107,0.0,2.728645895868557e-06,0.002380799771553742,0.7949557478827528,0.5957645974843483,0.0
2012-04-18,-7.328060627759199e-05,0.0,2.7221649661385222e-06,-7.600277124373051e-05,0.7954454798833747,0.5967274373552627,0.0
2012-04-19,-0.00025130322110844164,0.0,2.722371873944719e-06,-0.00025402559298238635,0.795432654363124,0.5966995075651598,0.0
2012-04-20,0.001675772604574187,0.0,2.723658074659884e-06,0.001673048946499527,0.7954267954010015,0.5965997559508299,0.0
2012-04-23,-0.0021852756032494057,0.0,8.155546177432426e-06,-0.002193431149426838,0.7957278797951481,0.5972762561442926,0.0
2012-04-24,0.000521776271112998,0.0,2.7250861612969507e-06,0.0005190511849517011,0.7953304307690692,0.5963991409943916,0.0
2012-04-25,0.0019482403728334839,0.0,2.723672435891232e-06,0.0019455167003975926,0.7954393333116367,0.5966112454915767,0.0
2012-04-26,0.0015587853187899268,0.0,2.7177904531739975e-06,0.0015560675283367528,0.7957959426397802,0.5973972395580783,0.0
2012-04-27,0.00010863810890751769,0.0,2.7141603580602323e-06,0.00010592394854945745,0.7961591630206921,0.5980254568822951,0.0
2012-04-30,-5.633081441024991e-05,2.741209004830131e-07,8.139841670379058e-06,-6.474477698111198e-05,0.7959164301717965,0.597846949525906,0.0013692922076977698
2012-05-01,0.000214209966143469,0.0,2.7140486143955874e-06,0.0002114959175290734,0.7959548738886961,0.5978293250378183,0.0
2012-05-02,0.001309713517688871,0.0,2.713474725569123e-06,0.001307000042963302,0.7960007329494934,0.5979170779829475,0.0
2012-05-03,0.0007023442973831647,0.0,2.7099328432250265e-06,0.0006996343645399397,0.7962697219063253,0.5984446243508985,0.0
2012-05-04,7.761405314251517e-05,0.0,2.7074471430004546e-06,7.490660599951472e-05,0.796371719348994,0.5987280779099609,0.0
2012-05-07,0.00032013904186453765,0.0,8.121733057542329e-06,0.0003120173088069953,0.796389678554242,0.5987608408207121,0.0
2012-05-08,9.314386434051359e-05,0.0,2.7069907439110657e-06,9.043687359660253e-05,0.7965044388382075,0.5988941145326997,0.0
2012-05-09,-0.0018777496311230778,0.0,2.70674595426956e-06,-0.0018804563770773474,0.7965255474223154,0.5989330927606376,0.0
2012-05-10,0.00022190370839895375,0.0,2.7118454613603656e-06,0.00021919186293759338,0.7961449135709465,0.5981801948916399,0.0
2012-05-11,0.0002051595860434934,0.0,2.7112511771637726e-06,0.0002024483348663296,0.7961922984061881,0.5982709624732327,0.0
2012-05-14,-0.002693390548867876,3.8128394725530214e-07,8.219178082995994e-06,-0.0027019910108981274,0.7970409693681918,0.5970409693486224,0.0019055630636634902
2012-05-15,-0.00016483350456176831,0.0,2.747148799021578e-06,-0.0001675806533607899,0.7964997138861125,0.5959578515575373,0.0
2012-05-16,-0.0012455269030529899,0.0,2.7476092451735233e-06,-0.0012482745122981635,0.7964683530684996,0.5958928781708325,0.0
2012-05-17,-0.0030255207112489914,0.0,2.7510433024105164e-06,-0.0030282717545514017,0.7962167232073186,0.5953905621313508,0.0
2012-05-18,-0.0008603222381689423,0.0,2.7593995140177842e-06,-0.0008630816376829601,0.7956004970090286,0.5941643324857304,0.0
2012-05-21,0.002166550337649901,0.0,8.285349475049268e-06,0.0021582649881748514,0.795426692943716,0.5938165223841839,0.0
2012-05-22,-0.0001323245848496043,0.0,2.7558353354338324e-06,-0.00013508042018503815,0.7958755329837077,0.5946995534970378,0.0
2012-05-23,-0.0006607369232457265,0.0,2.7550042033834344e-06,-0.0006634919274491099,0.7957628610006563,0.5946475541536653,0.0
2012-05-24,0.00046218854761194644,0.0,2.7568333400498003e-06,0.0004594317142718966,0.7956300181716975,0.5943811843480623,0.0
2012-05-25,0.00019555300057652435,0.0,2.756771032747177e-06,0.00019279622954377718,0.7958144938760786,0.5945702084855348,0.0
2012-05-29,0.0015921107019134398,8.894818366200958e-07,1.0958904110041164e-05,0.0015802623159667786,0.7952872329430833,0.5952872329348322,0.004439205075574937
2012-05-30,-0.00047747768303558547,0.0,2.7354033726394002e-06,-0.00048021308640822487,0.7956220520981578,0.5959376058954815,0.0
2012-05-31,0.0003260589260377846,0.0,2.7367175802348804e-06,0.0003233222084575497,0.7955265966974163,0.5957462133402699,0.0
2012-06-01,-0.0030302259147509236,0.0,2.7358330246589663e-06,-0.0030329617477755826,0.795595421954559,0.5958796111544546,0.0
2012-06-04,0.0003657486725869456,0.0,8.232467834008468e-06,0.00035751620475293715,0.7949763288355834,0.5946529448747109,0.0
2012-06-05,0.0002672048587032924,0.0,2.743175215078791e-06,0.0002644616834882136,0.7950578314497967,0.5948060407490451,0.0
2012-06-06,0.002692899450192973,0.0,2.742449942150145e-06,0.002690157000250823,0.7951147589207852,0.5949159131438244,0.0
2012-06-07,0.0010424366719241549,0.0,2.7344951464587626e-06,0.0010397021767776962,0.7956236100134735,0.5960054643219839,0.0
2012-06-08,0.00216692121322029,0.0,2.7316550387666057e-06,0.0021641895581815235,0.7958386115484505,0.5964277937184882,0.0
2012-06-11,-0.0014184095700236804,0.0,8.177267958371222e-06,-0.0014265868379820517,0.7962822270804909,0.5973020400934579,0.0
2012-06-12,0.000651386384119247,4.5709866744903304e-07,2.72965006900731e-06,0.0006481996353827907,0.7943446925269982,0.5950802374894646,0.002280704866169561
2012-06-13,0.0009828224774512265,0.0,2.728477381726454e-06,0.0009800940000695001,0.7945245698603397,0.5953457209943085,0.0
2012-06-14,0.002163989870834198,0.0,2.725805835780854e-06,0.0021612640649984172,0.7947284837191698,0.5957446577071677,0.0
2012-06-15,0.001722903922899941,0.0,2.71992735453392e-06,0.001720183995545407,0.7951738928302845,0.5966191959493081,0.0
2012-06-18,1.8650073015058273e-05,0.0,8.14399192325759e-06,1.0506081091800683e-05,0.7954850789743744,0.5973146088417731,0.0
2012-06-19,0.0007660971602455054,0.0,2.715228087159011e-06,0.0007633819321583464,0.7955386337116706,0.5973269833490629,0.0
2012-06-20,-0.0004408954026985379,0.0,2.7119722676796227e-06,-0.0004436073749662175,0.7956108308725683,0.5976368553319559,0.0
2012-06-21,-0.00250898903409229,0.0,2.7131758524965237e-06,-0.0025117022099447866,0.795522835266486,0.5974609980342401,0.0
2012-06-22,0.0005860473381374474,0.0,2.721195856404014e-06,0.0005833261422810434,0.7950974115872717,0.5964501140697785,0.0
2012-06-25,-2.7291456176496378e-05,0.0,8.157047543762794e-06,-3.544850372025917e-05,0.7951762545400016,0.5966880976417737,0.0
2012-06-26,9.409179042514292e-05,4.645707166212162e-07,2.719705846678167e-06,9.090751386184353e-05,0.7950275559756005,0.5964890291680941,0.0023194962564002802
2012-06-27,0.0016256862114491025,0.0,2.719458627457027e-06,0.0016229667528216455,0.7950493718043637,0.5965288920000009,0.0
2012-06-28,0.0005961702420213065,0.0,2.7144595934989616e-06,0.0005934557824278074,0.7953409165422328,0.5971853662168085,0.0
2012-06-29,0.003227617092971444,0.0,2.7134418802485703e-06,0.003224903651091195,0.7955082472152071,0.5974269899570613,0.0
2012-07-02,0.0016178650182681156,0.0,8.110615380788878e-06,0.0016097544028873267,0.7960820881433567,0.5987237805441609,0.0
2012-07-03,0.0011446194495589913,0.0,2.6991934217691174e-06,0.0011419202561372222,0.7964179159150223,0.5993767961258769,0.0
2012-07-05,0.0006037578665963741,0.0,5.392229347626925e-06,0.0005983656372487472,0.7966528213709856,0.5998364501826029,0.0
2012-07-06,0.0006995723264654712,0.0,2.6945023761826833e-06,0.0006968778240892885,0.7967798135767292,0.6000811401153932,0.0
2012-07-09,0.0003070345774416098,0.0,8.077877834607047e-06,0.00029895669960700277,0.7969240272208395,0.6003623332454014,0.0
2012-07-10,0.0002839714191520236,0.0,2.691821206887972e-06,0.0002812795979451356,0.7969927954627508,0.6004898473599288,0.0
2012-07-11,0.0005125858164374114,1.0559243168072885e-06,2.6910642654520973e-06,0.000508838827855152,0.7964476913725992,0.5999999999945961,0.0052699965770066914
2012-07-12,0.0011619712908051564,0.0,2.689695643874765e-06,0.0011592815951612817,0.7965549590974284,0.6002071770945705,0.0
2012-07-13,0.0020681863227715986,0.0,2.6865811398061506e-06,0.0020654997416317926,0.7967932226700917,0.6006727994642428,0.0
2012-07-16,0.00013477633761630275,0.0,8.044887456418858e-06,0.0001267314501598839,0.7972575187097232,0.6014985906035306,0.0
2012-07-17,0.0012462153923432882,0.0,2.6807037157959035e-06,0.0012435346886274924,0.7972485019867162,0.6015571307336154,0.0
2012-07-18,0.0013626528176973276,0.0,2.6773743079696406e-06,0.001359975443389358,0.797502994740825,0.6020546702590412,0.0
2012-07-19,0.0006297236701647567,0.0,2.6737380898278247e-06,0.0006270499320749289,0.79778068541732,0.6025978048598889,0.0
2012-07-20,-0.0005038447377796635,0.0,2.6726463180668327e-06,-0.0005065173840977303,0.7979526930035163,0.6028495117846377,0.0
2012-07-23,-0.002117104312219549,0.0,8.020250115632613e-06,-0.002125124562335182,0.7978103396948826,0.6026509202144892,0.0
2012-07-24,-0.0009829687153429458,0.0,2.679110147989568e-06,-0.0009856478254909352,0.7973877837474652,0.6018127429442265,0.0
2012-07-25,0.0003100746134424834,5.746850692336831e-07,2.682339274317779e-06,0.00030681758909893194,0.7958107670296838,0.600000000004486,0.002869778989087461
2012-07-26,0.003167408723356313,0.0,2.682101940594923e-06,0.003164726621415718,0.7959193870856277,0.6001259454221981,0.0
2012-07-27,0.0007942570377465112,0.0,2.6730570430950235e-06,0.0007915839807034163,0.7965232829725841,0.6013901188266476,0.0
2012-07-30,0.0016834841416358576,0.0,8.014577585823107e-06,0.0016754695640500345,0.7967294613141324,0.6017080733924368,0.0
2012-07-31,0.0004337860581765193,0.0,2.6670572886313605e-06,0.00043111900088788795,0.7970774664208095,0.6023822843507199,0.0
2012-08-01,0.00010824336430244341,0.0,2.664743950826091e-06,0.00010557862035161732,0.7970826053504856,0.6025562969401811,0.0
2012-08-02,-0.001092835429018402,0.0,2.6650447251292698e-06,-0.0010955004737435313,0.797149183465319,0.6026009185308824,0.0
2012-08-03,0.0018541865405793567,0.0,2.6679674847690313e-06,0.0018515185730945878,0.7969293845543473,0.6021677581662083,0.0
2012-08-06,0.0005043065465153148,0.0,7.989110467899055e-06,0.0004963174360474158,0.7973073417433648,0.6029056536911547,0.0
2012-08-07,-0.0017980059350002884,0.0,2.6622968466928125e-06,-0.0018006682318469813,0.7974582957267367,0.6031106259181612,0.0
2012-08-08,-9.315870925747361e-06,1.5734023516019937e-06,2.739726027491597e-06,-1.3628999304840952e-05,0.7988745301669431,0.5988745301600564,0.007856865236885696
2012-08-09,-0.0011381370249982986,0.0,2.739164963489795e-06,-0.0011408761899617884,0.7988324186687153,0.5988733763339602,0.0
2012-08-10,0.00018880316703943274,0.0,2.742293580942046e-06,0.0001860608734584907,0.7986053915200679,0.5984179601112986,0.0
2012-08-13,-0.00039241726924159597,0.0,8.22535032695593e-06,-0.0004006426195685519,0.7986455979894674,0.5984954067002065,0.0
2012-08-14,-0.00038267549776100203,0.0,2.742882357890713e-06,-0.00038541838011889274,0.7985731231481306,0.5983427110221085,0.0
2012-08-15,-0.0022628833244685365,0.0,2.743939922771654e-06,-0.002265627264391308,0.7984982035345594,0.5981905891722287,0.0
2012-08-16,-0.00021254414811165405,0.0,2.7501707846825644e-06,-0.0002152943188963366,0.7980433890704923,0.5972809217886652,0.0
2012-08-17,0.000418925516895551,0.0,2.750763008331037e-06,0.00041617475388721996,0.7980026503594783,0.5971969507513125,0.0
2012-08-20,0.000404804770401476,0.0,8.248856059353035e-06,0.00039655591434212294,0.7980894312037694,0.5973672670928455,0.0
2012-08-21,0.00012227098554417349,0.0,2.7485287411240874e-06,0.00011952245680304939,0.7981777138811162,0.5975351157790577,0.0
2012-08-22,0.0016538048591262166,1.188873070045838e-06,2.73972602745918e-06,0.0016498762600287117,0.8000000000179597,0.6000000000134397,0.005928612649295506
2012-08-23,9.690794270609477e-05,0.0,2.735213264029726e-06,9.417272944206505e-05,0.800333353876488,0.600662785602318,0.0
2012-08-24,0.0015775593167422902,0.0,2.7349557057865398e-06,0.0015748243610365037,0.8003548902146989,0.6007031236922815,0.0
2012-08-27,0.0008355088964352058,0.0,8.191966209405907e-06,0.0008273169302257999,0.8006715324968195,0.6013336880679424,0.0
2012-08-28,0.0002893192827310566,0.0,2.7283981531502577e-06,0.00028659088457790634,0.8008444891888311,0.6016714240088621,0.0
2012-08-29,-0.0004086378793115464,0.0,2.727616443140949e-06,-0.00041136549575468737,0.8009042766064614,0.601788276257172,0.0
2012-08-30,-0.00040068686184119366,0.0,2.7287389521929004e-06,-0.00040341560079338657,0.800825070529308,0.6016271270192263,0.0
2012-08-31,0.0016683796223536846,0.0,2.7298402123224712e-06,0.0016656497821413623,0.800747417668067,0.6014690821685266,0.0
2012-09-04,0.00019608541368234495,0.0,1.0901203262458373e-05,0.0001851842104198866,0.80108147610441,0.6021345165645448,0.0
2012-09-05,0.00047113207120544375,0.0,2.7247962263776753e-06,0.00046840727497906605,0.8011292050388726,0.6022190805133024,0.0
2012-09-06,0.0006786159532804786,6.653464266928989e-07,2.7241154961110106e-06,0.0006752264913576746,0.7988604312064929,0.5999999999903892,0.0033224087210248915
2012-09-07,0.00042677300958664016,0.0,2.722277342333224e-06,0.00042405073224430694,0.7989995415028107,0.6002732955124852,0.0
2012-09-10,2.705499371922058e-05,0.0,8.161587344817273e-06,1.889340637440331e-05,0.7990440745802239,0.6004454491896701,0.0
2012-09-11,0.0006423141710279498,0.0,2.7204777158484884e-06,0.0006395936933121012,0.799056032683632,0.6004611594266921,0.0
2012-09-12,-0.001019342873882925,0.0,2.7187388276422473e-06,-0.001022061612710567,0.7991871917671526,0.6007192573492685,0.0
2012-09-13,0.0035597682621089323,0.0,2.721520389160526e-06,0.003557046741719772,0.798984460239255,0.6003134718305366,0.0
2012-09-14,-0.0012600832320562442,0.0,2.7118741261380932e-06,-0.0012627951061823823,0.7996996594335601,0.6017328482254793,0.0
2012-09-17,0.00039871883933780683,0.0,8.145908992424606e-06,0.0003905729303453822,0.7994491166336133,0.6012319978179477,0.0
2012-09-18,0.0009848194765411148,0.0,2.7142428876749527e-06,0.0009821052336534397,0.7995355585268246,0.601395827726553,0.0
2012-09-19,0.0008216645104414762,0.0,2.711579830931787e-06,0.0008189529306105444,0.7997349541194084,0.6017896264613882,0.0
2012-09-20,-0.0004171212647629454,8.173510997557892e-07,2.739726027456662e-06,-0.00042067834189015785,0.8000000000196232,0.6000000000152869,0.004082356703232495
2012-09-21,-1.277865509585973e-05,0.0,2.740879055913253e-06,-1.5519534151772982e-05,0.7999193875164488,0.5998352164347813,0.0
2012-09-24,9.28986785722325e-05,0.0,8.222764781219998e-06,8.467591379101251e-05,0.7999190232319866,0.5998317468889667,0.0
2012-09-25,-0.0010791544264059261,0.0,2.7406895233496167e-06,-0.0010818951159292758,0.7999441859055934,0.5998738507010712,0.0
2012-09-26,0.00028964910880103774,0.0,2.743657873402795e-06,0.0002869054509276349,0.799730255736942,0.599443230978538,0.0
2012-09-27,0.001470385446707944,0.0,2.742870928782546e-06,0.0014676425757791615,0.7997904406087624,0.5995608628076367,0.0
2012-09-28,-3.25105247234605e-05,0.0,2.7394496097504892e-06,-3.524997433321099e-05,0.8001302634257048,0.6001504419139192,0.0
2012-10-01,0.0009904557345590548,0.0,8.216843465657347e-06,0.0009822388910933975,0.8000822772742453,0.6001390862765833,0.0
2012-10-02,0.0010785098492131493,0.0,2.7362601607407276e-06,0.0010757735890524086,0.800286660327079,0.6005396685930059,0.0
2012-10-03,0.0010872966927049854,0.0,2.733916854838405e-06,0.001084562775850147,0.8005475993961513,0.6009716689929477,0.0
2012-10-04,0.0009400373616062769,7.633319007252808e-07,2.730358482530109e-06,0.0009365436712230216,0.7993161692042523,0.5999999999795544,0.0038102555643063085
2012-10-05,-0.000123374936662729,0.0,2.727803775169049e-06,-0.00012610274043789804,0.7995074329395101,0.6003777573521695,0.0
2012-10-08,-0.00016671231681993014,0.0,8.184443406246622e-06,-0.00017489676022617676,0.79948487523648,0.6003300856844788,0.0
2012-10-09,-0.0016028013113509503,0.0,2.7286250297591428e-06,-0.0016055299363807094,0.7994579855312197,0.6002683583588021,0.0
2012-10-10,-0.000540833870512734,0.0,2.7330129638884563e-06,-0.0005435668834766224,0.799138224562657,0.5996282781987997,0.0
2012-10-11,0.0010873392959147065,0.0,2.735096732149441e-06,0.001084604199182557,0.7990753269758545,0.5994132655289454,0.0
2012-10-12,0.0010112964011056553,0.0,2.7321334487396e-06,0.0010085642676569157,0.7992957467485583,0.5998500049905674,0.0
2012-10-15,0.0016017513238870207,0.0,8.18635366917507e-06,0.0015935649702178457,0.799457177351301,0.6002559047347077,0.0
2012-10-16,0.0004517626685060649,0.0,2.725038167531181e-06,0.0004490376303385337,0.7998278689659215,0.6009000827361453,0.0
2012-10-17,-0.00016131520845467942,0.0,2.723220151172303e-06,-0.00016403842860585171,0.7998770080316016,0.6010819369960234,0.0
2012-10-18,-0.0009428518020244193,4.401769794577812e-07,2.7242619557115967e-06,-0.0009460162409595887,0.7988711227666889,0.5999999999997423,0.0021980200467904
2012-10-19,-0.0012865818779599935,0.0,2.7262460102139305e-06,-0.0012893081239702074,0.79864036136669,0.5996244026210731,0.0
2012-10-22,-0.00044903659806305626,0.0,8.18929655721607e-06,-0.00045722589462027235,0.7983831413587655,0.5991102584665079,0.0
2012-10-23,-0.0013647897330332668,0.0,2.7310142094866826e-06,-0.0013675207472427535,0.7982991077843977,0.59893507049187,0.0
2012-10-24,-0.0005450413306871573,0.0,2.7353514829912264e-06,-0.0005477766821701485,0.7980692478283465,0.5983885895699871,0.0
2012-10-25,1.2609760832600588e-05,0.0,2.7368506659677433e-06,9.872910166632845e-06,0.797961311097088,0.5981712124814424,0.0
2012-10-26,0.00030770811200727446,0.0,2.73622588339811e-06,0.00030497188612387633,0.7979224059735042,0.5981779164854419,0.0
2012-10-31,0.0012249203383295842,0.0,1.3676958329209968e-05,0.0012112433800003741,0.7979867505610546,0.598303158954589,0.0
2012-11-01,-0.0011078124365412338,0.0,2.732679306034445e-06,-0.0011105451158472683,0.7982883727261313,0.5988027833856171,0.0
2012-11-02,-0.001278637963293902,0.0,2.735717443680393e-06,-0.0012813736807375823,0.7980668495314958,0.598359476142827,0.0
2012-11-05,0.00037088205175869,5.364246134180739e-07,8.217682252385593e-06,0.00036212794489288633,0.7977898167712041,0.5978262152964879,0.0026775763419052273
2012-11-06,0.00029576319998647524,0.0,2.7376377551528633e-06,0.00029302556223132235,0.7978281080060674,0.5979805518799084,0.0
2012-11-07,-0.0006477525060480069,0.0,2.736835792306964e-06,-0.0006504893418403138,0.7978900690200444,0.5981010561816359,0.0
2012-11-08,-0.0006966254831714035,0.0,2.7392155182045226e-06,-0.000699364698689608,0.7978049264795902,0.5978421936506602,0.0
2012-11-09,-0.000408264415573258,0.0,2.741132569558554e-06,-0.00041100554814281655,0.7976661605504803,0.5975634829727058,0.0
2012-11-12,0.0006875317509755438,0.0,8.226778960470548e-06,0.0006793049720150733,0.7975857082861025,0.5974007535813192,0.0
2012-11-13,-0.0005197207059347917,0.0,2.7403980874442887e-06,-0.000522461104022236,0.7977313371734189,0.597682276789986,0.0
2012-11-14,-0.002040903996112336,0.0,2.7418305872808963e-06,-0.002043645826699617,0.7976283462539359,0.5974747133824305,0.0
2012-11-15,-0.00014802253626921725,0.0,2.747445392591678e-06,-0.00015076998166180892,0.7972166707800477,0.5966531571208552,0.0
2012-11-16,0.0004077736825519318,0.0,2.7478596873459282e-06,0.00040502582286458587,0.7971888403905946,0.596595083214342,0.0
2012-11-19,0.0034812257686062113,1.06340979180191e-06,8.21917808223854e-06,0.003471943180732171,0.7968396674718154,0.5968396674706777,0.005308352305674277
2012-11-20,0.00026258432563520555,0.0,2.7302467657724774e-06,0.0002598540788694331,0.7975518385731905,0.5982438246717996,0.0
2012-11-21,-0.00021293674662524353,0.0,2.728941313571571e-06,-0.0002156656879388151,0.7975636409596849,0.5983509250689603,0.0
2012-11-23,0.0017856162317839896,0.0,5.459059959065448e-06,0.0017801571718249242,0.7975227024953669,0.5982670139894781,0.0
2012-11-26,-1.934731440135813e-05,0.0,8.174038864690561e-06,-2.7521353266048694e-05,0.7978879527657259,0.5989863403915889,0.0
2012-11-27,0.00015948358981919268,0.0,2.724754610497088e-06,0.00015675883520869559,0.797890564479371,0.5989834779130837,0.0
2012-11-28,0.001501191356131264,0.0,2.724327548083885e-06,0.0014984670285831802,0.7979249662808894,0.5990490552707657,0.0
2012-11-29,0.001986549836694911,0.0,2.7202513411394153e-06,0.001983829585353772,0.7982300362464578,0.5996516883432804,0.0
2012-11-30,0.0008830828471261087,0.0,2.714865510618478e-06,0.0008803679816154902,0.7986322358258517,0.6004470535507028,0.0
2012-12-03,0.0004439499064422951,0.0,8.137432596743716e-06,0.0004358124738455514,0.798812070103107,0.6008012102490099,0.0
2012-12-04,-0.00030716384296953917,7.728812090776951e-07,2.711295915738313e-06,-0.0003106480200943552,0.7979246018345016,0.5999999999856049,0.0038605225083179623
2012-12-05,0.0008667153186747963,0.0,2.7121384361732453e-06,0.0008640031802386231,0.7978652932651515,0.5998791874245046,0.0
2012-12-06,0.000634053927791801,0.0,2.7097971628077776e-06,0.0006313441306289932,0.798042497328242,0.6002273044432744,0.0
2012-12-07,-0.0001512617306678534,0.0,2.7080874277048104e-06,-0.0001539698180955582,0.7981726296510562,0.6004822474286052,0.0
2012-12-10,0.0003005936882223809,0.0,8.125513366927648e-06,0.0002924681748554533,0.7981442580465694,0.6004234327846635,0.0
2012-12-11,-0.0008239226997663736,0.0,2.7077125358985603e-06,-0.0008266304123022721,0.7982114003033539,0.600548385182759,0.0
2012-12-12,-0.0007963113956978604,0.0,2.7099526651872057e-06,-0.0007990213483630476,0.7980471676628075,0.6002206231041415,0.0
2012-12-13,-0.0012669331213922149,0.0,2.7121197067321862e-06,-0.001269645241098947,0.7978883861212303,0.5999036475297809,0.0
2012-12-14,-0.001258136344665144,0.0,2.7155675141025583e-06,-0.0012608519121792465,0.7976341654220466,0.5993977368925596,0.0
2012-12-17,-0.00102750150834701,0.0,8.156987295336637e-06,-0.0010356584956423467,0.7973814089515945,0.598894718098403,0.0
2012-12-18,-0.0009943024811257563,9.55188372876835e-07,2.7218146355053256e-06,-0.0009979794841341386,0.798692468399167,0.6000000000072783,0.0047640737166389086
2012-12-19,0.0003704989061502028,0.0,2.7251288720537727e-06,0.000367773777278149,0.798538497766607,0.5996040901066817,0.0
2012-12-20,0.0014854211066362157,0.0,2.723532020547361e-06,0.0014826975746156682,0.7985718527131767,0.5997540152132191,0.0
2012-12-21,-0.0005539850157230203,0.0,2.71949982475354e-06,-0.0005567045155477738,0.7988727870760259,0.6003492998690176,0.0
2012-12-24,-0.0007183782768293297,0.0,8.163043877647648e-06,-0.0007265413207069774,0.798763477294961,0.600129409605535,0.0
2012-12-26,-0.0001835226205668253,0.0,5.445985985614754e-06,-0.00018896860655244005,0.7986253333225217,0.5998468448475831,0.0
2012-12-27,0.0009417371751397639,0.0,2.7235076502530548e-06,0.0009390136674895109,0.7985927196553965,0.5997766611869234,0.0
2012-12-28,-0.0013830572095767664,0.0,2.720952638536898e-06,-0.0013857781622153033,0.7987843873734167,0.6001548447602232,0.0
2012-12-31,0.000789810206500945,0.0,8.175971274643842e-06,0.0007816342352263011,0.7985513382333607,0.5996027038836937,0.0
2013-01-02,0.004916960300017778,0.0,5.445200860191578e-06,0.004911515099157586,0.7986734246681667,0.5999235932711743,0.0
2013-01-03,-0.0018289078360363476,6.257289624003945e-07,2.7092936931991835e-06,-0.0018322428586919472,0.797778439607144,0.6000000000036034,0.0031249712659510848
2013-01-04,-0.0002918419251334052,0.0,2.7142668893235154e-06,-0.00029455619202272874,0.797410581614701,0.5992690986940843,0.0
2013-01-07,0.00019072021849129273,0.0,8.14697930600551e-06,0.00018257323918528722,0.7973969043261996,0.5991537412133988,0.0
2013-01-08,-0.00038232662954685844,0.0,2.713977989601191e-06,-0.00038504060753645963,0.7973554503873603,0.5992350571464733,0.0
2013-01-09,0.0007554479531409088,0.0,2.7150233838542324e-06,0.0007527329297570545,0.7972801089753387,0.5990834019539798,0.0
2013-01-10,0.0006067774399853545,0.0,2.7129812335414808e-06,0.0006040644587518131,0.7974353011179446,0.5993876710694166,0.0
2013-01-11,0.000624294441939933,0.0,2.711343407353895e-06,0.0006215830985325791,0.7975603007265691,0.5996322319897348,0.0
2013-01-14,0.00014553117925763018,0.0,8.128977387111098e-06,0.0001374022018705191,0.7976887653141395,0.5998836488944361,0.0
2013-01-15,0.0006240812160365666,0.0,2.7092868670561836e-06,0.0006213719291695104,0.79772468736488,0.5999467460697786,0.0
2013-01-16,-0.00034731611317374237,0.0,2.7076044376636067e-06,-0.000350023717611406,0.7978530051199522,0.6001978811705091,0.0
2013-01-17,0.000497577867263057,3.85170388269375e-07,2.7085524952766096e-06,0.000494484144379511,0.7977243321555622,0.6000000000003698,0.001923350410585653
2013-01-18,0.0013342103779511953,0.0,2.707805374313922e-06,0.0013315025725768813,0.7978705804193923,0.600200788094476,0.0
2013-01-22,-0.0001940913084917307,0.0,1.08144558081393e-05,-0.00020490576429987,0.7980989366157589,0.6007351181172167,0.0
2013-01-23,-0.0001342115241329791,0.0,2.704168051656183e-06,-0.00013691569218463528,0.7980683741174248,0.6006641063465235,0.0
2013-01-24,0.0003891939042148496,0.0,2.704538345395805e-06,0.0003864893658694538,0.7980434272615304,0.6006121280476369,0.0
2013-01-25,-0.0011944168627652462,0.0,2.7040842143310046e-06,-0.0011971209469795773,0.7981672787175133,0.6007691310713499,0.0
2013-01-28,-0.0009681733241435528,0.0,8.12020128480286e-06,-0.0009762935254283557,0.7978849025346317,0.6002933379377623,0.0
2013-01-29,-0.0002951189869533284,0.0,2.709378910688702e-06,-0.00029782836586401707,0.7976955141761914,0.5999108536959161,0.0
2013-01-30,-0.0019841857740495856,0.0,2.710186080980252e-06,-0.001986895960130566,0.7976379543977378,0.5997943704861793,0.0
2013-01-31,-0.0005205855104884647,0.0,2.715581659208623e-06,-0.0005233010921476734,0.7972377971821936,0.5990003360599641,0.0
2013-02-01,0.0009425732504389779,1.0225132446808177e-06,2.717597162686388e-06,0.0009388331400316106,0.7983376793866235,0.599953086510517,0.005103725046437916
2013-02-04,-0.0005118240325307749,0.0,8.143365149535935e-06,-0.0005199673976803108,0.7984872667778478,0.6003320481391401,0.0
2013-02-05,0.0010434303164935297,0.0,2.715867212251391e-06,0.0010407144492812783,0.7983905798173847,0.600132273323033,0.0
2013-02-06,0.0005482913906827057,0.0,2.713636535699163e-06,0.0005455777541470066,0.7986461689526277,0.6005507018465889,0.0
2013-02-07,0.00041861307622799145,0.0,2.7121568432599856e-06,0.00041590091938473146,0.7987586753791108,0.600771225821132,0.0
2013-02-08,0.000830916060003554,0.0,2.7110293236705495e-06,0.0008282050306798835,0.798845048065312,0.6009399074373617,0.0
2013-02-11,-0.0003048560173381514,0.0,8.126357680700067e-06,-0.0003129823750188515,0.7990142165316158,0.6012728463012476,0.0
2013-02-12,-6.412185492371444e-05,0.0,2.7096339612392747e-06,-6.683148888495372e-05,0.7989594207313194,0.6011561415608522,0.0
2013-02-13,-0.0007353730782164187,0.0,2.70981506221446e-06,-0.0007380828932786332,0.7989486938071436,0.6011321942654879,0.0
2013-02-14,0.00042168858587372495,0.0,2.7112241780123402e-06,0.0004189773616957126,0.7987596561226461,0.6008402911277455,0.0
2013-02-15,-0.0002848202239663554,6.825465694885126e-07,2.739726027627452e-06,-0.0002882424965634714,0.7987407884319845,0.5987407884151805,0.0034075789596667745
2013-02-19,0.0011639809278131403,0.0,1.0959669045650246e-05,0.00115302125876749,0.7986424784529803,0.5986285183698632,0.0
2013-02-20,-0.0005089897895865934,0.0,2.7367617169740644e-06,-0.0005117265513035675,0.7988853276148347,0.5991017222757281,0.0
2013-02-21,0.0007336912258601773,0.0,2.7387612236651466e-06,0.0007309524646365122,0.7988287744385072,0.5988992051109513,0.0
2013-02-22,0.0009447256987892365,0.0,2.736162902612793e-06,0.0009419895358866238,0.7989348052288433,0.5991949133381094,0.0
2013-02-25,-0.0004719992256692768,0.0,8.202555623314407e-06,-0.0004802017812925912,0.7991703659734856,0.5995748458061684,0.0
2013-02-26,0.0009549630202042369,0.0,2.7349011958492167e-06,0.0009522281190083877,0.7990384623473412,0.5993906750503485,0.0
2013-02-27,0.001095047908761926,0.0,2.7322994235099996e-06,0.001092315609338416,0.7992323738276671,0.5997745159114374,0.0
2013-02-28,0.00012569265166573597,0.0,2.729914530060764e-06,0.0001229627371356752,0.7994977014581962,0.6002139407637603,0.0
2013-03-01,0.0009974058544088837,0.0,2.7295788935688767e-06,0.0009946762755153149,0.7995250823173383,0.6002658230868103,0.0
2013-03-04,0.0006559818964636992,5.22739969500532e-07,8.180599631770557e-06,0.0006472785568624281,0.7978718575881925,0.5988105998817758,0.0026098611335096215
2013-03-05,0.0007244598532700427,0.0,2.724507311269358e-06,0.0007217353459587734,0.7979678446327297,0.5990788109100668,0.0
2013-03-06,-0.001155550241159632,0.0,2.7231372590059766e-06,-0.001158273378418638,0.7981597036629754,0.5993706837555389,0.0
2013-03-07,-0.0013331150903395984,0.0,2.7256994613436587e-06,-0.0013358407898009421,0.7978848943506088,0.5989088336725218,0.0
2013-03-08,-0.0012252436389256784,0.0,2.7299418216282074e-06,-0.0012279735807473066,0.7976608053636163,0.5983750523847571,0.0
2013-03-11,-0.0003925387027649355,0.0,8.198103351235847e-06,-0.0004007368061161713,0.7973711760421626,0.5978839944954234,0.0
2013-03-12,0.0005707544179619765,0.0,2.734394011978459e-06,0.000568020023949998,0.7973417514743744,0.5977309885999468,0.0
2013-03-13,-0.00026283379031593473,0.0,2.732244680328264e-06,-0.000265566034996263,0.7974159502419965,0.5979620885780332,0.0
2013-03-14,0.0005721422651784984,0.0,2.733567645890007e-06,0.0005694086975326084,0.7974084637230301,0.5978580255730596,0.0
2013-03-15,7.507555818154724e-05,0.0,2.7320120144882578e-06,7.234354616705899e-05,0.7975264874698083,0.5980896104121657,0.0
2013-03-18,-4.4501463689779584e-06,4.873274682978548e-07,8.195443156044855e-06,-1.3132916993320668e-05,0.7951115782557916,0.5956891281253667,0.0024322876207267807
2013-03-19,0.001004438112278102,0.0,2.7312534562629107e-06,0.0010017068588218392,0.7950740034663617,0.5956925011591692,0.0
2013-03-20,0.0006897011027716403,0.0,2.7285202787856204e-06,0.0006869725824928547,0.7952818023425664,0.5960998219912161,0.0
2013-03-21,-0.0005236632245772964,0.0,2.726647146953601e-06,-0.00052638987172425,0.7954250682320402,0.5963798265044274,0.0
2013-03-22,0.0012021868080704507,0.0,2.728083182309689e-06,0.001199458724888141,0.7953200534283448,0.5961699811197374,0.0
2013-03-25,-0.0003802314218422663,0.0,8.176230836051106e-06,-0.0003884076526783174,0.7956114534233383,0.5966565030794281,0.0
2013-03-26,0.0013719341366152439,0.0,2.7258736295066066e-06,0.0013692082629857372,0.7954967348680821,0.5965079599140999,0.0
2013-03-27,0.00043049866324226967,0.0,2.7227412603779494e-06,0.00042777592198189174,0.7958225032986318,0.5970623912910415,0.0
2013-03-28,0.0007015240429065903,0.0,2.720982473317639e-06,0.0006988030604332727,0.7958691267244039,0.5972374061722164,0.0
2013-04-01,0.00033147556352916617,0.0,1.087870606791402e-05,0.00032059685746125215,0.796057766185224,0.5975213804457932,0.0
2013-04-02,0.001255591195883081,7.106251366459814e-07,2.7182109203207454e-06,0.0012521623598261142,0.7940700509223086,0.5956406537388942,0.0035430065471498268
2013-04-03,0.00014585038138004137,0.0,2.7154047490252645e-06,0.0001431349766310161,0.7943743153125195,0.5961497686336751,0.0
2013-04-04,0.002009021999229789,0.0,2.7144230066273203e-06,0.0020063075762231618,0.7943631599542874,0.5962102804704928,0.0
2013-04-05,0.0016376203857663902,0.0,2.7089879435923316e-06,0.0016349113978227979,0.794777613605937,0.5970214937236967,0.0
2013-04-08,0.001410713380950084,0.0,8.115471576832203e-06,0.0014025979093732518,0.7951584321018339,0.5976819570655837,0.0
2013-04-09,-9.958117957669792e-05,0.0,2.7013682588049823e-06,-0.00010228254783550291,0.7954534441450097,0.598253561252246,0.0
2013-04-10,0.00025713151084679224,0.0,2.70164458989707e-06,0.0002544298662568952,0.7954352221065948,0.5982151670441087,0.0
2013-04-11,0.00125525676309529,0.0,2.7009573856709487e-06,0.001252555805709619,0.7954899572140391,0.59832006806006,0.0
2013-04-12,0.0017650748654684813,0.0,2.6969891988724314e-06,0.0017623778762696088,0.7957054742813626,0.5988252627636751,0.0
2013-04-15,-0.0026678376845925933,0.0,8.078498187631642e-06,-0.002675916182780225,0.7961105218750265,0.5995337326426566,0.0
2013-04-16,0.002146242383326745,3.875670956660512e-07,2.700057857729496e-06,0.0021431547583733493,0.7960921507125867,0.5989879270983335,0.001936985418341003
2013-04-17,-0.0009756378910235671,0.0,2.6942835910316605e-06,-0.0009783321746145988,0.7965313032432247,0.5998486010979135,0.0
2013-04-18,-0.0010084411145867543,0.0,2.696922076671194e-06,-0.0010111380366634255,0.796334745255211,0.599459433658214,0.0
2013-04-19,0.0022155938594051044,0.0,2.6990620251914416e-06,0.002212894797379913,0.7960882494199117,0.5990567215809367,0.0
2013-04-22,0.0008437162848583834,0.0,8.081072827850919e-06,0.0008356352120305325,0.7965841397439708,0.5999447009329315,0.0
2013-04-23,0.0015882844059731246,0.0,2.691441879011772e-06,0.0015855929640941127,0.7967620536012328,0.6002867964333733,0.0
2013-04-24,-0.0012164854010682804,0.0,2.687181103560558e-06,-0.001219172582171841,0.7970864832875187,0.600922262727598,0.0
2013-04-25,0.0006708517260182098,0.0,2.690461240138329e-06,0.0006681612647780716,0.796841485177545,0.6004378146474469,0.0
2013-04-26,0.0006922434378640345,0.0,2.6880774066313213e-06,0.0006895553604574032,0.7969369477102093,0.6007072970261229,0.0
2013-04-29,0.0006725626117480291,0.0,8.058675317130026e-06,0.0006645039364308991,0.7970795606642863,0.6009851279474557,0.0
2013-04-30,0.00033745008373746986,6.839178354928872e-07,2.6844412838563347e-06,0.0003340817246181206,0.7948278962590651,0.5988636825375528,0.0034135983820505825
2013-05-01,0.00039825583028190955,0.0,2.683544760594627e-06,0.00039557228552131494,0.794899784851781,0.5990010173283733,0.0
2013-05-02,0.0014064369380767457,0.0,2.682483644408421e-06,0.0014037544544323374,0.7949835672154194,0.5991622611736046,0.0
2013-05-03,-0.001467088465698406,0.0,2.679308702438335e-06,-0.0014697677744008443,0.795316364182163,0.5997268289041646,0.0
2013-05-06,-0.0010351028924540954,0.0,8.047998812921575e-06,-0.001043150891267017,0.7949749753801045,0.5991403375990128,0.0
2013-05-07,0.0001741580181768305,0.0,2.6854676189139176e-06,0.0001714725505579166,0.7947689364120142,0.5987298002312983,0.0
2013-05-08,0.00042142226830651743,0.0,2.685007213878655e-06,0.0004187372610926388,0.794806806879812,0.5988012802666701,0.0
2013-05-09,-0.001056613939745138,0.0,2.684469827316589e-06,-0.0010592984095724545,0.7949381880801104,0.5989718906859994,0.0
2013-05-10,-0.002040042418377623,0.0,2.6873164974083013e-06,-0.0020427297348750316,0.794723423398821,0.5985493190880149,0.0
2013-05-13,-0.0013807647019379798,0.0,8.07668674850445e-06,-0.0013888413886864843,0.7942629889623857,0.5977302780821107,0.0
2013-05-14,0.0006628326973112753,6.002383839912037e-07,2.6965622927200345e-06,0.0006595358966345641,0.7934926820454542,0.5966436346768916,0.0029980237126030623
2013-05-15,0.0011030538140776676,0.0,2.6941962764066597e-06,0.0011003596178012609,0.7935891101450214,0.5969127819673354,0.0
2013-05-16,0.0009223880566318787,0.0,2.691234950145587e-06,0.0009196968216817331,0.7938186779420415,0.5973585265814138,0.0
2013-05-17,-0.0011481413882705976,0.0,2.6887621041829834e-06,-0.0011508301503747806,0.794010816774023,0.5977311831686652,0.0
2013-05-20,-0.0014341457402178585,0.0,8.077344528557668e-06,-0.0014422230847464161,0.7938191154245573,0.5972703985629872,0.0
2013-05-21,0.0006833651400412814,0.0,2.695747847585087e-06,0.0006806693921936963,0.793486415628853,0.5966968227551419,0.0
2013-05-22,-0.0026509454438893927,0.0,2.69450282989854e-06,-0.0026536399467192912,0.7936725526528162,0.596973846070223,0.0
2013-05-23,-0.001047745641206689,0.0,2.701672094890512e-06,-0.0010504473133015795,0.7931262787849601,0.5959042158579527,0.0
2013-05-24,0.00028175656089554353,0.0,2.704513043350058e-06,0.00027905204785219346,0.7929114448406261,0.595481992676072,0.0
2013-05-28,-0.003730033612443722,0.0,1.0815034215950608e-05,-0.0037408486466596726,0.7929719209630134,0.5955975465219149,0.0
2013-05-29,-0.0037854217166706236,5.37469567604417e-07,2.7133179964710663e-06,-0.0037886725042346994,0.7898014047349277,0.59172919099254,0.0026822656714277637
2013-05-30,-0.00043145623776056,0.0,2.724232106920238e-06,-0.0004341804698674802,0.7890487109373358,0.5901797671321585,0.0
2013-05-31,-0.005093732956016565,0.0,2.724820028591887e-06,-0.0050964577760451565,0.7889163414036593,0.5900044793164514,0.0
2013-06-03,0.0006508701627605273,0.0,8.218129637911545e-06,0.0006426520331226157,0.7878814773645555,0.5879069895087079,0.0
2013-06-04,-0.0008708523819571304,0.0,2.7376172107044415e-06,-0.0008735899991678349,0.7880259210670106,0.5881798646855865,0.0
2013-06-05,-0.002482439396808477,0.0,2.740010856786366e-06,-0.002485179407665263,0.7878433207309427,0.5878225281855378,0.0
2013-06-06,0.0018901670016627046,0.0,2.746837240131471e-06,0.0018874201644225731,0.7873175065887825,0.586798388059185,0.0
2013-06-07,-0.0005067275145530944,0.0,2.741063621043608e-06,-0.000509468578174138,0.7876771899145044,0.5875795455783208,0.0
2013-06-10,-0.0027357562474751196,0.0,8.229180221479838e-06,-0.0027439854276965995,0.7876154510642692,0.5873720656749265,0.0
2013-06-11,-0.0027866334739046084,0.0,2.7500067972348974e-06,-0.0027893834807018432,0.7869954532447956,0.5862449570466479,0.0
2013-06-12,-0.001271167786860054,6.293296609952064e-07,2.7397260274686695e-06,-0.0012745368425485179,0.7849959475877542,0.5849959475825414,0.003145539631421168
2013-06-13,0.006365213474066579,0.0,2.7426230748166175e-06,0.006362470850991763,0.7846811924334581,0.5844697079718448,0.0
2013-06-14,0.00042920431083855567,0.0,2.725879039508591e-06,0.0004264784317990471,0.7860886877609161,0.587099517876789,0.0
2013-06-17,-0.00045443614977130366,0.0,8.172365275714755e-06,-0.0004626085150470184,0.7861391490517106,0.5872782606759848,0.0
2013-06-18,-0.0009447625750766131,0.0,2.725382543743397e-06,-0.0009474879576203565,0.7860483455598569,0.5870954198665888,0.0
2013-06-19,-0.00790763870374601,0.0,2.7279672598710056e-06,-0.00791036667100588,0.7858481646573183,0.5867065546867348,0.0
2013-06-20,-0.010741630352925297,0.0,2.749718541778548e-06,-0.010744380071467075,0.7841433876727089,0.5834139341228749,0.0
2013-06-21,-0.00455262817545477,0.0,2.7795834427256467e-06,-0.004555407758897496,0.7818017322717032,0.578892140952731,0.0
2013-06-24,-0.0051273128557689125,0.0,8.378741010489111e-06,-0.0051356915967794015,0.7808505344583703,0.5769678365364688,0.0
2013-06-25,0.005443821127950425,0.0,2.8073312577119998e-06,0.005441013796692713,0.7797276624061501,0.574792480593174,0.0
2013-06-26,0.0059928264143725585,8.315972380772432e-07,2.7397260274675227e-06,0.005989255091107014,0.7767657831062135,0.5767657831010843,0.004156690474976063
2013-06-27,0.005355587520429417,0.0,2.7234148015021345e-06,0.005352864105627915,0.7780983798377392,0.5792890993280835,0.0
2013-06-28,-0.0015742916264008327,0.0,2.7083225554899443e-06,-0.0015769999489563227,0.7792393725615454,0.5815318260107795,0.0
2013-07-01,0.003154768186570098,0.0,8.137800978196497e-06,0.0031466303855919014,0.778893395780519,0.5808735719777376,0.0
2013-07-02,0.0009243613760896439,0.0,2.704682420530183e-06,0.0009216566936691137,0.7796382000328302,0.582196383334127,0.0
2013-07-03,-0.001993589616250536,0.0,2.701601600232273e-06,-0.001996291217850768,0.7798007192660221,0.5825838024490662,0.0
2013-07-05,-0.006829849476352923,0.0,5.415194159048696e-06,-0.006835264670511972,0.7794061451650175,0.5817515583597401,0.0
2013-07-08,0.0052298035348899,0.0,8.178694782065922e-06,0.005221624840107833,0.777893402983456,0.5788784966198518,0.0
2013-07-09,0.0011859855711081387,0.0,2.710886907758925e-06,0.0011832746842003797,0.7789688932110693,0.5810741489446678,0.0
2013-07-10,-0.0012079386449252042,0.0,2.707682975042415e-06,-0.0012106463279002466,0.7792328322986718,0.5815719751205753,0.0
2013-07-11,0.007220216918695823,3.185572508539383e-07,2.710964994858428e-06,0.0072171873964501105,0.7773771216913085,0.5794766770666432,0.0015908266486420464
2013-07-12,-0.0007106216157377717,0.0,2.6915396488284823e-06,-0.0007133131553866002,0.7789753276928791,0.5824929333283998,0.0
2013-07-15,0.0021060060357341063,0.0,8.08038278982918e-06,0.0020979256529442773,0.7788202488062769,0.5821976009204333,0.0
2013-07-16,0.00037201644976547847,0.0,2.6878220790529464e-06,0.0003693286276864255,0.7792913595077875,0.5830803477369225,0.0
2013-07-17,0.002568144207606308,0.0,2.6868297559064357e-06,0.0025654573778504017,0.7793755302625135,0.5832369580813436,0.0
2013-07-18,0.0007250629067948292,0.0,2.679954446997839e-06,0.0007223829523478314,0.7799427645504852,0.5843060899196427,0.0
2013-07-19,0.0013772950330011766,0.0,2.6786035165098767e-06,0.0013746164294846667,0.7801468980708643,0.5846088413656433,0.0
2013-07-22,-0.0007220102900438395,0.0,8.02477955571004e-06,-0.0007300350695995495,0.7804513718257565,0.5851817359701453,0.0
2013-07-23,-0.00034859381326526726,0.0,2.676880735384222e-06,-0.0003512706940006515,0.7802990071757422,0.584886713492694,0.0
2013-07-24,-0.004356755672051159,0.0,2.6778213755572254e-06,-0.004359433493426716,0.7802244833582227,0.5847435229425452,0.0
2013-07-25,0.0006882549580326923,2.7215559530375626e-07,2.690133966474979e-06,0.0006852926684709135,0.7779485485672487,0.5815687690145751,0.0013592341170272637
2013-07-26,0.00039229584960063087,0.0,2.68711880116912e-06,0.00038960873079946174,0.7780179532440605,0.5818582807587147,0.0
2013-07-29,-0.0012305013435849157,0.0,8.058216851866284e-06,-0.001238559560436782,0.7781070917771856,0.5820238150484393,0.0
2013-07-30,-0.00010414628041931119,0.0,2.689989376313345e-06,-0.00010683626979562453,0.777882777346166,0.5815135528752916,0.0
2013-07-31,0.00014503606456589638,0.0,2.6896906266003455e-06,0.00014234637393929604,0.7778189445858315,0.5814715288440062,0.0
2013-08-01,-0.0019559012758168463,0.0,2.6898938988080825e-06,-0.0019585911697156543,0.7778960402958472,0.5815337856828571,0.0
2013-08-02,0.0029547343381264436,0.0,2.694585404564114e-06,0.0029520397527218797,0.7774200027366428,0.5807152682034626,0.0
2013-08-05,-0.0017670278181418021,0.0,8.061719404268153e-06,-0.0017750895375460703,0.7781205624391959,0.5819520569353377,0.0
2013-08-06,-5.798095705677214e-05,0.0,2.69201837507478e-06,-6.067297543184692e-05,0.7777340822534249,0.581216740872966,0.0
2013-08-07,-0.0003777528235422191,0.0,2.6921817177496376e-06,-0.0003804450052599687,0.7777232880822924,0.581194022686569,0.0
2013-08-08,0.0012741406736211532,4.536403382293944e-07,2.739726027434752e-06,0.0012709473072554892,0.7787702926520627,0.5787702926493258,0.0022670299691941315
2013-08-09,0.00020822311532044612,0.0,2.73624839989934e-06,0.00020548686692054677,0.7790542963655434,0.5793081631728912,0.0
2013-08-12,-0.000592306116187967,0.0,8.208847335173016e-06,-0.0006005149635231401,0.7791459462358409,0.5793973277466309,0.0
2013-08-13,-0.0028802885829825316,0.0,2.7379266109570547e-06,-0.0028830265095934884,0.7790214541598163,0.5791528115599512,0.0
2013-08-14,-0.0014385587570494326,0.0,2.7458429489698413e-06,-0.0014413045999984025,0.7783852709476328,0.5779387356728344,0.0
2013-08-15,-0.004222687610903136,0.0,2.7498062573779305e-06,-0.004225437417160514,0.7780681453876592,0.5773322885990705,0.0
2013-08-16,-0.0027766775325515085,0.0,2.7614746958848788e-06,-0.0027794390072473935,0.7771291684430928,0.5755415156434966,0.0
2013-08-19,-0.003243137698799699,0.0,8.307514317000113e-06,-0.003251445213116699,0.7765107551930608,0.574361240146058,0.0
2013-08-20,0.002284142396894089,0.0,2.7775992921748135e-06,0.0022813647976019143,0.7757458674931329,0.5729811191643716,0.0
2013-08-21,-0.0029849567027353534,0.0,2.771880947493139e-06,-0.0029877285836828467,0.7763031680364626,0.5739558588694635,0.0
2013-08-22,0.0015487265908960483,2.9543303301737745e-07,2.739726027436326e-06,0.0015456914318355945,0.7741587601492849,0.5741587601464332,0.0014768398370382796
2013-08-23,0.00319482281300219,0.0,2.7349017701458516e-06,0.003192087911232044,0.7744668231641814,0.5748189939435344,0.0
2013-08-26,-0.0005930934507154769,0.0,8.180380880894806e-06,-0.0006012738315963718,0.7752305514961614,0.5761746167277213,0.0
2013-08-27,-0.0005076053126397069,0.0,2.7278396802904018e-06,-0.0005103331523199973,0.7750601102614114,0.5759278136002121,0.0
2013-08-28,-0.001526436005839222,0.0,2.7292324981145527e-06,-0.0015291652383373367,0.7749479865976542,0.5757140142352917,0.0
2013-08-29,0.0008771406736806512,0.0,2.7334123372426357e-06,0.0008744072613434085,0.7746060512387697,0.5750669506200574,0.0
2013-08-30,6.174239882261495e-05,0.0,2.7316194865253463e-06,5.9010779336089606e-05,0.7748491440897907,0.5754409215734403,0.0
2013-09-03,-0.0024368397857937973,0.0,1.0925833204168681e-05,-0.002447765618997966,0.7748651610915688,0.5754687051154904,0.0
2013-09-04,0.00012175961919601146,0.0,2.738160676605827e-06,0.00011902145851940564,0.7743236841979428,0.5744379548057176,0.0
2013-09-05,-0.0025057078071343167,0.0,2.737834815512646e-06,-0.0025084456419498294,0.7743532791604256,0.5744913376280024,0.0
2013-09-06,0.0021868192108314122,3.645720584589187e-08,2.7397260274367254e-06,0.0021840430275981296,0.7736063053896531,0.5736063053867723,0.00018227254974492735
2013-09-09,0.001361472950810009,0.0,8.201266164127764e-06,0.001353271684645881,0.7741024515385754,0.5745383082114665,0.0
2013-09-10,-0.0005406113755930844,0.0,2.7288692063871166e-06,-0.0005433402447994715,0.7743289376069225,0.5751214855406628,0.0
2013-09-11,0.002607642632362528,0.0,2.7309498717631646e-06,0.002604911682490765,0.7742525774357957,0.5748932367970847,0.0
2013-09-12,0.0006521062199784382,0.0,2.7238544714291653e-06,0.000649382365507009,0.7748418255447165,0.5760004491303875,0.0
2013-09-13,0.00068431391383866,0.0,2.7220867962660227e-06,0.0006815918270423939,0.7749906664924229,0.5762783303650032,0.0
2013-09-16,0.0033216617522866627,0.0,8.162476598468049e-06,0.0033134992756881946,0.7751899230075268,0.5765696591114708,0.0
2013-09-17,0.00218832985019715,0.0,2.7112489863320712e-06,0.0021856186012108175,0.7758973731553668,0.5779761971531255,0.0
2013-09-18,0.008078146670976498,0.0,2.705336153312789e-06,0.008075441334823186,0.7763888131737142,0.5788992739818806,0.0
2013-09-19,-0.0022439365313000484,0.0,2.6842492345980617e-06,-0.0022466207805346464,0.7782254848277338,0.5822752907020754,0.0
2013-09-20,-0.000515100095283723,8.80761528560796e-08,2.69029330343925e-06,-0.0005178784647400183,0.7772888058252794,0.5808973946742142,0.0004400041773229002
2013-09-23,0.00047392945643391345,0.0,8.073302382417844e-06,0.0004658561540514956,0.7771333757808614,0.5806830178086938,0.0
2013-09-24,-0.00010844713710243646,0.0,2.6898477120291264e-06,-0.00011113698481446559,0.7772452207679901,0.5808863377898639,0.0
2013-09-25,-0.0005650041787244532,0.0,2.6901466868205967e-06,-0.0005676943254112739,0.7772231518685135,0.5808424437306101,0.0
2013-09-26,0.00017615563692605695,0.0,2.6916747352937327e-06,0.0001734639621907632,0.7770993025541343,0.5806070468776916,0.0
2013-09-27,-0.0013191900607311083,0.0,2.6912079077070304e-06,-0.0013218812686388154,0.7771406522943372,0.580682475031724,0.0
2013-09-30,-0.0013268484225585518,0.0,8.084310221372537e-06,-0.0013349327327799242,0.7768483635339329,0.5801301481472011,0.0
2013-10-01,0.0007168054064849088,0.0,2.6983722191912355e-06,0.0007141070342657176,0.7765581680287669,0.5795769960278065,0.0
2013-10-02,0.00023191041192044005,0.0,2.6970343088639847e-06,0.00022921337761157607,0.7767632098048096,0.5798797052577389,0.0
2013-10-03,-0.0004063100935578068,0.0,2.6964162541871354e-06,-0.00040900650981199395,0.7768170633538685,0.5799786767982076,0.0
2013-10-04,0.00012892647783386546,0.0,2.697519557246311e-06,0.00012622895827661915,0.7767284402487222,0.5798095125697419,0.0
2013-10-07,4.3095651381975675e-05,0.0,8.09153728541685e-06,3.5004114096558826e-05,0.7767593172071211,0.5798652432619779,0.0
2013-10-08,-0.0003679255583244113,0.0,2.6970846860791947e-06,-0.0003706226430104905,0.7767752225300101,0.5798880404462288,0.0
2013-10-09,-0.00012080975324968637,0.0,2.6980846573459386e-06,-0.0001235078379070323,0.7766951577838748,0.5797349777976214,0.0
2013-10-10,0.0024182865759241807,0.0,2.6978299904347557e-06,0.002415588745933746,0.7766273530814589,0.5796857637797217,0.0
2013-10-11,0.0006183480015782253,0.0,2.690740355509459e-06,0.0006156572612227158,0.7771253607470687,0.5807013147948783,0.0
2013-10-14,-0.00035537814534597505,0.0,8.065489173492379e-06,-0.00036344363451946743,0.7772222258842127,0.5809619893292317,0.0
2013-10-15,-0.0008935219124281643,0.0,2.689473863320025e-06,-0.0008962113862914843,0.7771492977041937,0.5808177056818319,0.0
2013-10-16,0.00390884381192006,0.0,2.6918863625287627e-06,0.0039061519255575313,0.7769520891006232,0.5804443846360234,0.0
2013-10-17,0.0038992239691372364,0.0,2.681999217817274e-06,0.003896541969919419,0.7778654802429872,0.5820795373423261,0.0
2013-10-18,0.0007471459793523297,1.308907259022914e-07,2.671589258146736e-06,0.0007443434993682806,0.7780765962117224,0.5830505803670107,0.0006537525133605837
2013-10-21,-0.0010537932201365148,0.0,8.01055807576767e-06,-0.0010618037782122824,0.7782870833584329,0.583363503514753,0.0
2013-10-22,0.0033481981525167025,0.0,2.6730242525064354e-06,0.003345525128264196,0.7780594365877378,0.582928666154768,0.0
2013-10-23,0.0008441602335838519,0.0,2.6641114008704546e-06,0.0008414961221829814,0.7788021326355855,0.5843220003720424,0.0
2013-10-24,7.5832406212594084e-06,0.0,2.6618714463704434e-06,4.921369174888965e-06,0.7789907751526518,0.5846741595676094,0.0
2013-10-25,0.0004900619745228516,0.0,2.661276299208773e-06,0.00048740069822364283,0.778952035229926,0.5846788653876855,0.0
2013-10-28,0.0015651037659362244,0.0,7.981684760423357e-06,0.001557122081175801,0.7791048504000828,0.5848838545631145,0.0
2013-10-29,0.0008876234489462047,0.0,2.6564252084585553e-06,0.0008849670237377461,0.7794562456346202,0.5855372054171457,0.0
2013-10-30,-0.0019386317334102233,0.0,2.6534960927653903e-06,-0.0019412852295029887,0.7796115358647988,0.5859063210929253,0.0
2013-10-31,-0.0003451725110153104,0.0,2.658657304921693e-06,-0.0003478311683202321,0.7791855254830473,0.5851035422237638,0.0
2013-11-01,-0.001577244254091882,7.610720818221818e-07,2.659582390567667e-06,-0.001580664908564272,0.7803220792885152,0.5861725647770756,0.003800944410682322
2013-11-04,0.00042379838343516364,0.0,7.991378863843432e-06,0.0004158070045713202,0.7799777184434121,0.5855208327565553,0.0
2013-11-05,-0.0015232511625940096,0.0,2.662685791211428e-06,-0.001525913848385221,0.7800771552815686,0.5857010925231344,0.0
2013-11-06,0.0020172429851892755,0.0,2.6667550296412665e-06,0.002014576230159634,0.7797437258684583,0.5850706087046459,0.0
2013-11-07,-0.0010605959463898162,0.0,2.661975522454421e-06,-0.0010632579219122707,0.7802317095137394,0.5859074963745667,0.0
2013-11-08,-0.0028942257064654936,0.0,2.6642262092811217e-06,-0.002896889932674775,0.7799579186890397,0.5854694054115178,0.0
2013-11-11,-0.0014741449469846562,0.0,8.01589980729629e-06,-0.0014821608467919525,0.7793213010137963,0.5842677390362533,0.0
2013-11-12,-0.0006153500603299265,0.0,2.676518017891936e-06,-0.0006180265783478183,0.7790444854241193,0.5836586701180081,0.0
2013-11-13,0.0020779054156935548,0.0,2.6781732001108497e-06,0.002075227242493444,0.778910522769003,0.583403879160911,0.0
2013-11-14,0.002937937562241161,0.0,2.672626891975593e-06,0.0029352649353491856,0.7793710561369895,0.5842692930227712,0.0
2013-11-15,0.0008619690917532255,1.0677588551133867e-06,2.7397260274210604e-06,0.000858161606870691,0.7801589088604859,0.5801589088587485,0.0053297573784623275
2013-11-18,0.0008670651117869893,0.0,8.212130746945521e-06,0.0008588529810400437,0.780351210503509,0.5805226956611682,0.0
2013-11-19,-0.002033457209847186,0.0,2.735027928758555e-06,-0.0020361922377759444,0.780547899724765,0.5808908609253906,0.0
2013-11-20,-0.001937050813712775,0.0,2.7406083341753557e-06,-0.0019397914220469503,0.7801028819478044,0.5800384735530033,0.0
2013-11-21,0.0007894389600316902,0.0,2.7459348750914014e-06,0.0007866930251565988,0.7796782443043382,0.579224998422666,0.0
2013-11-22,0.0014303675433436664,0.0,2.744376456108222e-06,0.001427623166887558,0.7798979840468134,0.5795585027509134,0.0
2013-11-25,0.0010332468805897374,0.0,8.219594612395868e-06,0.0010250272859773416,0.7801707551215664,0.5801606195532668,0.0
2013-11-26,9.548149015495558e-05,0.0,2.7370593103222253e-06,9.274443084463336e-05,0.7804040665398667,0.5805987368863443,0.0
2013-11-27,-0.00048338515342128075,0.0,2.7368054868549383e-06,-0.0004861219589081357,0.7804271677565267,0.5806403672161162,0.0
2013-11-29,-0.00025657434807291714,0.0,5.477470824850292e-06,-0.00026205181889776743,0.7803668313845461,0.5804391462775105,0.0
2013-12-02,-0.0026362502068248746,9.392652217802919e-08,8.219178082256786e-06,-0.0026445633114293094,0.7798653425658453,0.5798653425642637,0.00046930711697870664
2013-12-03,0.0012543675832822827,0.0,2.747591829950405e-06,0.0012516199914523322,0.779333862503927,0.5787596589175473,0.0
2013-12-04,-0.0023034231919216706,0.0,2.7447573619899e-06,-0.0023061679492836604,0.779656264261856,0.5792889768365932,0.0
2013-12-05,-0.0009421080421029902,0.0,2.751101864936097e-06,-0.0009448591439679264,0.7791496911152835,0.5783192549749483,0.0
2013-12-06,0.0022479323679304884,0.0,2.7537037270823202e-06,0.0022451786642034063,0.7789435750326786,0.5779232029556692,0.0
2013-12-09,0.0011882060085673905,0.0,8.242605060228459e-06,0.0011799634035071622,0.779441521925592,0.5788714654600328,0.0
2013-12-10,0.0004900435929543132,0.0,2.7442968502246106e-06,0.0004872992961040885,0.7797096990239575,0.5793760289575609,0.0
2013-12-11,-0.0011874861562403416,0.0,2.7423604265799626e-06,-0.0011902285166669215,0.7797759529901456,0.5795836418498082,0.0
2013-12-12,-0.0018780530741565418,0.0,2.7462288475338224e-06,-0.0018807993030040757,0.7795601055197855,0.5790853996498166,0.0
2013-12-13,0.0006807038093078708,0.0,2.751403685667969e-06,0.0006779524056222028,0.7791474724687756,0.5782950034150137,0.0
2013-12-16,0.00043051191942998756,1.6310495004142132e-07,8.219178082256507e-06,0.00042212963639768963,0.7784845511746314,0.5784845511730563,0.0008152968967496954
2013-12-17,0.0005211888043186853,0.0,2.7379711747682387e-06,0.0005184508331439171,0.778542684760812,0.5786707890027307,0.0
2013-12-18,0.0013364447571136246,0.0,2.736552406892919e-06,0.0013337082047067317,0.7786601765478619,0.5788918508446786,0.0
2013-12-19,-0.0011788602083015129,0.0,2.7335052193497998e-06,-0.0011815937135208627,0.7790013520982786,0.579455471085743,0.0
2013-12-20,0.0014463643474008005,0.0,2.736738932868377e-06,0.0014436276084679321,0.7787426493088474,0.578960707209456,0.0
2013-12-23,-0.00029593667664446003,0.0,8.196588714711255e-06,-0.00030413326535917127,0.7790207131353659,0.5795703877440588,0.0
2013-12-24,-0.00028354892481656166,0.0,2.7330274427975808e-06,-0.00028628195225935925,0.7789616846194547,0.5794506812952313,0.0
2013-12-26,0.00022857396714749038,0.0,5.467620166570654e-06,0.00022310634698091973,0.7789011210281829,0.5793329849483541,0.0
2013-12-27,-7.550763042421463e-05,0.0,2.733200288953262e-06,-7.824083071316789e-05,0.7789559049889069,0.5794322838953189,0.0
2013-12-30,0.0011123128461850349,0.0,8.202035933928442e-06,0.0011041108102511064,0.7789849835594916,0.5794021091672328,0.0
2013-12-31,-0.0004996333368125485,9.478760472379907e-08,2.7309966550742755e-06,-0.0005024591210723466,0.7795159367443604,0.5801531809239382,0.0004738448330703707
2014-01-02,-0.0002034184706796972,0.0,5.462348686884952e-06,-0.00020888081936658214,0.779320673286372,0.5799449462150711,0.0
2014-01-03,-7.442676351888598e-05,0.0,2.7317449525664127e-06,-7.71585084714524e-05,0.7792800314671767,0.5798626499298288,0.0
2014-01-06,0.0008295734125155981,0.0,8.197661002683117e-06,0.000821375751512915,0.7793093799447928,0.5798329622128369,0.0
2014-01-07,0.000740819389979413,0.0,2.729713625616463e-06,0.0007380896763537966,0.7794550795959686,0.5801859849259665,0.0
2014-01-08,-0.0018411750931861383,0.0,2.7282973281732973e-06,-0.0018439033905143117,0.7796640494373951,0.5804983444807443,0.0
2014-01-09,0.0017179951477444598,0.0,2.7333373381581574e-06,0.0017152618104063016,0.7792597540467586,0.5797261283612131,0.0
2014-01-10,0.0025584067344466073,0.0,2.7280599083385303e-06,0.0025556786745382686,0.7795968756686648,0.5804485023599519,0.0
2014-01-13,-0.00029944791137933457,0.0,8.165103550136992e-06,-0.00030761301492947154,0.7802049153552385,0.5815207289685717,0.0
2014-01-14,0.0001870273340418901,0.0,2.7225386717082474e-06,0.00018430479537018187,0.7801454503379344,0.5814001273032325,0.0
2014-01-15,0.00013268454067473482,1.6508263943466442e-07,2.7220369872003245e-06,0.00012979742104809983,0.7799292265822046,0.581220526516581,0.0008249907055216804
2014-01-16,0.0005934417755617116,0.0,2.7216837196726048e-06,0.0005907200918420391,0.7799606742388443,0.5812777627027442,0.0
2014-01-17,-0.0001826203601832628,0.0,2.72007691558723e-06,-0.00018534043709885005,0.7800932992290414,0.5815276843911735,0.0
2014-01-21,-0.000171696054648548,0.0,1.0879943390715695e-05,-0.00018257599803926368,0.7800117976333558,0.5814528307527945,0.0
2014-01-22,-0.000984342551025966,0.0,2.7210779528095638e-06,-0.0009870636289787756,0.7800259726165139,0.5813872820614157,0.0
2014-01-23,-0.00018903201285288778,0.0,2.7237664836394135e-06,-0.0001917557793365272,0.7798113534899839,0.5809764001843066,0.0
2014-01-24,-0.0016368335657359298,0.0,2.7242888817771054e-06,-0.001639557854617707,0.7797718472354044,0.5808987588656758,0.0
2014-01-27,-0.0012677611538865366,0.0,8.184497263369753e-06,-0.0012759456511499065,0.7793693185149161,0.5802132184395854,0.0
2014-01-28,0.0024751865313366633,0.0,2.7316511929166027e-06,0.0024724548801437467,0.7790956410560618,0.5796851039731498,0.0
2014-01-29,-0.001675939439484408,0.0,2.724913966083212e-06,-0.0016786643534504912,0.7796431949652373,0.5807244754411629,0.0
2014-01-30,0.00028366806245000913,2.1179421331008587e-07,2.7300932565064724e-06,0.0002807261749801926,0.7787187049749771,0.5794218972500047,0.0010584336084645818
2014-01-31,-7.463812247869305e-05,0.0,2.7293270629598077e-06,-7.736744954165286e-05,0.7787837480546986,0.5795428724586325,0.0
2014-02-03,-0.0011621357068197077,0.0,8.186822936478403e-06,-0.001170322529756186,0.7787257612386468,0.5795130697843388,0.0
2014-02-04,6.260375983144702e-06,0.0,2.732138462022698e-06,3.528237521122004e-06,0.7784746920027261,0.5790285842750692,0.0
2014-02-05,-0.0005043181247968274,0.0,2.7327267816670615e-06,-0.0005070508515784945,0.7785218567474911,0.5790328016857956,0.0
2014-02-06,0.0015636040502801075,0.0,2.733514853457602e-06,0.0015608705354266499,0.7783685600391136,0.5788219757367086,0.0
2014-02-07,0.002774982276454734,0.0,2.72925483999418e-06,0.00277225302161474,0.7787166881554066,0.5794810848358313,0.0
2014-02-10,0.0004941473125222841,0.0,8.166915753821263e-06,0.0004859803967684628,0.7793746518058092,0.5806463684628251,0.0
2014-02-11,0.0009243925054086516,0.0,2.7203875174030947e-06,0.0009216721178912485,0.7794465188326615,0.5808582300622358,0.0
2014-02-12,-0.0013349252822367323,0.0,2.717882520863956e-06,-0.0013376431647575961,0.7796523275261437,0.5812469035030748,0.0
2014-02-13,0.0015489659379549802,1.8537754454492313e-07,2.7221185854598065e-06,0.0015460584418249756,0.7791247982421252,0.5804101415035595,0.0009264656403824498
2014-02-14,0.0006600367973237139,0.0,2.717916527668108e-06,0.0006573188807960459,0.7794686600780345,0.5810607535582625,0.0
2014-02-18,-8.804468341087261e-05,0.0,1.0864524653487214e-05,-9.890920806435982e-05,0.7796162404007747,0.5813386654746331,0.0
2014-02-19,-0.000781707147501015,0.0,2.715805453650774e-06,-0.0007844229529546657,0.7795619156332736,0.5813081175167673,0.0
2014-02-20,0.00020082933977646534,0.0,2.7185323194787772e-06,0.00019811080745698657,0.7794350054218744,0.5809821460999236,0.0
2014-02-21,0.0006867102876315921,0.0,2.7179938555214694e-06,0.0006839922937760707,0.7794814110699114,0.581067859616844,0.0
2014-02-24,0.0012645782488476768,0.0,8.14662513134059e-06,0.001256431623716336,0.7795914711096105,0.5813569262469893,0.0
2014-02-25,0.0014950522699667783,0.0,2.712727682554892e-06,0.0014923395422842235,0.7799195198235076,0.5818903989970005,0.0
2014-02-26,0.0007857248368357895,0.0,2.7086854042185997e-06,0.0007830161514315708,0.7802501739060826,0.5825161393981249,0.0
2014-02-27,0.0016655394376131401,0.0,2.7065661192322743e-06,0.0016628328714939078,0.7804248135089593,0.5828454868050034,0.0
2014-02-28,0.0015538846938195103,1.2421747457068866e-06,2.739726027405321e-06,0.001549902793046398,0.7845329600672528,0.5845329600666646,0.006198519799914218
2014-03-03,-0.0005803780172009362,0.0,8.20825495089164e-06,-0.0005885862721518279,0.7849140766461631,0.5851798728411332,0.0
2014-03-04,0.0009530620828105577,0.0,2.737696354121981e-06,0.0009503243864564358,0.7847956185564949,0.5849437847055904,0.0
2014-03-05,-0.0004914516879843042,0.0,2.7344986467168497e-06,-0.000494186186631021,0.7849589845679836,0.5853405833576536,0.0
2014-03-06,-0.0010744853204329534,0.0,2.7364494401388486e-06,-0.0010772217698730923,0.7848991080644074,0.5851382989342715,0.0
2014-03-07,-0.0013754591088281831,0.0,2.7394003818665744e-06,-0.0013781985092100497,0.7846698862275812,0.5846936583513211,0.0
2014-03-10,1.8595648506595677e-05,0.0,8.22774234927434e-06,1.0367906157321338e-05,0.7843316341826203,0.5841232370169447,0.0
2014-03-11,-0.00022898594881701697,0.0,2.742552348566062e-06,-0.00023172850116558302,0.784342097845861,0.5841357764005383,0.0
2014-03-12,0.0012542099868029636,0.0,2.7431880234151636e-06,0.0012514667987795485,0.7842948553683518,0.5840421296590448,0.0
2014-03-13,7.62064379893114e-05,0.0,2.739759305607541e-06,7.346667868370386e-05,0.784567205546002,0.5845647762366517,0.0
2014-03-14,5.7627232277141784e-05,1.5587766782950214e-07,2.7397260274040744e-06,5.473162858190821e-05,0.7849265096289768,0.5849265096284791,0.0007789202988289085
2014-03-17,0.0006431882827895502,0.0,8.218728257829768e-06,0.0006349695545317204,0.7849411757523631,0.5849521214785053,0.0
2014-03-18,0.0012206855862673676,0.0,2.7378376423950352e-06,0.0012179477486249726,0.7850858584173604,0.5852237105225229,0.0
2014-03-19,-0.0035620483288830917,0.0,2.734507155561362e-06,-0.003564782836038653,0.785350028704288,0.5857310063483087,0.0
2014-03-20,0.0005050823281965479,0.0,2.7448905741373816e-06,0.0005023374376224105,0.7846287003222258,0.5842516884101968,0.0
2014-03-21,0.0005001362164397853,0.0,2.7429120858550913e-06,0.0004973933043539302,0.7846957552731026,0.5844631730056808,0.0
2014-03-24,0.0004382174701388427,0.0,8.226445436558207e-06,0.0004299910247022845,0.7848493359931045,0.5846724970368546,0.0
2014-03-25,0.0010613182168774658,0.0,2.7409698864026103e-06,0.0010585772469910632,0.7849500319946463,0.5848592302872557,0.0
2014-03-26,0.0011933110773780858,0.0,2.7380714262901164e-06,0.0011905730059517956,0.7851801763420605,0.5853009622228822,0.0
2014-03-27,0.0006923559308751264,0.0,2.734217012595013e-06,0.0006896217138625314,0.7853946813157391,0.5857968393963031,0.0
2014-03-28,1.680627277184861e-05,1.2911696501644687e-07,2.732332736636027e-06,1.3944823070196136e-05,0.7861906551007337,0.5867303653263036,0.0006453469643395437
2014-03-31,0.0013592632936464122,0.0,8.196883905812038e-06,0.0013510664097406001,0.7861964980024364,0.5867389896276769,0.0
2014-04-01,-0.0002465077363221552,0.0,2.7286081045153693e-06,-0.00024923634442667057,0.7864931568104285,0.5873047651808067,0.0
2014-04-02,-0.0009773057364646177,0.0,2.7292883423646012e-06,-0.0009800350248069824,0.7864426591675711,0.5872046101749553,0.0
2014-04-03,0.00048016342683470574,0.0,2.731965764500258e-06,0.00047743146107020546,0.7862358921431578,0.586802391334639,0.0
2014-04-04,0.0017394279860047143,0.0,2.731259698748355e-06,0.001736696726305966,0.786384259403697,0.5870023013950671,0.0
2014-04-07,0.00020470582512432478,0.0,8.17778385112729e-06,0.0001965280412731975,0.7867137765589849,0.587721036181554,0.0
2014-04-08,0.001545870513116526,0.0,2.7253923343586957e-06,0.0015431451207821674,0.7867638612235259,0.5878102208153411,0.0
2014-04-09,0.0007122201997516481,0.0,2.7211931384445773e-06,0.0007094990066132035,0.787095129727625,0.5884480306211707,0.0
2014-04-10,0.00011746691959931781,0.0,2.719263823462971e-06,0.00011474765577585485,0.7872487976874495,0.5887425385746526,0.0
2014-04-11,-0.00048610944075451164,1.145176163148118e-07,2.7189518301094495e-06,-0.0004889429102009359,0.7872795760130268,0.5887960924150369,0.0005723987068645825
2014-04-14,0.0006845627639870347,0.0,8.160845677963881e-06,0.0006764019183090708,0.7871783518464723,0.5885977736826845,0.0
2014-04-15,0.0005819074795920797,0.0,2.718443132505124e-06,0.0005791890364595745,0.7873303628426996,0.5888840141698254,0.0
2014-04-16,0.001316559377573209,0.0,2.7168695514473558e-06,0.0013138425080217616,0.7874561843336277,0.5891247070779707,0.0
2014-04-17,-0.0009663450406285901,0.0,2.7133046964000062e-06,-0.0009690583453249901,0.7877377803302281,0.5896665374930276,0.0
2014-04-21,0.0005428969255963997,0.0,1.0866124051222749e-05,0.000532030801545177,0.7875779945909414,0.5892712306561262,0.0
2014-04-22,1.777127565479638e-05,0.0,2.714492403855534e-06,1.5056783250940846e-05,0.7876584406422252,0.5895004951607711,0.0
2014-04-23,0.0003556842450721801,0.0,2.713858009200679e-06,0.0003529703870629794,0.787621024992961,0.5895093903213114,0.0
2014-04-24,0.0004859073752312615,0.0,2.7134937500080544e-06,0.0004831938814812534,0.7877419868775217,0.5896569431269337,0.0
2014-04-25,-5.3288611526696633e-05,0.0,2.7121832396613404e-06,-5.6000794766357976e-05,0.7878472113007211,0.5898578348054432,0.0
2014-04-28,0.000733999906795661,1.7529194671582479e-07,8.137005397733615e-06,0.0007256876094512114,0.7873220338499359,0.5893215691717514,0.0008755948328382571
2014-04-29,-3.8734498692806226e-05,0.0,2.7103682519203666e-06,-4.144486694472659e-05,0.7874845659645743,0.5896276835743876,0.0
2014-04-30,0.001254831507292221,0.0,2.7104805874277475e-06,0.0012521210267047932,0.7874784684062323,0.5896133855240067,0.0
2014-05-01,0.0007243000573942646,0.0,2.7070909818880608e-06,0.0007215929664123765,0.7877469453994628,0.5901293037216344,0.0
2014-05-02,0.0007866211489876193,0.0,2.7045474851074867e-06,0.0007839166015025118,0.7878595218207167,0.5904275554078702,0.0
2014-05-05,-0.0006246317667490404,0.0,8.109060091068927e-06,-0.0006327408268401093,0.7880715391962682,0.5907510769802574,0.0
2014-05-06,-5.985564955507932e-05,0.0,2.7047314243541608e-06,-6.256038097943348e-05,0.7879454726994218,0.590500078721568,0.0
2014-05-07,0.002009552237071178,0.0,2.7043092085557252e-06,0.0020068479278626226,0.7878917357728918,0.5904771635483241,0.0
2014-05-08,0.0009372936212877773,0.0,2.698892940849832e-06,0.0009345947283469274,0.7883192511542884,0.5913000664722505,0.0
2014-05-09,0.00027575248457476637,0.0,2.6963729249284944e-06,0.00027305611164983785,0.7885195985156019,0.5916843749958218,0.0
2014-05-12,-0.0003911003171710759,2.7738324201311164e-06,8.219178082300436e-06,-0.00040209332767350743,0.7999999999946765,0.5999999999920327,0.013531843705018892
2014-05-13,0.0010502894347529097,0.0,2.7402288050547148e-06,0.001047549205947855,0.7998867981648186,0.5998500953958246,0.0
2014-05-14,0.0013248738869258512,0.0,2.737959948353759e-06,0.0013221359269774975,0.8001426470530327,0.6002715708232084,0.0
2014-05-15,-0.00012263743371317137,0.0,2.7343447728930036e-06,-0.00012537177848606437,0.8004092710863862,0.6008021026651971,0.0
2014-05-16,0.00038450585657397055,0.0,2.7346876255435963e-06,0.00038177116894842696,0.800386979591736,0.6007547829270534,0.0
2014-05-19,-0.00025384576384303894,0.0,8.200931997235593e-06,-0.00026204669584027455,0.8004658906495299,0.6009098787167971,0.0
2014-05-20,-0.00020120184062950668,0.0,2.73436052922029e-06,-0.00020393620115872696,0.8004217927717494,0.6008134741386684,0.0
2014-05-21,0.00017436349261868358,0.0,2.734918278064164e-06,0.00017162857434061942,0.8003838181664487,0.6007347838677649,0.0
2014-05-22,0.00018920602182642324,0.0,2.733851072234678e-06,0.00018647217075418857,0.8003771601508085,0.600806031877677,0.0
2014-05-23,0.000525804981247183,0.0,2.733341380134141e-06,0.0005230716398670488,0.8004171106565041,0.6008831899067119,0.0
2014-05-27,0.0009548880210183083,2.1899436799273904e-07,1.0958904109945775e-05,0.0009437101225403697,0.8000000000036387,0.5999999999971284,0.0010945793634892648
2014-05-28,0.0015216396382831806,0.0,2.7365444726681925e-06,0.0015189030938105124,0.8001560420110007,0.6003882955062226,0.0
2014-05-29,0.0010112437560455569,0.0,2.7329918082567012e-06,0.0010085107642373002,0.800505480824851,0.6009970788221116,0.0
2014-05-30,0.0006985900741873024,0.0,2.7296413579261014e-06,0.0006958604328293763,0.800665621515424,0.6014018023868185,0.0
2014-06-02,-0.0017219969965098273,0.0,8.185019369402365e-06,-0.0017301820158792296,0.8008505106241224,0.601681705968665,0.0
2014-06-03,-0.0022906966168955985,0.0,2.7324709013533333e-06,-0.0022934290877969516,0.8004699233797246,0.6009995475809311,0.0
2014-06-04,-0.0001275970556690345,0.0,2.7387520349342975e-06,-0.0001303358077039688,0.8000140021459796,0.6000851035957758,0.0
2014-06-05,0.0015313216975304295,0.0,2.7391090389231237e-06,0.0015285825884915063,0.7999906725207581,0.6000357126793702,0.0
2014-06-06,0.0015191766164833079,0.0,2.7349284748757774e-06,0.001516441688008432,0.8002986716032915,0.6006488929373598,0.0
2014-06-09,-0.00048390209204950504,0.0,8.192362185089173e-06,-0.0004920944542345942,0.8006037792733705,0.6012562994362004,0.0
2014-06-10,-0.0010892991799448786,7.210107891225338e-07,2.7598642611049375e-06,-0.0010927800549951061,0.8014700910599025,0.599999999999242,0.003598857097778907
2014-06-11,-0.00025046565965287687,0.0,2.7629209084644285e-06,-0.0002532285805613413,0.8012591207883332,0.5995658944704297,0.0
2014-06-12,-0.000129602453608195,0.0,2.76302087887552e-06,-0.00013236547448707052,0.801167755204701,0.599467231046788,0.0
2014-06-13,1.2206806383020414e-05,0.0,2.7639398001411897e-06,9.442866582879225e-06,0.8011845761152296,0.5994169707049226,0.0
2014-06-16,-0.0002653315824735453,0.0,8.289941309347017e-06,-0.0002736215237828923,0.8011454224291166,0.5994235172350059,0.0
2014-06-17,-0.0009559627990667028,0.0,2.764614003626827e-06,-0.0009587274130703296,0.8011389953635308,0.5993221730987726,0.0
2014-06-18,0.003776294435886871,0.0,2.766722611660912e-06,0.0037735277132752098,0.8009111815608614,0.598940430909615,0.0
2014-06-19,-0.00018489722501550937,0.0,2.756854620723212e-06,-0.00018765407963623257,0.8017012945194906,0.6004509072066961,0.0
2014-06-20,0.00038419884269340815,0.0,2.7573347052185238e-06,0.00038144150798818965,0.8016641069700398,0.6003786734890877,0.0
2014-06-23,-0.00028961248998965727,0.0,8.268878039458133e-06,-0.0002978813680291154,0.8017431694388714,0.600533803812057,0.0
2014-06-24,0.0007493786759559213,1.988248299916683e-07,2.7636112478413044e-06,0.0007464162398780883,0.8017436210830123,0.5999999999905967,0.0009935200979961228
2014-06-25,0.0008037934023527757,0.0,2.761572286009857e-06,0.0008010318300667659,0.8018960809031285,0.6003013040244091,0.0
2014-06-26,0.00011374156993005193,0.0,2.7587415390132454e-06,0.00011098282839103868,0.8020121108500472,0.6006239785020802,0.0
2014-06-27,0.00011991974891437558,0.0,2.7584465431215904e-06,0.000117161302371254,0.8020376535471702,0.6006710558992939,0.0
2014-06-30,-0.00046023538559758584,0.0,8.275930171883638e-06,-0.0004685113157694695,0.8021015619568377,0.6007205944410026,0.0
2014-07-01,-0.0006712294804409644,0.0,2.7592490132363175e-06,-0.0006739887294542007,0.8019668976129022,0.6005417196466509,0.0
2014-07-02,-0.0010901971012222793,0.0,2.761719796275258e-06,-0.0010929588210185546,0.8018806139252456,0.6002750687971516,0.0
2014-07-03,0.0003322535847750213,0.0,2.7647862092283156e-06,0.000329488798565793,0.8016698659053633,0.599840472631696,0.0
2014-07-07,0.00046401584810698196,0.0,1.105346285278562e-05,0.00045296238525419633,0.801700738224327,0.5999750411609894,0.0
2014-07-08,0.001302484892877423,0.0,2.762724600165773e-06,0.0012997221682772573,0.8018460996529947,0.6001672038408934,0.0
2014-07-09,0.0011516961042907286,3.9559517149015846e-07,2.7939207066873596e-06,0.001148506588412551,0.8039562116053413,0.600000000017164,0.0019713004039015186
2014-07-10,-0.0005507547393681031,0.0,2.789981270329942e-06,-0.000553544720638433,0.8041306942218301,0.6004620614877445,0.0
2014-07-11,0.0008174709540215891,0.0,2.7916086926081433e-06,0.0008146793453289809,0.8040310029671595,0.6002435684067651,0.0
2014-07-14,-0.0003859823977243249,0.0,8.368090948233052e-06,-0.00039435048867255795,0.8041953123546856,0.6005717659476812,0.0
2014-07-15,-0.0013442658878544097,0.0,2.7904366880267397e-06,-0.0013470563245424364,0.8041244387060442,0.6004225604800923,0.0
2014-07-16,0.00021962908607193137,0.0,2.7943925679872234e-06,0.00021683469350394414,0.8038770327911977,0.5998863753281305,0.0
2014-07-17,-0.00033014223971163055,0.0,2.7939238380546585e-06,-0.00033293616354968523,0.8039323489998933,0.5999759088219032,0.0
2014-07-18,0.0013601260747919974,0.0,2.7948269237634107e-06,0.001357331247868234,0.8038678422687002,0.5998454768339716,0.0
2014-07-21,-0.0001288152029756346,0.0,8.37132734180453e-06,-0.00013718653031743913,0.8040929725367459,0.6003906738861691,0.0
2014-07-22,0.0002206079242392988,0.0,2.7913941163813456e-06,0.00021781653012291745,0.8041159883192711,0.6003442178234327,0.0
2014-07-23,0.000835874232303623,5.070722657553853e-07,2.7903818597573025e-06,0.0008325767781781103,0.8036978757537117,0.5999999999914285,0.002532826517668646
2014-07-24,-0.0004959970048323528,0.0,2.7886835017268253e-06,-0.0004987856883340796,0.8039099439968137,0.6003360483707555,0.0
2014-07-25,0.0002751290068274458,0.0,2.790157266645992e-06,0.0002723388495607998,0.8038208727709685,0.6001393923058108,0.0
2014-07-28,-0.0013902061632848658,0.0,8.368521231699144e-06,-0.001398574684516565,0.8038850662703462,0.6002510496323336,0.0
2014-07-29,-0.0003933541696351599,0.0,2.79341387516244e-06,-0.0003961475835103224,0.8036187809901717,0.5996995681033135,0.0
2014-07-30,-0.003054973981309017,0.0,2.794630567778657e-06,-0.0030577686118767955,0.8035517531780927,0.5995437217302506,0.0
2014-07-31,-0.0033106540745444016,0.0,2.8033396159569915e-06,-0.0033134574141603585,0.802962058529215,0.5983182665643547,0.0
2014-08-01,0.0012961672207336139,0.0,2.81214141475102e-06,0.0012933550793188628,0.8022720224577337,0.5969856991809089,0.0
2014-08-04,0.0007764707247466474,0.0,8.42707852291557e-06,0.0007680436462237318,0.8025679857288253,0.5975090750045463,0.0
2014-08-05,-0.0005791017447765914,0.0,2.8068428410187726e-06,-0.0005819085876176102,0.8027259163640704,0.5978263889697001,0.0
2014-08-06,0.0010832744385172912,1.25459820428821e-06,2.7996467682267254e-06,0.0010792201935447762,0.8043742140804047,0.5999999999998539,0.006202937719724022
2014-08-07,-0.00010147689796333504,0.0,2.7965460281965387e-06,-0.00010427344399153158,0.8045831326256473,0.6004352725672999,0.0
2014-08-08,0.0015362272144099896,0.0,2.7975175339454123e-06,0.001533429696876044,0.8046151810478512,0.6003964010698364,0.0
2014-08-11,0.001356145141008308,0.0,8.377501541442627e-06,0.0013477676394668652,0.8048635576462546,0.6010110201378172,0.0
2014-08-12,-0.00020179511405743185,0.0,2.7887693820776187e-06,-0.00020458388343950947,0.8051365719117959,0.6015564070201298,0.0
2014-08-13,0.0012731725769413301,0.0,2.7893949361281563e-06,0.001270383182005202,0.8051034948798418,0.6014776645424866,0.0
2014-08-14,0.001462621747668946,0.0,2.7865056102117486e-06,0.0014598352420587342,0.8054009936678155,0.6019860841223577,0.0
2014-08-15,0.0011898050347667335,0.0,2.7818222385217886e-06,0.0011870232125282118,0.8056420777408342,0.6025690543287436,0.0
2014-08-18,0.0003733774843872147,0.0,8.337024232839546e-06,0.0003650404601543751,0.8059106229506099,0.6030430332848479,0.0
2014-08-19,-8.386663215576235e-05,0.0,2.7775101623719164e-06,-8.664414231813427e-05,0.8059544615967664,0.6031962197436165,0.0
2014-08-20,-0.0009193121922404564,7.17497461257455e-07,2.778562730722078e-06,-0.000922808252432436,0.8028350793519633,0.6000000000092519,0.0035755744633784725
2014-08-21,0.0009566198815708606,0.0,2.780809018234756e-06,0.0009538390725526259,0.8026330933841347,0.5996340350529976,0.0
2014-08-22,-0.0004383610860054621,0.0,2.7786702857595665e-06,-0.00044113975629122166,0.8028612648637966,0.6000183340033481,0.0
2014-08-25,0.0010039874432418003,0.0,8.340100059473207e-06,0.000995647343182327,0.8027870229933142,0.5998445882127996,0.0
2014-08-26,0.0003767370558590211,0.0,2.7774320762017118e-06,0.0003739596237828194,0.8030034789676963,0.6002509374049714,0.0
2014-08-27,0.0010962081507861403,0.0,2.776448441223418e-06,0.0010934317023449168,0.8030838841348237,0.6004031479255141,0.0
2014-08-28,0.00010142584050565805,0.0,2.7726875022755385e-06,9.865315300338251e-05,0.8032485636404121,0.6008423759742978,0.0
2014-08-29,0.00021638252516766163,0.0,2.773005932552181e-06,0.00021360951923510944,0.8033139557383608,0.600884522662052,0.0
2014-09-02,-0.0016433961523727356,0.0,1.1090200312125733e-05,-0.0016544863526848613,0.803368687429937,0.6009725317336423,0.0
2014-09-03,0.00023534984403127484,0.0,2.776743232620602e-06,0.00023257310079865425,0.8030246167156199,0.6003223607343159,0.0
2014-09-04,-0.0012945032662830108,8.678167820690475e-07,2.776635628401958e-06,-0.0012981477186934818,0.8026944008842939,0.6000000000109508,0.004311133114251478
2014-09-05,0.0008081439013386223,0.0,2.7802802881957814e-06,0.0008053636210504265,0.8024441762001915,0.5994837151618992,0.0
2014-09-08,-0.002062244097600402,0.0,8.335907701353152e-06,-0.0020705800053017554,0.8026492156131819,0.5998087948802553,0.0
2014-09-09,-0.0016762493256827513,0.0,2.7841629718827684e-06,-0.001679033488654634,0.8022306978234305,0.5989868008759883,0.0
2014-09-10,-0.00013628087021195958,0.0,2.788735840321382e-06,-0.00013906960605228097,0.8018928590551486,0.5983151427116877,0.0
2014-09-11,0.00011767937538735882,0.0,2.789828693912124e-06,0.0001148895466934467,0.8019195565663267,0.5982620619107416,0.0
2014-09-12,-0.0024162021100744657,0.0,2.788967882864305e-06,-0.00241899107795733,0.8019056570554669,0.598311001606373,0.0
2014-09-15,0.00042095466089457065,0.0,8.387027196689004e-06,0.0004125676336978816,0.8014240874967006,0.5973397590439348,0.0
2014-09-16,0.001046193278957145,0.0,2.7945228025696957e-06,0.0010433987561545754,0.8015143632733643,0.5975141986857769,0.0
2014-09-17,-0.001096859633884058,0.0,2.7915002347744423e-06,-0.0010996511341188325,0.8017160228969005,0.597936505758366,0.0
2014-09-18,0.0003803425254103483,1.4532923698664784e-06,2.8016441691131247e-06,0.0003760875888713687,0.8045200243269275,0.5999999999816694,0.007210008547070108
2014-09-19,0.001250970143672199,0.0,2.8009138304461514e-06,0.001248169229841753,0.8046213414212257,0.6001546317986566,0.0
2014-09-22,1.210700718437193e-05,0.0,8.393254291380351e-06,3.7137528929915797e-06,0.8048917361765896,0.6006558817530012,0.0
2014-09-23,-0.0006421174892929608,0.0,2.7976861697160376e-06,-0.0006449151754626769,0.8048968484252597,0.600665758035989,0.0
2014-09-24,0.0006095397990227991,0.0,2.799491604335178e-06,0.0006067403074184639,0.8047737417348197,0.6004108546183521,0.0
2014-09-25,-0.0011018609149549125,0.0,2.798068452401271e-06,-0.0011046589834073138,0.8049149492655526,0.6006559522402598,0.0
2014-09-26,-0.001027359029392148,0.0,2.8012726676948235e-06,-0.0010301603020598429,0.8047100313078831,0.6002171265661612,0.0
2014-09-29,-0.0005052023431156768,0.0,8.413556620362011e-06,-0.0005136158997360387,0.8045375433448657,0.5998076655827235,0.0
2014-09-30,0.0006294063507380763,0.0,2.805306518231482e-06,0.0006266010442198448,0.804397808522384,0.5996104326914857,0.0
2014-10-01,0.001789485349116425,0.0,2.8043953956502677e-06,0.0017866809537207748,0.8045848275386766,0.599863963656207,0.0
2014-10-02,-0.0003783369037691475,1.0353924157250854e-06,2.7397260276465846e-06,-0.0003821120222125192,0.7999999999987057,0.599999999980505,0.005158441399224334
2014-10-03,0.0017124233713041192,0.0,2.7407733100782333e-06,0.001709682597994041,0.7999273249426722,0.5998508733069612,0.0
2014-10-06,0.0005963307949001344,0.0,8.204705468947923e-06,0.0005881260894311864,0.8001844028332282,0.6005365697554952,0.0
2014-10-07,5.64327512203797e-05,0.0,2.733294301295182e-06,5.369945691908452e-05,0.800310050407939,0.6007795664133907,0.0
2014-10-08,0.003559926742461017,0.0,2.7337438233638168e-06,0.003557192998637653,0.8003670354358138,0.6008037363302552,0.0
2014-10-09,-0.0025183205270120947,0.0,2.7240538381267538e-06,-0.0025210445808502213,0.801077375347601,0.6022214451643481,0.0
2014-10-10,-0.0001757021061368875,0.0,2.7309386562219387e-06,-0.00017843304479310944,0.8005773459999294,0.6012188240957276,0.0
2014-10-13,-0.0008305796791583819,0.0,8.194278098647382e-06,-0.0008387739572570293,0.8005444874839562,0.6011503870835367,0.0
2014-10-14,0.0006322158296839013,0.0,2.7337190051895266e-06,0.0006294821106787117,0.8003852501082925,0.6008237627294569,0.0
2014-10-15,-0.0005601188792490549,0.0,2.731403350448212e-06,-0.0005628502825995031,0.8004700555386342,0.6010776109559146,0.0
2014-10-16,-0.0008830896495872519,4.7640054653024916e-07,2.732941587390797e-06,-0.000886298991721173,0.7979813566842652,0.5984766208047372,0.0023790630633951926
2014-10-17,0.0022663752641666353,0.0,2.7359627140634747e-06,0.0022636393014525717,0.7978489256675233,0.5981236475408898,0.0
2014-10-20,0.0025388474782139033,0.0,8.189350406763437e-06,0.0025306581278071397,0.7983082190724985,0.5990340258412548,0.0
2014-10-21,0.000495880107872702,0.0,2.722892758232899e-06,0.000493157215114469,0.798825512275484,0.6000543409244825,0.0
2014-10-22,-0.0005161926441547163,0.0,2.7209569749225305e-06,-0.0005189136011296388,0.7988840605114051,0.6002542013420604,0.0
2014-10-23,-0.0010848490888409421,0.0,2.7229635887584067e-06,-0.0010875720524297005,0.7988257244631898,0.6000493824838261,0.0
2014-10-24,0.001347023807829385,0.0,2.7253336462681116e-06,0.0013442984741831169,0.7985660158938359,0.5996166597162638,0.0
2014-10-27,9.899173864829215e-05,0.0,8.165024708551357e-06,9.08267139397408e-05,0.7988391614359361,0.6001568935278532,0.0
2014-10-28,0.0003837557673270102,0.0,2.721427724511361e-06,0.00038103433960249883,0.7988655948376057,0.600201370948276,0.0
2014-10-29,-0.0009759756051713271,0.0,2.720391162065333e-06,-0.0009786959963333924,0.7989449251532805,0.6003563703225112,0.0
2014-10-30,0.0010126741488983124,5.151440698464983e-07,2.723650295254988e-06,0.0010094353545332109,0.7988264715521604,0.5999999999985461,0.002570634285651883
2014-10-31,0.0007417376394043281,0.0,2.720310228951169e-06,0.000739017329175377,0.7989892492092256,0.6004066024957904,0.0
2014-11-03,-0.0001628806043197053,0.0,8.156683226296964e-06,-0.00017103728754600225,0.7991837010070006,0.6007044091671078,0.0
2014-11-04,-4.2169196225441104e-05,0.0,2.718766367569957e-06,-4.4887962593011064e-05,0.7991142059605985,0.6006442611279916,0.0
2014-11-05,0.00046084598216594047,0.0,2.7194815926285693e-06,0.0004581265005733119,0.7991512092081128,0.600629052946227,0.0
2014-11-06,-0.00030613010789881645,0.0,2.7176433884753975e-06,-0.0003088477512872918,0.7992026171740838,0.6008146498153796,0.0
2014-11-07,0.002126374494781479,0.0,2.7190760770786782e-06,0.0021236554187044005,0.7991865963385278,0.6006940427117842,0.0
2014-11-10,-0.0006049813652679241,0.0,8.13816629654618e-06,-0.0006131195315644703,0.7995716604829756,0.6015429472670186,0.0
2014-11-11,5.5918600030522e-05,0.0,2.7149785396129114e-06,5.320362149090909e-05,0.7995000721381683,0.6013066387464255,0.0
2014-11-12,-0.0004627673832893117,0.0,2.7148341006076198e-06,-0.0004654822173899193,0.799513453727074,0.6013305643827177,0.0
2014-11-13,-0.00030192682021828527,1.5147898689171882e-06,2.739726027804944e-06,-0.0003061813361150074,0.8000000000231275,0.5999999999933665,0.007547216482772345
2014-11-14,-0.0007204079282874011,0.0,2.7399673592092107e-06,-0.0007231478956466103,0.7998993629898506,0.5998817457675785,0.0
2014-11-17,-0.0003728708038811713,0.0,8.225850584172471e-06,-0.0003810966544653438,0.7997572978686666,0.5995949336538032,0.0
2014-11-18,0.0005528074243298434,0.0,2.7435939802961156e-06,0.0005500638303495473,0.7997328719959637,0.5994505114343472,0.0
2014-11-19,-0.0006004870612543903,0.0,2.741487548007613e-06,-0.0006032285488023979,0.7998020511827683,0.5996734601782124,0.0
2014-11-20,0.00070158327421393,0.0,2.7431422897493692e-06,0.0006988401319241806,0.7996839563139196,0.5994345691622157,0.0
2014-11-21,0.002132716214110939,0.0,2.7412266105849295e-06,0.002129974987500354,0.799826588669518,0.5997170460968182,0.0
2014-11-24,0.00022639290815559983,0.0,8.206200829257854e-06,0.000218186707326342,0.8002547822141721,0.6005705620355645,0.0
2014-11-25,0.0008225712169696214,0.0,2.735400230539352e-06,0.0008198358167390821,0.8003501144586858,0.6006658976293131,0.0
2014-11-26,0.0015409240493934303,0.0,2.7331594884982103e-06,0.0015381908899049321,0.800516393664271,0.6009957510039017,0.0
2014-11-28,7.875096125301172e-05,5.104272654641103e-07,5.479452055846425e-06,7.276108193170119e-05,0.800000000031186,0.5999999999927915,0.002547392749721794
2014-12-01,-0.0027594341521977464,0.0,8.220373138028721e-06,-0.0027676545253357753,0.8000641714436038,0.6000350917515715,0.0
2014-12-02,-0.0005091279727752221,0.0,2.74712980322075e-06,-0.0005118751025784429,0.799473773687217,0.598933298052102,0.0
2014-12-03,-0.00010434060051743249,0.0,2.7485367107322723e-06,-0.00010708913722816476,0.7993738252733086,0.5987306453898525,0.0
2014-12-04,0.00043283666299369366,0.0,2.7488310806822236e-06,0.00043008783191301146,0.799355086919471,0.5986904180296688,0.0
2014-12-05,-0.001578082746269698,0.0,2.747649350130076e-06,-0.001580830395619828,0.7994440924060049,0.5988656898465092,0.0
2014-12-08,-0.0007979247712955429,0.0,8.257800595984692e-06,-0.0008061825718915276,0.799173127006613,0.5982333125043185,0.0
2014-12-09,8.848952476008283e-05,0.0,2.75482108740655e-06,8.573470367267627e-05,0.7990193577157935,0.5979174183351152,0.0
2014-12-10,-0.002545900059630364,0.0,2.753984087365794e-06,-0.0025486540437177295,0.7989954807735028,0.5979546423958,0.0
2014-12-11,-0.0003895673932863022,0.0,2.7610209746315062e-06,-0.0003923284142609337,0.7984846418246621,0.5969301106765623,0.0
2014-12-12,-0.003224565485859653,1.6461691072993036e-06,2.7397260277032316e-06,-0.0032289513809946554,0.80000000002262,0.600000000000284,0.008160761079955482
2014-12-15,-0.0024811599568292466,0.0,8.24760236767224e-06,-0.0024894075591969187,0.7994002932034843,0.5987086355901265,0.0
2014-12-16,-0.0004561848147188221,0.0,2.75485741846516e-06,-0.00045893967213728724,0.7988200244982891,0.5977154329503325,0.0
2014-12-17,0.0048534991591359725,0.0,2.7561223123339527e-06,0.004850743036823638,0.7987304087553738,0.5975334799549953,0.0
2014-12-18,0.003412833418328434,0.0,2.742817608922125e-06,0.003410090600719512,0.7997047456882803,0.5994790602369653,0.0
2014-12-19,0.002227720124535222,0.0,2.7340946354667773e-06,0.002224986029899755,0.8004318730979064,0.6008429647088316,0.0
2014-12-22,0.001282559840179486,0.0,8.18228295304201e-06,0.001274377557226444,0.800834058419875,0.6017318398958527,0.0
2014-12-23,-0.0009501914064549018,0.0,2.7239563022350213e-06,-0.0009529153627571369,0.8010957198534431,0.6022469097902864,0.0
2014-12-24,0.0008365409302157224,0.0,2.7265544778845538e-06,0.0008338143757378378,0.8009087266768166,0.6018702497912441,0.0
2014-12-26,-3.052202403329485e-05,0.0,5.449758820843307e-06,-3.5971782854138155e-05,0.8011208607764146,0.6022046638156341,0.0
2014-12-29,-8.473600789915011e-05,6.414668886528792e-07,8.173142797372254e-06,-9.355061758517524e-05,0.7988798080689603,0.5999999999995688,0.003194375903004176
2014-12-30,-0.00020534395587744686,0.0,2.724635823821543e-06,-0.00020806859170126841,0.7988698068248677,0.5999713916858952,0.0
2014-12-31,-0.0017951393698870273,0.0,2.7252028529401243e-06,-0.0017978645727399674,0.798830674442347,0.5998908661777178,0.0
2015-01-02,0.00010948279872115206,0.0,5.461417956188794e-06,0.00010402138076496327,0.7985147140440102,0.5991729586431191,0.0
2015-01-05,-0.0015356975336814575,0.0,8.189481788349695e-06,-0.0015438870154698072,0.7984974999218192,0.5992201097386431,0.0
2015-01-06,-1.2545440833680923e-05,0.0,2.734646941420126e-06,-1.528008777510105e-05,0.7982378229677206,0.5986085962440515,0.0
2015-01-07,0.003923883379388156,0.0,2.734090101621582e-06,0.0039211492892865345,0.7981937749615543,0.5986051975431788,0.0
2015-01-08,0.0020609257281418193,0.0,2.7234111997338805e-06,0.0020582023169420853,0.7989847199742521,0.6001757023936789,0.0
2015-01-09,0.0004900679234066109,0.0,2.717817381705545e-06,0.00048735010602490533,0.7994003181157552,0.6009996492512505,0.0
2015-01-12,-0.0005959318179257485,0.0,8.149480494930168e-06,-0.0006040812984206786,0.7995007492641628,0.6011967238875288,0.0
2015-01-13,0.000322523943796646,5.629606493975656e-07,2.739726027676811e-06,0.00031922125711957163,0.7992537949788334,0.599253794958426,0.0028128623504514753
2015-01-14,0.0012815598112062732,0.0,2.7388517279855542e-06,0.0012788209594782876,0.7993211586175643,0.5993849824746185,0.0
2015-01-15,0.0013325584398264866,0.0,2.7353537003429724e-06,0.0013298230861261437,0.7995801985122023,0.5998993783871654,0.0
2015-01-16,-0.0001884300937473067,0.0,2.731720994698156e-06,-0.00019116181474200484,0.7998490991544677,0.6004334665415023,0.0
2015-01-20,0.0007560527338750004,0.0,1.0928973181155407e-05,0.0007451237606938449,0.7998135628731502,0.6003598023170639,0.0
2015-01-21,0.00019267620396450742,0.0,2.730208951726439e-06,0.00018994599501278098,0.7999735363171289,0.6006682828410991,0.0
2015-01-22,0.0006819640332265318,0.0,2.7302881207418705e-06,0.00067923374510579,0.8000578824011243,0.6007468495869679,0.0
2015-01-23,0.0015215605950595085,0.0,2.727837618599126e-06,0.0015188327574409094,0.8001527263183825,0.6010205801606463,0.0
2015-01-26,-0.0008071141617141236,0.0,8.172891371970156e-06,-0.0008152870530860937,0.8005020579340336,0.6016283678827598,0.0
2015-01-27,6.101168282381555e-05,0.0,2.7265200204623625e-06,5.828516280335319e-05,0.8003474566917048,0.6013114951979524,0.0
2015-01-28,0.00014287740051939347,2.846098917055594e-07,2.7263611139924813e-06,0.00013986642951369544,0.7990243613245425,0.6000000000030914,0.001407967085887557
2015-01-29,0.0007746504435421126,0.0,2.72538312122551e-06,0.0007719250604208872,0.7990119171503365,0.6000589493008743,0.0
2015-01-30,-9.35711645165198e-05,0.0,2.7232809524108815e-06,-9.629444546893067e-05,0.7991696684991703,0.600370158973176,0.0
2015-02-02,0.001486095609320063,0.0,8.170629643478955e-06,0.001477924979676584,0.7991530513344713,0.6003343966764834,0.0
2015-02-03,0.0002291371101069097,0.0,2.7195239620982125e-06,0.00022641758614481148,0.7994576085740072,0.6009323593408379,0.0
2015-02-04,-0.0007273101197279065,0.0,2.7195036554887776e-06,-0.0007300296233833953,0.7995491805782375,0.6010254137275567,0.0
2015-02-05,0.0006861294072024642,0.0,2.7208946871577226e-06,0.0006834085125153065,0.7993619713273855,0.6007366591648717,0.0
2015-02-06,-0.0031592243571818145,0.0,2.719036474487419e-06,-0.003161943393656302,0.7995017144573178,0.6010120518197363,0.0
2015-02-09,-0.00116315655059549,0.0,8.182983554245583e-06,-0.0011713395341497357,0.7988684669715207,0.599749200484878,0.0
2015-02-10,-0.0001168201648783686,0.0,2.7302628859278876e-06,-0.0001195504277642965,0.7985972043497804,0.5992880136770449,0.0
2015-02-11,6.895415036434325e-05,2.763408860804904e-07,2.7397260277326584e-06,6.59380834505301e-05,0.8000000000168415,0.5999999999923573,0.0013805549377799708
2015-02-12,0.0014215201546664248,0.0,2.738946425372033e-06,0.0014187812082410527,0.7999724784069321,0.6000293893547736,0.0
2015-02-13,-0.0008299238588794114,0.0,2.7350659651807615e-06,-0.0008326589248445921,0.800258606688945,0.6005987912307496,0.0
2015-02-17,-0.0013324674318836937,0.0,1.0951775407855558e-05,-0.0013434192072915492,0.8001385876443122,0.6002686864509482,0.0
2015-02-18,0.0019842666833898267,0.0,2.7416270063427143e-06,0.001981525056383484,0.7998806953019859,0.5997419238389678,0.0
2015-02-19,-0.0014509120016149614,0.0,2.736205147283963e-06,-0.0014536482067622454,0.8002791887208232,0.6005362129690938,0.0
2015-02-20,0.0010758238693503515,0.0,2.7401884172624793e-06,0.001073083680933089,0.7999911824669956,0.5999574280068345,0.0
2015-02-23,0.0010282673922226069,0.0,8.209957972137947e-06,0.001020057434250469,0.8001646282436589,0.6003889842549689,0.0
2015-02-24,0.002401054005241086,0.0,2.734461809658311e-06,0.0023983195434314278,0.8004201087609089,0.6008043966558523,0.0
2015-02-25,0.0006530965653371199,0.0,2.7273229671500478e-06,0.0006503692423699698,0.8008568091402514,0.6017622325382979,0.0
2015-02-26,-0.0009378849841717947,7.586861422711096e-07,2.726146385477452e-06,-0.0009413698166995432,0.7990086861419216,0.6000000000020674,0.0037084323859071858
2015-02-27,0.0017100192096520985,0.0,2.7281185214190784e-06,0.0017072910911306795,0.7987792374502621,0.5996265853866694,0.0
2015-03-02,-0.0022867280230913596,0.0,8.172193034211788e-06,-0.0022949002161255713,0.7991683949486157,0.6003116977827954,0.0
2015-03-03,-0.0005978156594079472,0.0,2.729733232841167e-06,-0.0006005453926407883,0.7986710601725333,0.5994005341751283,0.0
2015-03-04,-0.0010624933076911528,0.0,2.73197085256399e-06,-0.001065225278543717,0.7985964150574253,0.5991625428202539,0.0
2015-03-05,0.000426049479011445,0.0,2.7348841202615607e-06,0.00042331459489118345,0.7983843809742531,0.5987378401951593,0.0
2015-03-06,-0.00647564767337672,0.0,2.733726893768423e-06,-0.006478381400270489,0.7984724254219246,0.5989103621768299,0.0
2015-03-09,0.0009458859533785238,0.0,8.252852739403802e-06,0.0009376331006391201,0.7971171754719972,0.5962977588131713,0.0
2015-03-10,-0.0014795000965758458,0.0,2.748974970377489e-06,-0.0014822490715462233,0.797359346771998,0.5966841739344415,0.0
2015-03-11,0.0001797007171856314,0.0,2.7530556846062813e-06,0.0001769476615010251,0.797061290032273,0.5960882250560146,0.0
2015-03-12,0.001756355087207428,3.102546500671603e-07,2.7397260277166677e-06,0.001753305106529644,0.7955492286966053,0.5955492286732885,0.0015507170815179383
2015-03-13,-0.0024251490257416967,0.0,2.7343329063886403e-06,-0.0024278833586480852,0.795866459947409,0.5962601577810382,0.0
2015-03-16,0.001132922293002163,0.0,8.224761339603957e-06,0.001124697531662559,0.7954161391041487,0.5952802798404526,0.0
2015-03-17,-0.0007966280383854942,0.0,2.738507121004171e-06,-0.0007993665455064984,0.7956541910925389,0.5957431712592347,0.0
2015-03-18,0.006372033128004195,0.0,2.740697943251178e-06,0.006369292430060944,0.7954934539083651,0.595422504051029,0.0
2015-03-19,-0.002479619720570494,0.0,2.7233521172328543e-06,-0.002482343072687727,0.7967904953663518,0.5979857908083536,0.0
2015-03-20,0.003702571349599288,0.0,2.7301292346221667e-06,0.003699841220364666,0.7962875344906148,0.5969881003631968,0.0
2015-03-23,0.0008953200893764453,0.0,8.160196273343176e-06,0.0008871598931031021,0.7970411800283838,0.5984764040436996,0.0
2015-03-24,0.00038403538824304683,0.0,2.7170602545889943e-06,0.00038131832798845786,0.7971858554823457,0.5988404568973492,0.0
2015-03-25,-0.0008163445656710463,0.0,2.716618533997227e-06,-0.0008190611842050435,0.7973092370821291,0.5989960841003317,0.0
2015-03-26,-0.002257433901553446,3.10668840946523e-07,2.7397260277763348e-06,-0.002260484296422169,0.7981488819957344,0.598148881968062,0.001552866609805456
2015-03-27,0.0014927669133083844,0.0,2.7459331665761625e-06,0.0014900209801418083,0.7976946242655096,0.5972415031054501,0.0
2015-03-30,0.0012665731741760369,0.0,8.225543267682378e-06,0.0012583476309083546,0.7979983568848391,0.5978434707045676,0.0
2015-03-31,-0.0005233866616894068,0.0,2.7378050542742678e-06,-0.000526124466743681,0.798216871598226,0.5983571026362043,0.0
2015-04-01,0.001957098545925824,0.0,2.740442551141262e-06,0.0019543581033746827,0.7982007227244872,0.598148416491175,0.0
2015-04-02,0.0005223312925469495,0.0,2.7339032128424535e-06,0.000519597389334107,0.7985099161399105,0.5989349816024114,0.0
2015-04-06,0.001961267050858763,0.0,1.0932316406273721e-05,0.0019503347344524892,0.7986607726129596,0.5991459981984646,0.0
2015-04-07,0.00045650736030507965,0.0,2.7277590583332802e-06,0.00045377960124674637,0.7990635981735222,0.5999371869151928,0.0
2015-04-08,0.0003311036169913701,0.0,2.7271180632819625e-06,0.00032837649892808815,0.79920099005845,0.6001213714388667,0.0
2015-04-09,-0.0008067769562158991,0.0,2.726222835772054e-06,-0.0008095031790516712,0.7992696323118978,0.6002553653005377,0.0
2015-04-10,0.00037228409129125,0.0,2.7278349776541518e-06,0.0003695562563135959,0.7990661903851618,0.5999342370164087,0.0
2015-04-13,-0.0006627334423200249,0.0,8.18048178474547e-06,-0.0006709139241047703,0.7991431461272632,0.6000847560317902,0.0
2015-04-14,0.0008833880933902078,0.0,2.7280632398175515e-06,0.0008806600301503902,0.7989730696737996,0.5998244531671182,0.0
2015-04-15,0.0007476121337373179,0.0,2.726257050581005e-06,0.0007448858766867369,0.7991960520436276,0.6001792873512142,0.0
2015-04-16,-8.770747350924468e-06,0.0,2.7236340609443278e-06,-1.1494381411868796e-05,0.7993048971526359,0.6004796107037,0.0
2015-04-17,-0.0004396344457895407,0.0,2.724259125438081e-06,-0.0004423587049149788,0.7993486582335259,0.6004777420765459,0.0
2015-04-20,-0.00028359237630252147,0.0,8.174612214241369e-06,-0.00029176698851676286,0.7992192210589752,0.6003036571791017,0.0
2015-04-21,-9.219678914482446e-05,0.0,2.7256659974403443e-06,-9.49224551422648e-05,0.7991687997567024,0.6001951819435573,0.0
2015-04-22,-0.0009810208355195682,0.0,2.72651899909784e-06,-0.000983747354518666,0.7991958407448484,0.6001599538107064,0.0
2015-04-23,0.0003640803195908793,0.0,2.728609010807278e-06,0.000361351710580072,0.7989574118860334,0.5997689540971021,0.0
2015-04-24,0.0011795563785170484,1.6751240783138568e-08,2.7276233793614134e-06,0.0011768120038969038,0.7991165066943049,0.6000000000009217,8.374634870550457e-05
2015-04-27,-0.0005540002707735095,0.0,8.173251757304602e-06,-0.0005621735225308141,0.7993553720755654,0.6004729126478199,0.0
2015-04-28,-0.0013902429127118576,0.0,2.72654396481432e-06,-0.001392969456676672,0.7992940700411573,0.600256360609712,0.0
2015-04-29,-0.0028238833963750054,0.0,2.7303472551483578e-06,-0.002826613743630154,0.7990168331725345,0.5997014835467044,0.0
2015-04-30,-0.0005893224725019969,0.0,2.7380867688399513e-06,-0.0005920605592708368,0.7984498591215182,0.5985695249962019,0.0
2015-05-01,-1.67214405167075e-05,0.0,2.7397088423870647e-06,-1.9461149359094566e-05,0.7983331982486844,0.5983344527544288,0.0
2015-05-04,-0.0007094650479072481,0.0,8.21749507424406e-06,-0.0007176825429814922,0.7982884222978597,0.5983293754912545,0.0
2015-05-05,-0.00137009882525957,0.0,2.741729852963206e-06,-0.0013728405551125332,0.7981953991228277,0.5980491198565137,0.0
2015-05-06,-0.0015787428534087113,0.0,2.74549898531194e-06,-0.0015814883523940233,0.7979207182191342,0.5974992922913626,0.0
2015-05-07,0.000975314946524037,0.0,2.749847837637058e-06,0.0009725650986864,0.7976033758143359,0.5968644836668306,0.0
2015-05-08,0.0032443503374447254,1.1700022423626709e-07,2.7397260278118238e-06,0.003241493611192677,0.7971741658895958,0.5971741658593327,0.0005849008086733637
2015-05-11,-0.0037230018131606413,0.0,8.194407739698274e-06,-0.0037311962209003397,0.7978758067940237,0.5984785517946989,0.0
2015-05-12,-0.0006254441378658138,0.0,2.7411015050353735e-06,-0.0006281852393708492,0.7970834206027173,0.5969830107351349,0.0
2015-05-13,-0.0004222002510550874,0.0,2.7434224412319547e-06,-0.0004249436734963193,0.7970022633085027,0.59673242509857,0.0
2015-05-14,0.0030960796350376816,0.0,2.744588736853124e-06,0.0030933350463008286,0.7969187086210469,0.5965637308307689,0.0
2015-05-15,0.0024229819045435536,0.0,2.7355286417181128e-06,0.0024202463759018353,0.7975041728867507,0.5978105820413285,0.0
2015-05-18,-0.00242474609022778,0.0,8.186771920088531e-06,-0.0024329328621478684,0.7979958083283031,0.5987843582728157,0.0
2015-05-19,-0.00207345426972013,0.0,2.7355794545138385e-06,-0.0020761898491746438,0.7975113538186505,0.5978140536391402,0.0
2015-05-20,0.0001662315790038976,0.0,2.7412708532286955e-06,0.0001634903081506689,0.7970928155611232,0.5969800432754284,0.0
2015-05-21,0.0020885087162836446,0.0,2.7408227552717148e-06,0.002085767893528373,0.7971287243193425,0.5970486631845076,0.0
2015-05-22,-0.0004247720776953663,3.230665848864322e-08,2.7397260276950167e-06,-0.00042754411038155,0.7977587701958064,0.5977587701740701,0.00016152255031444407
2015-05-26,-0.0005968550504085017,0.0,1.0963591529756885e-05,-0.0006078186419382586,0.7976750393830087,0.5975894939649457,0.0
2015-05-27,0.0007680842790121201,0.0,2.7425648644850977e-06,0.000765341714147635,0.7975629579661713,0.5973557228587589,0.0
2015-05-28,-0.0006629734965057278,0.0,2.7404674704135492e-06,-0.0006657139639761413,0.7977205134599883,0.5976663881197991,0.0
2015-05-29,0.00029900913789145464,0.0,2.7416953650175196e-06,0.0002962674425264371,0.7975448745325157,0.597401112886237,0.0
2015-06-01,-0.001729017502006454,0.0,8.222649991564678e-06,-0.0017372401519980187,0.7976075785128819,0.597523095384808,0.0
2015-06-02,-0.001827976133793315,0.0,2.7456531894863025e-06,-0.0018307217869828014,0.7972635993474252,0.5968309165149253,0.0
2015-06-03,-0.002295541166980616,0.0,2.7512885844205878e-06,-0.0022982924555650366,0.7969382897250898,0.5960942230623868,0.0
2015-06-04,-0.00011512584424408627,0.0,2.75762641640645e-06,-0.00011788347066049271,0.7964732770817221,0.5951665486840513,0.0
2015-06-05,-0.003394549938023341,0.0,2.7573504323325505e-06,-0.0033973072884556734,0.7964081593971438,0.5951215778368677,0.0
2015-06-08,-0.00013488958986054386,3.649963976161085e-07,8.219178083055891e-06,-0.00014347376434121586,0.793892423404123,0.5938924233830963,0.0018244808934149565
2015-06-09,-0.000977810280264389,0.0,2.7395166638754757e-06,-0.0009805497969282643,0.7938274511087118,0.5938427346458022,0.0
2015-06-10,0.00016704491245941852,0.0,2.742205532955516e-06,0.00016430270692646302,0.7936278324384959,0.5934468285327433,0.0
2015-06-11,0.002003547858517242,0.0,2.7423580464895146e-06,0.0020008055004707525,0.7937084944948605,0.5935163571011258,0.0
2015-06-12,-0.0005915163884254376,0.0,2.7374787166528175e-06,-0.0005942538671420904,0.7941667110121948,0.5943307646965392,0.0
2015-06-15,-0.001301901239740598,0.0,8.215528342800703e-06,-0.0013101167680833988,0.7940034796236723,0.5940922899488553,0.0
2015-06-16,0.0026547982543271183,0.0,2.7426996981098436e-06,0.0026520555546290085,0.7937851101030393,0.5935680321410208,0.0
2015-06-17,0.0010318787316649935,0.0,2.734247609754618e-06,0.0010291444840552389,0.794245872219241,0.5946457967071539,0.0
2015-06-18,0.001599535245420749,0.0,2.732632871572637e-06,0.0015968026125491763,0.7945474669261254,0.5950652673013229,0.0
2015-06-19,0.001118507898944487,0.0,2.7270819552895294e-06,0.0011157808169891975,0.7947905483050478,0.5957135655689122,0.0
2015-06-22,-0.0009028306587940506,1.8704584361119267e-07,8.219178082588154e-06,-0.0009112368827202499,0.7959570357798983,0.5959570357702532,0.0009350498685829767
2015-06-23,-0.001015267630892165,0.0,2.742827938577773e-06,-0.0010180104588307427,0.7958233745220491,0.5955969350058716,0.0
2015-06-24,0.00012388032247359903,0.0,2.745019302308238e-06,0.00012113530317129079,0.7955739836193398,0.5951875745508384,0.0
2015-06-25,-0.0010275522976109254,0.0,2.744686823837432e-06,-0.0010302969844347629,0.7956014885142773,0.5952393503741448,0.0
2015-06-26,-0.0014172845152587515,0.0,2.7481218415741083e-06,-0.0014200326371003255,0.7954375385485416,0.5948246441136317,0.0
2015-06-29,-0.0003374189195494046,0.0,8.254274087356448e-06,-0.00034567319363676104,0.7951052185116713,0.594251215719331,0.0
2015-06-30,-0.0001769299613946408,0.0,2.7529814456166155e-06,-0.0001796829428402574,0.795086813399953,0.5941191678699399,0.0
2015-07-01,0.0008559049700424609,0.0,2.7534761983252596e-06,0.0008531514938441356,0.7950527408549153,0.5940489783771714,0.0
2015-07-02,0.0014315873281702976,0.0,2.751129068449044e-06,0.0014288361991018485,0.7952301939968747,0.5943977720000941,0.0
2015-07-06,0.0001553982806193532,0.0,1.0988815057060139e-05,0.00014440946556229306,0.7955251062559814,0.594979231464634,0.0
2015-07-07,0.0027113455293651845,1.2451130551129939e-07,2.7397260275308104e-06,0.0027084812920321424,0.7949431815275179,0.5949431815177689,0.0006224358033499328
2015-07-08,-0.0010752319085187182,0.0,2.7317247894631043e-06,-0.0010779636333081812,0.7954560730460307,0.5960401634152241,0.0
2015-07-09,-0.0009837886859804736,0.0,2.7346726671460576e-06,-0.0009865233586476196,0.7952380788662619,0.5956069741645996,0.0
2015-07-10,0.0008388938783786276,0.0,2.7373731497005896e-06,0.0008361565052289271,0.7950386143444332,0.5952103744162903,0.0
2015-07-13,0.00023542321814166373,0.0,8.205258568775496e-06,0.00022721795957288823,0.7952125860460248,0.5955512942058211,0.0
2015-07-14,0.00014971972041226666,0.0,2.734464870064378e-06,0.00014698525554220228,0.7952673102486786,0.595651374733979,0.0
2015-07-15,0.0002580602106634464,0.0,2.7346643027190337e-06,0.00025532554636072737,0.7953440274469514,0.5957135333484622,0.0
2015-07-16,0.0017502504479133044,0.0,2.7333651051751845e-06,0.0017475170828081291,0.7953551183063201,0.5958194656285316,0.0
2015-07-17,-0.00011819274483386908,0.0,2.7285968355921875e-06,-0.00012092134166946127,0.7957148434721703,0.5965272744739407,0.0
2015-07-20,-0.000916373127102339,0.0,8.188580973277662e-06,-0.0009245617080756167,0.7957366793869406,0.5964812090371843,0.0
2015-07-21,0.0001318471444768906,6.170412144258008e-07,2.7397260275328814e-06,0.00012849037723493192,0.793926908969427,0.5939269089595265,0.0030779341213202777
2015-07-22,-6.755529599756467e-05,0.0,2.739976511984875e-06,-7.029527250954954e-05,0.7940007204517454,0.5939824350768494,0.0
2015-07-23,-0.00011289304935765466,0.0,2.7395666229095574e-06,-0.00011563261598056421,0.7939449955965635,0.5939566321241659,0.0
2015-07-24,-0.0012370670484392735,0.0,2.7398834427979907e-06,-0.0012398069318820715,0.7939239060452391,0.5939124147209859,0.0
2015-07-27,-0.0004597252809175893,0.0,8.23166374121801e-06,-0.0004679569446588073,0.7937148805246601,0.5934110628216883,0.0
2015-07-28,0.001401089498651796,0.0,2.7445689261288927e-06,0.001398344929725667,0.7935824747518969,0.5932289431444879,0.0
2015-07-29,0.0011434009479543946,0.0,2.7407364312383064e-06,0.0011406602115231564,0.7938734553295728,0.5937996958491762,0.0
2015-07-30,0.00040888234083170943,0.0,2.7382158246814885e-06,0.00040614412500702794,0.7941549972821471,0.5942652420803985,0.0
2015-07-31,0.0012419799822427397,0.0,2.7371041659040147e-06,0.0012392428780768356,0.7942413031837828,0.5944326990727896,0.0
2015-08-03,-0.0001437316303962214,0.0,8.201149281869233e-06,-0.00015193277967809064,0.7944987063025208,0.5949374071103694,0.0
2015-08-04,-0.0011800462713719212,9.8817933049458e-08,2.7397260275245373e-06,-0.0011828848153324952,0.7945412692351532,0.5945412692258618,0.0004938834878493864
2015-08-05,-6.522021952539365e-05,0.0,2.7423675198428387e-06,-6.796258704523649e-05,0.7942567611077052,0.5940639321591779,0.0
2015-08-06,-0.001076823524693393,0.0,2.7425539109014875e-06,-0.0010795660786042946,0.7942455198684409,0.5940390843726323,0.0
2015-08-07,-0.0002405337660062088,0.0,2.7455178788716656e-06,-0.00024327928388508045,0.7940258997706693,0.5936030946130377,0.0
2015-08-10,-0.0001256811248305979,0.0,8.238557907081942e-06,-0.00013391968273767984,0.7939785245315084,0.5935069487925148,0.0
2015-08-11,0.0006395127764091084,0.0,2.7471578333312292e-06,0.0006367656185757772,0.794003265575383,0.5934607437422033,0.0
2015-08-12,-0.0006264878163207903,0.0,2.7448059885575972e-06,-0.0006292326223093479,0.7940930318027863,0.5937221946380816,0.0
2015-08-13,-0.0011811599120192706,0.0,2.7465341974726894e-06,-0.0011839064462167432,0.793966133378578,0.5934691369630717,0.0
2015-08-14,0.0004126934081357946,0.0,2.7497896912128123e-06,0.00040994361844458175,0.793724669218892,0.5929900217603569,0.0
2015-08-17,0.0005352960721418947,0.0,8.244185494906691e-06,0.000527051886646988,0.793768066904337,0.5931595531949408,0.0
2015-08-18,-0.001728764329325258,1.1780553682010107e-07,2.7397260275244767e-06,-0.0017316218608896027,0.7932960848601176,0.5932960848508309,0.0005888595585890194
2015-08-19,-0.00014227654908258346,0.0,2.745078705357143e-06,-0.0001450216277879406,0.7929842138169502,0.5925934683258791,0.0
2015-08-20,-0.0014301403446825177,0.0,2.746080668721106e-06,-0.0014328864253512388,0.7930010112914633,0.5925371224748225,0.0
2015-08-21,-0.003014523427120122,0.0,2.749416460404102e-06,-0.0030172728435805263,0.7926625882910515,0.5919551866815522,0.0
2015-08-24,-0.0063134237658975245,0.0,8.273211918858152e-06,-0.0063216969778163825,0.7920378591873966,0.5907230358285148,0.0
2015-08-25,-0.0007618954771968535,0.0,2.775281796831527e-06,-0.000764670758993685,0.7907231475535212,0.5881275763848196,0.0
2015-08-26,0.0026096248237184225,0.0,2.7774055976772763e-06,0.0026068474181207453,0.7905657746071795,0.5878151659767383,0.0
2015-08-27,0.004299922982742643,0.0,2.7707933939677024e-06,0.004297152189348675,0.7911575631085631,0.588889645348921,0.0
2015-08-28,0.0003135428625119717,0.0,2.7583311814046487e-06,0.0003107845313305671,0.792009625406287,0.5906514491637477,0.0
2015-08-31,-0.0011971479133991952,0.0,8.27424194844836e-06,-0.0012054221553476437,0.79212127372224,0.5907813863099963,0.0
2015-09-01,-0.0013927618468527528,4.437069814585395e-07,2.7397260275240075e-06,-0.0013959452798617353,0.7896615434847757,0.5896615434755231,0.0022171304219720106
2015-09-02,0.000690053730694816,0.0,2.743555881404463e-06,0.0006873101748134116,0.7893706999404034,0.5890911205978776,0.0
2015-09-03,0.0018246112193283771,0.0,2.7410686623330533e-06,0.001821870150666044,0.7894741024953368,0.5893760901450239,0.0
2015-09-04,-0.001211622826598893,0.0,2.736685616847843e-06,-0.0012143595122157409,0.7899036192345661,0.5901255692046734,0.0
2015-09-08,0.0012812006171833033,0.0,1.0957642007981608e-05,0.0012702429751753218,0.7896069357854514,0.5896299691397868,0.0
2015-09-09,-0.0009492833707219904,0.0,2.7359351995289134e-06,-0.0009520193059215194,0.7898847907960193,0.5901615212304084,0.0
2015-09-10,3.5204319701682205e-05,0.0,2.73854234470988e-06,3.2465777356972326e-05,0.7896873049851905,0.5897737138213693,0.0
2015-09-11,0.0009819624691217912,0.0,2.737854608475216e-06,0.000979224614513316,0.7896531565763965,0.5897897701577057,0.0
2015-09-14,-0.0006283267679613377,0.0,8.207323502880069e-06,-0.0006365340914642177,0.7899053389002927,0.5901938003302111,0.0
2015-09-15,-0.0009555005121213696,0.0,2.7375170238726464e-06,-0.0009582380291452422,0.7897797338577499,0.5899409911150466,0.0
2015-09-16,0.0013207883709572084,1.0428424675986906e-08,2.7397260274769476e-06,0.0013180382165050555,0.78958923751644,0.589589237510623,5.213935878296827e-05
2015-09-17,0.002913760553937957,0.0,2.7361197171257054e-06,0.0029110244342208315,0.7898689484274023,0.5901322090772259,0.0
2015-09-18,-0.0002473322181537379,0.0,2.7281779245263598e-06,-0.0002500603960782643,0.7904815977355196,0.5913246092450954,0.0
2015-09-21,-0.0013234913706895496,0.0,8.186580913241334e-06,-0.001331677951602791,0.7904319212365795,0.5912251190143739,0.0
2015-09-22,-0.0015473079308018687,0.0,2.733096772084561e-06,-0.0015500410275739532,0.7902042985035344,0.5906882341413614,0.0
2015-09-23,-0.00038391511294454453,0.0,2.7373397610196585e-06,-0.0003866524527055642,0.7898813390551176,0.5900555365006828,0.0
2015-09-24,-0.0005056315521181952,0.0,2.7377997513254562e-06,-0.0005083693518695207,0.7897590894032734,0.5898997075565153,0.0
2015-09-25,-0.0010056184702754122,0.0,2.7391922727266936e-06,-0.0010083576625481388,0.7896548941979855,0.5896938582889367,0.0
2015-09-28,-0.0031411613642064913,0.0,8.225871438676975e-06,-0.0031493872356451683,0.7894453189642643,0.5892824472897913,0.0
2015-09-29,0.0003595932888910081,0.0,2.7512215357440857e-06,0.000356842067355264,0.7888322760109784,0.5879931039016599,0.0
2015-09-30,0.0023067641101021234,4.795736811640141e-07,2.7397260274752235e-06,0.002303544810393484,0.7865151779210948,0.5865151779154034,0.002395174977474976
2015-10-01,-0.0005897367039573285,0.0,2.732831718653847e-06,-0.0005924695356759824,0.7869653970544846,0.5874686815927538,0.0
2015-10-02,0.003960111414870406,0.0,2.735049883985264e-06,0.003957376364986421,0.7868855004441575,0.5872268589132331,0.0
2015-10-05,0.002458180898971813,0.0,8.172806779575622e-06,0.0024500080921922374,0.7877282746032014,0.5888566429668614,0.0
2015-10-06,0.0006930994798855876,0.0,2.7170164857264108e-06,0.0006903824633998613,0.7882118419362509,0.589869638478223,0.0
2015-10-07,0.00234240339427908,0.0,2.7151419993056146e-06,0.0023396882522797747,0.7883606710341055,0.5901553050847956,0.0
2015-10-08,0.0010450358200507267,0.0,2.7088042418434706e-06,0.0010423270158088833,0.788857394050816,0.5911146843962426,0.0
2015-10-09,0.0004168493080748357,0.0,2.705983721906082e-06,0.0004141433243529296,0.7890799505208272,0.5915431388216832,0.0
2015-10-12,0.0009603972255797154,0.0,8.114590562207798e-06,0.0009522826350175076,0.7891699703539183,0.5917149333401953,0.0
2015-10-13,-0.0016635271072792082,0.0,2.7022901767254345e-06,-0.0016662293974559336,0.7893786559929117,0.5921114730919549,0.0
2015-10-14,0.00029402790767041684,0.0,2.7068003270027928e-06,0.00029132110734341404,0.7890298335897903,0.5914334097185866,0.0
2015-10-15,0.0011407417729920816,0.0,2.7060120085884558e-06,0.0011380357609834931,0.7890939817649307,0.5915551051379735,0.0
2015-10-16,0.0016629381296836044,0.0,2.702935970793862e-06,0.0016602351937128105,0.7893364304526075,0.5920221045846553,0.0
2015-10-19,0.0006640931425228086,0.0,8.09536769802205e-06,0.0006559977748247865,0.7896883002740828,0.5927010196222129,0.0
2015-10-20,-0.0008932485531106821,0.0,2.6966868787481355e-06,-0.0008959452399894302,0.7898342638969584,0.5929761217483446,0.0
2015-10-21,0.00027337582219283624,0.0,2.6985150565021763e-06,0.00027067730713633404,0.7896054218535186,0.5926138227288595,0.0
2015-10-22,0.0029947230532408366,0.0,2.6983747403319227e-06,0.0029920246785005047,0.7897081169117836,0.5927267608675532,0.0
2015-10-23,-0.0003917066467600614,0.0,2.690325220878253e-06,-0.0003943969719809396,0.7903381287793851,0.5939443876552727,0.0
2015-10-26,4.773806017878923e-05,0.0,8.074160086922975e-06,3.966390009186625e-05,0.7902580975333428,0.5937868687515503,0.0
2015-10-27,-9.402031181985954e-05,0.0,2.6906915870667623e-06,-9.67110034069263e-05,0.7902315398052854,0.5938110539494116,0.0
2015-10-28,-0.0018413112344222353,8.851111455748312e-07,2.739726027450106e-06,-0.0018449360715952602,0.7926644312855972,0.5926644312817396,0.004422596115032124
2015-10-29,-0.0011605912213696846,0.0,2.744789989510694e-06,-0.0011633360113591953,0.7922848349220998,0.5919151656878193,0.0
2015-10-30,-0.0004481059268290855,0.0,2.747986821538634e-06,-0.00045085391365062415,0.7920456589383922,0.5914426209660719,0.0
2015-11-02,0.00034960579516903577,0.0,8.247678962955686e-06,0.00034135811620608007,0.7919546088464146,0.591261087414493,0.0
2015-11-03,-0.00017688779599303974,0.0,2.74828817051249e-06,-0.00017963608416355224,0.792033847459439,0.5914088110120274,0.0
2015-11-04,-0.0010134523603964078,0.0,2.74938301522266e-06,-0.0010162017434116304,0.7920431089967708,0.5913381488855165,0.0
2015-11-05,-0.0005878063845683684,0.0,2.7515781094102796e-06,-0.0005905579626777788,0.7917903977262067,0.5909251957392564,0.0
2015-11-06,-0.0036540682608228693,0.0,2.75320403597659e-06,-0.003656821464858846,0.7916701184338926,0.5906862238076015,0.0
2015-11-09,-0.001812791280383615,0.0,8.289926890523594e-06,-0.0018210812072741386,0.7909082604766772,0.5891867061406032,0.0
2015-11-10,0.0005247619776984816,0.0,2.768955697534629e-06,0.000521993022000947,0.7905792878617602,0.5884455219417323,0.0
2015-11-11,-0.00035006590168840926,5.000750816143999e-07,2.7397260274225067e-06,-0.00035330570279744615,0.79007838693612,0.590078386934277,0.002498637241862417
2015-11-12,-0.0016544511682852977,0.0,2.7412936261567484e-06,-0.0016571924619114544,0.7900511837597605,0.589936749050318,0.0
2015-11-13,-0.0006109019677432333,0.0,2.745844018163812e-06,-0.0006136478117613971,0.7897054264712502,0.589258813145292,0.0
2015-11-16,0.0020257250968526586,0.0,8.240788124300897e-06,0.002017484308728358,0.7895351998376344,0.5890093554796456,0.0
2015-11-17,0.0006920839891487006,0.0,2.741998095824624e-06,0.0006893419910528759,0.7900109383834844,0.5898450773882867,0.0
2015-11-18,0.002051754011701258,0.0,2.739510186608035e-06,0.0020490145015146497,0.7901146033626579,0.5901303597402713,0.0
2015-11-19,0.0003545744871246203,0.0,2.733908368715545e-06,0.00035184057875590477,0.7905465160988109,0.5909712051825758,0.0
2015-11-20,-0.000355128438712809,0.0,2.7335444088111284e-06,-0.00035786198312162015,0.790666542283893,0.5911178004406805,0.0
2015-11-23,0.0008616315555603603,0.0,8.20177552504153e-06,0.0008534297800353187,0.7905506969625582,0.5909741591865479,0.0
2015-11-24,0.0005073517336072957,0.0,2.73219125724695e-06,0.0005046195423500488,0.7907810929239543,0.5913311311449272,0.0
2015-11-25,0.0003963012415546338,1.7948189298057558e-07,2.739726027558509e-06,0.0003933820336340947,0.7906432391648673,0.5906432391530961,0.0008967411078424914
2015-11-27,0.0006046483473608709,0.0,5.47729738473116e-06,0.0005991710499761398,0.7907284820280425,0.5908071274853551,0.0
2015-11-30,-0.001334882926442958,0.0,8.212821737530204e-06,-0.0013430957481804884,0.7909029601577949,0.5910576312112267,0.0
2015-12-01,0.003102090814751922,0.0,2.7412890595235343e-06,0.0030993495256923984,0.7906299689810569,0.5905158676358384,0.0
2015-12-02,-0.0016196437201782665,0.0,2.732221654833877e-06,-0.0016223759418331003,0.7912359943715669,0.5917838135686941,0.0
2015-12-03,-0.003669208082457202,0.0,2.736661548689488e-06,-0.0036719447440058915,0.7908994869512863,0.5911231938969536,0.0
2015-12-04,0.0030874753570823157,0.0,2.747348072975271e-06,0.0030847280090093403,0.79017544365576,0.589619034328565,0.0
2015-12-07,-0.0003735541459533342,0.0,8.21669794064847e-06,-0.0003817708438939827,0.7908234437856578,0.5908837938965449,0.0
2015-12-08,-0.0015914102665668653,0.0,2.7399453447928893e-06,-0.0015941502119116583,0.7907517756121636,0.590735765442283,0.0
2015-12-09,-0.0003041977539744539,0.0,2.7437202459637034e-06,-0.00030694147422041763,0.790376617321618,0.5900850393662677,0.0
2015-12-10,-0.0008745703438351352,1.532692460109862e-07,2.739726027553591e-06,-0.0008774633391086999,0.7895053611742754,0.5895053611628635,0.0007656189840371669
2015-12-11,-0.0036004322915092345,0.0,2.7427347581603443e-06,-0.0036031750262673946,0.7893673837134894,0.5891477463677843,0.0
2015-12-14,-0.0012209765033213721,0.0,8.259764878921586e-06,-0.0012292362682002937,0.7886523851643227,0.5876647731105641,0.0
2015-12-15,0.0022436415092579546,0.0,2.7566435258401832e-06,0.0022408848657321143,0.7884005391975928,0.5871655618112595,0.0
2015-12-16,0.0023086549536537357,0.0,2.7498787126890473e-06,0.0023059050749410464,0.7888325043223444,0.588091358296044,0.0
2015-12-17,-0.0015037817335099351,0.0,2.7441522621693797e-06,-0.0015065258857721044,0.789364854052947,0.5890417389145826,0.0
2015-12-18,-0.0017827668154296013,0.0,2.7476918102579572e-06,-0.0017855145072398593,0.7890059359712778,0.5884244338224469,0.0
2015-12-21,0.0006255031204296518,0.0,8.259625589811443e-06,0.0006172434948398404,0.7886752204947918,0.5876909978093802,0.0
2015-12-22,0.002220393727742662,0.0,2.7509086488596197e-06,0.0022176428190938025,0.7887699217676194,0.5879535904008671,0.0
2015-12-23,0.0019263057066698558,0.0,2.7448216149152778e-06,0.0019235608850549405,0.789240062937224,0.5888680850484086,0.0
2015-12-24,0.0006325510712546204,4.753565065907563e-07,2.7395519200012524e-06,0.0006293361628280285,0.7872773564772177,0.5872900663171263,0.002370077250310021
2015-12-28,-0.0010475345936492655,0.0,1.0953710297969058e-05,-0.0010584883039472346,0.7874580620707845,0.5875528491328489,0.0
2015-12-29,0.0005811558627642721,0.0,2.740729935844591e-06,0.0005784151328284275,0.7872000666868694,0.5871267813702142,0.0
2015-12-30,7.816929708133537e-05,0.0,2.7391455725952527e-06,7.543015150874011e-05,0.7873258213801445,0.587368194580691,0.0
2015-12-31,-0.0008167327784987801,0.0,2.739537885974071e-06,-0.0008194723163847541,0.7873883217277948,0.5874020560516877,0.0
2016-01-04,-0.0016985623329723127,0.0,1.0964741197916115e-05,-0.001709527074170229,0.7871729348043464,0.5870664079423773,0.0
2016-01-05,0.0010870669446463206,0.0,2.7464798843557036e-06,0.001084320464761965,0.7868632930048031,0.5863702614468367,0.0
2016-01-06,0.0009036610489073379,0.0,2.743505045689618e-06,0.0009009175438616482,0.7870968946788081,0.5868210263434661,0.0
2016-01-07,-0.0020427554645531163,0.0,2.7398342540479196e-06,-0.0020454952988071644,0.787203573054828,0.5871956725093301,0.0
2016-01-08,-0.0008127572581043985,0.0,2.7460533985572007e-06,-0.0008155033115029558,0.7868141960082795,0.586352297913604,0.0
2016-01-11,-0.00031538237939069606,3.285286387179907e-07,8.21917808264481e-06,-0.0003239300861120589,0.7850019613045011,0.5850019612934776,0.001640987375292835
2016-01-12,0.0006727910809863034,0.0,2.740613794808358e-06,0.0006700504671914951,0.7849408448804056,0.5848760378593953,0.0
2016-01-13,-0.0025277151872142366,0.0,2.739377551788069e-06,-0.0025304545647660244,0.7851313056709516,0.5851567443904228,0.0
2016-01-14,0.00023568245487481926,0.0,2.745726611314624e-06,0.00023293672826350464,0.784545128270357,0.5841070856443894,0.0
2016-01-15,-0.003413032786147551,0.0,2.7444840526571433e-06,-0.003415777270200208,0.7845540207494243,0.5842066849054527,0.0
2016-01-19,0.000594317262320504,0.0,1.1015562920065437e-05,0.0005833016994004385,0.7838183368220873,0.5827843135308932,0.0
2016-01-20,-0.0019226908876922525,0.0,2.752890158747399e-06,-0.001925443777851,0.7839995250085812,0.583038543420021,0.0
2016-01-21,0.000698934527380186,0.0,2.7582009195454784e-06,0.0006961763264606405,0.7835855841081856,0.5822369169813656,0.0
2016-01-22,0.00397122134172305,0.0,2.756884765526409e-06,0.003968464456957524,0.7837828955825078,0.5825303076990798,0.0
2016-01-25,-0.002092482511631857,0.0,8.234351691647218e-06,-0.0021007168633235046,0.7845524431977857,0.5841832187010367,0.0
2016-01-26,0.0025737904735370376,3.0659922701446823e-07,2.739726027544969e-06,0.002570744148282478,0.7826188302471483,0.5826188302363655,0.0015324433261833803
2016-01-27,0.00020447115324636003,0.0,2.7321005469291407e-06,0.0002017390526994309,0.7831354375912579,0.5836920976654305,0.0
2016-01-28,0.002313544808644021,0.0,2.7321497712575817e-06,0.0023108126588727634,0.7832257311388185,0.5837787978370151,0.0
2016-01-29,0.003724331964491438,0.0,2.725850840629537e-06,0.0037216061136508085,0.7837282268398152,0.584741115473859,0.0
2016-02-01,-0.0013630603556461134,0.0,8.149013254457405e-06,-0.0013712093689005709,0.7845761869232702,0.5862835310648067,0.0
2016-02-02,-0.0012199660216205702,0.0,2.718875378899554e-06,-0.0012226848969994699,0.7842015230847412,0.5857236204250739,0.0
2016-02-03,0.0006290300316926951,0.0,2.7222037763413e-06,0.0006263078279163537,0.7839400687451717,0.5852191930722569,0.0
2016-02-04,-0.0009113449247666096,0.0,2.721097762238673e-06,-0.0009140660225288482,0.7841216680811329,0.5854815314377095,0.0
2016-02-05,-0.0011685369554874617,0.0,2.72418285592858e-06,-0.0011712611383433902,0.7839703596060086,0.5851050111232223,0.0
2016-02-08,-0.0007037234720994631,0.0,8.18213198100256e-06,-0.0007119056040804656,0.7837197631524213,0.5846212182813587,0.0
2016-02-09,-0.0005682767544483938,6.4550799865717e-08,2.7287236672247786e-06,-0.0005710700289154843,0.7832077783417555,0.5840109506343467,0.00032253445760131727
2016-02-10,0.0003946195955636476,0.0,2.730879869094504e-06,0.00039188871569455306,0.7831302813300569,0.5837760508861582,0.0
2016-02-11,-0.0006021819422286632,0.0,2.729213302033833e-06,-0.000604911155530697,0.7831744013162877,0.5839418302678177,0.0
2016-02-12,0.0017645808478259572,0.0,2.7314623793904598e-06,0.0017618493854465668,0.7830894842652164,0.5836927305697129,0.0
2016-02-16,0.0002612753705084584,0.0,1.0904249286610608e-05,0.00025037112122184776,0.783430187423435,0.5844276379427914,0.0
2016-02-17,0.0021169710702439986,0.0,2.7253799652137787e-06,0.002114245690278785,0.7834952981975719,0.5845425607369663,0.0
2016-02-18,0.0010535040625720346,0.0,2.719629999210967e-06,0.0010507844325728236,0.7839547962186959,0.5854218062762954,0.0
2016-02-19,9.077789256082487e-05,0.0,2.7173693195843682e-06,8.80605232412405e-05,0.7842276584181032,0.5858596980884442,0.0
2016-02-22,0.0019943208593946613,0.0,8.151390143070142e-06,0.001986169469251591,0.7842493749003142,0.5858988814189409,0.0
2016-02-23,0.0002985939724176975,0.0,2.7117440644219516e-06,0.00029588222835327555,0.7846851780162379,0.5867278613134355,0.0
2016-02-24,0.0006110387792754454,5.572101447732779e-07,2.7397260275147795e-06,0.0006077418431031574,0.7874930514837089,0.5874930514751299,0.0027847377507707067
2016-02-25,0.0030084049218695717,0.0,2.7386607128697062e-06,0.003005666261156702,0.7876691239145476,0.5877468918750591,0.0
2016-02-26,-0.0012793924932342274,0.0,2.7298569537291017e-06,-0.0012821223501879564,0.7882645620629783,0.5889850044407539,0.0
2016-02-29,0.0012134364596282899,0.0,8.200084372632657e-06,0.0012052363752556572,0.7879954761815492,0.5884600897808211,0.0
2016-03-01,0.002361730091714666,0.0,2.7306680494337118e-06,0.0023589994236652323,0.7883024533913006,0.5889636857826396,0.0
2016-03-02,-0.00025836015206965983,0.0,2.7242415651522855e-06,-0.0002610843936348121,0.7888033967248068,0.5899337624686899,0.0
2016-03-03,0.0016761635635454536,0.0,2.7243572844095067e-06,0.0016734392062610441,0.7887074793291262,0.589829397567232,0.0
2016-03-04,0.00037695042178562436,0.0,2.7204005828666977e-06,0.0003742300212027577,0.7891066087674392,0.5905173662181701,0.0
2016-03-07,-0.0006172162299907745,0.0,8.158148724435218e-06,-0.0006253743787152097,0.7891882212645754,0.5906732689699852,0.0
2016-03-08,0.00033094503795552113,0.0,2.7210846047401524e-06,0.00032822395335078096,0.7890644657346799,0.5904252895886487,0.0
2016-03-09,0.0009353673803492612,5.940176178222033e-07,2.719597090119992e-06,0.0009320537656413191,0.7905175509689599,0.5919869633902005,0.002967197081693615
2016-03-10,0.0007603401820635155,0.0,2.717658768588324e-06,0.0007576225232949271,0.7907592999927195,0.5923702098857719,0.0
2016-03-11,0.0021368954009349326,0.0,2.71560136782935e-06,0.0021341797995671034,0.7909204210497776,0.5926815211982349,0.0
2016-03-14,-0.00029729677026554927,0.0,8.127677142081344e-06,-0.00030542444740763063,0.791325147737726,0.5935516706137469,0.0
2016-03-15,-0.0013853922274804644,0.0,2.7100534305976283e-06,-0.001388102280911062,0.7912695240245154,0.5934356235908885,0.0
2016-03-16,0.003514922495457924,0.0,2.7138204910098002e-06,0.003512208674966914,0.7909820958483408,0.5928732000046254,0.0
2016-03-17,0.002668962703589068,0.0,2.7049136891001173e-06,0.002666257789899968,0.7917595133298316,0.594300814025523,0.0
2016-03-18,0.0007594385890917743,0.0,2.6971310998037727e-06,0.0007567414579919705,0.7922729042289425,0.5953823339432671,0.0
2016-03-21,0.00016394306738180413,0.0,8.085274836742443e-06,0.0001558577925450617,0.7924326761593012,0.595690988465235,0.0
2016-03-22,-0.0015401243859788107,0.0,2.6952608588887107e-06,-0.0015428196468376995,0.7925161200692317,0.5957620773703558,0.0
2016-03-23,-0.00024133797696913346,3.9192261918037996e-07,2.6994255857397193e-06,-0.0002444293251740536,0.7927398174010194,0.5956817496420199,0.0019580998747706913
2016-03-24,-0.0011963116550987314,0.0,2.699495278848833e-06,-0.0011990111503775802,0.792649145702719,0.5955859903467543,0.0
2016-03-28,0.0006459870297405822,0.0,1.0813307539627033e-05,0.0006351737222009551,0.7924460766791573,0.5951032140809642,0.0
2016-03-29,0.0034044788459626266,0.0,2.7016108926613564e-06,0.003401777235069965,0.7925886322372754,0.5953710370729965,0.0
2016-03-30,0.00112807826271346,0.0,2.692451771519434e-06,0.0011253858109419406,0.7932944999127982,0.5967455205918797,0.0
2016-03-31,0.0005045304174677844,0.0,2.689425130637021e-06,0.0005018409923371474,0.7935295512778818,0.5972015167413791,0.0
2016-04-01,0.001608534220127193,0.0,2.688076143836615e-06,0.0016058461439833562,0.7936358027164939,0.597406244216421,0.0
2016-04-04,0.00015844739767109157,0.0,8.05129928359874e-06,0.00015039609838749283,0.793969344326533,0.598054395092297,0.0
2016-04-05,-0.0007224519764511952,0.0,2.6833628605596812e-06,-0.0007251353393117549,0.7940083759622425,0.5981228871413855,0.0
2016-04-06,0.001473592545854749,0.0,2.6858974113379806e-06,0.0014709066484434109,0.7939044567136643,0.5978339456859917,0.0
2016-04-07,-0.0009204723774430861,3.9017346969762866e-07,2.681952509561169e-06,-0.0009235445034223449,0.7922630835549327,0.5964805503569673,0.0019467571696279856
2016-04-08,0.0008727081118992141,0.0,2.6838446846706505e-06,0.0008700242672145434,0.7920312746402349,0.5961106126592775,0.0
2016-04-11,-0.0003658531078389607,0.0,8.046294633529526e-06,-0.00037389940247249025,0.7922575516999454,0.5964643822840603,0.0
2016-04-12,0.0004374354138287766,0.0,2.6825146950600184e-06,0.0004347528991337166,0.7921450661656764,0.5963214934262948,0.0
2016-04-13,0.0006518876468270549,0.0,2.6813489708247027e-06,0.0006492062978562302,0.7922380737803687,0.5964995989101654,0.0
2016-04-14,-0.0006726737628162761,0.0,2.6801954422308118e-06,-0.0006753539582585069,0.7924183308514386,0.5967640635685895,0.0
2016-04-15,0.00148397555167013,0.0,2.682006746101822e-06,0.001481293544924028,0.7922807270135866,0.5964942345481535,0.0
2016-04-18,0.0012492389776650422,0.0,8.032362491323217e-06,0.001241206615173719,0.7925478929540622,0.5970937389985309,0.0
2016-04-19,0.0009808040995589336,0.0,2.674719903020955e-06,0.0009781293796559127,0.7928557842951075,0.5976012313745779,0.0
2016-04-20,-0.001730413786628957,0.0,2.67210623740902e-06,-0.001733085892866366,0.7930608722559811,0.5979971169251226,0.0
2016-04-21,-0.002553335021004529,1.2495689376199797e-07,2.6767452668710906e-06,-0.0025561367231651624,0.7920801515377062,0.5966777470561165,0.0006241315419579646
2016-04-22,0.0003916547865506418,0.0,2.683018091736948e-06,0.00038897176845890485,0.7915072878186112,0.5956469671218141,0.0
2016-04-25,-0.00046764632702737437,0.0,8.04768446186814e-06,-0.00047569401148924253,0.7916338584286614,0.5958068698565365,0.0
2016-04-26,-0.00011272169688186045,0.0,2.683251285791625e-06,-0.00011540494816765208,0.7914999014760623,0.5956225576132739,0.0
2016-04-27,0.0027796733296745015,0.0,2.6841479369915284e-06,0.00277698918173751,0.7915213680306158,0.5955785686302345,0.0
2016-04-28,0.0009195930714583474,0.0,2.676714729147444e-06,0.0009169163567291999,0.7921013843851126,0.5967012091573493,0.0
2016-04-29,-3.509742067140213e-05,0.0,2.674262653978136e-06,-3.777168332538027e-05,0.7922945096613387,0.5970733359209346,0.0
2016-05-02,0.0006532426466033803,0.0,8.024855517569608e-06,0.0006452177910858107,0.7923322747522282,0.5970607904913677,0.0
2016-05-03,-0.0004198872353194948,0.0,2.672639234812074e-06,-0.0004225598745543069,0.7924312902225801,0.5973286260812987,0.0
2016-05-04,-0.00031388810129166154,0.0,2.674357101549749e-06,-0.0003165624583932113,0.792389143568117,0.5971610751549854,0.0
2016-05-05,0.0007699073119608655,2.3307409828798342e-07,2.674615745231726e-06,0.0007669996221173457,0.7922519706284651,0.5970050212265491,0.0011649746277217488
2016-05-06,-6.425499424563733e-05,0.0,2.6725658882044267e-06,-6.692756013384175e-05,0.7924140966276819,0.5973167867887587,0.0
2016-05-09,0.00023747211639472618,0.0,8.019997747322788e-06,0.0002294521186474034,0.792445785642889,0.5972925071247009,0.0
2016-05-10,0.0026989105625357442,0.0,2.672719321327656e-06,0.0026962378432144165,0.7925014166300284,0.5973929061731096,0.0
2016-05-11,-0.0004401626138104147,0.0,2.665532411969806e-06,-0.0004428281462223845,0.7930620432996668,0.5984781772258708,0.0
2016-05-12,0.0006221044466668823,0.0,2.665543934932741e-06,0.0006194389027319496,0.792887667252808,0.5983029600027179,0.0
2016-05-13,-0.0010942911958324885,0.0,2.6638938154709886e-06,-0.0010969550896479596,0.7930185451620354,0.5985542966326532,0.0
2016-05-16,0.0005466137430258093,0.0,8.000457589080101e-06,0.0005386132854367292,0.7927939132843073,0.5981161119500249,0.0
2016-05-17,-0.002011336675543134,0.0,2.6653835853511506e-06,-0.002014002059128485,0.7929134533072512,0.5983404515766171,0.0
2016-05-18,-0.004208550074035588,0.0,2.670762506539368e-06,-0.004211220836542127,0.7924982096578586,0.5975325466804847,0.0
2016-05-19,0.0005878030312301259,2.651700953723203e-07,2.682643867862681e-06,0.0005848552172668909,0.7919165510575191,0.5960835487035433,0.001324963558784158
2016-05-20,-0.00013896807843532846,0.0,2.6804895434880433e-06,-0.0001416485679788165,0.7919983260318411,0.5963225893572138,0.0
2016-05-23,0.00017798230512669543,0.0,8.044366953091927e-06,0.0001699379381736035,0.7920143443239336,0.5962680817986965,0.0
2016-05-24,0.0012387747402297325,0.0,2.6815896769340056e-06,0.0012360931505527985,0.7921007689274214,0.5963447225112389,0.0
2016-05-25,0.0008520863719649776,0.0,2.6771046300951318e-06,0.0008494092673348825,0.7922743783168675,0.5968457403199228,0.0
2016-05-26,0.0008230518965323103,0.0,2.6754176483837956e-06,0.0008203764788839265,0.7924960558215142,0.5971905674894971,0.0
2016-05-27,-0.00021120366002303268,0.0,2.673224597801244e-06,-0.0002138768846208339,0.7926688208618858,0.597523425222395,0.0
2016-05-31,-0.0006183761184874484,0.0,1.0697538025221464e-05,-0.0006290736565126698,0.7926700691286473,0.5974400001683557,0.0
2016-06-01,0.0013435921748054167,0.0,2.676067950155485e-06,0.0013409161068552611,0.7925502655036241,0.5971973051422739,0.0
2016-06-02,0.0010095066954733305,0.0,2.6724843728154173e-06,0.001006834211100515,0.7928307381716605,0.5977393789561353,0.0
2016-06-03,0.0033300336277423364,2.8658094453289553e-07,2.6692092941908635e-06,0.003327077837503613,0.7934943670405438,0.5986420885646105,0.0014321606514852009
2016-06-06,0.0004929575981145688,0.0,7.982829496665782e-06,0.000484974768617903,0.7942248065733484,0.5999759554878142,0.0
2016-06-07,0.0009712205602946075,0.0,2.660233103859219e-06,0.0009685603271907483,0.79437485855761,0.6001778419758871,0.0
2016-06-08,0.0021536877765361974,0.0,2.657659000788976e-06,0.0021510301175354084,0.7945764838588021,0.600567376801207,0.0
2016-06-09,0.00030525744325307885,0.0,2.6519545666475587e-06,0.0003026054886864313,0.7950200595433456,0.6014273761780738,0.0
2016-06-10,-0.0004509166528805577,0.0,2.649991679648889e-06,-0.0004535666445602066,0.7949999937220782,0.6015506011077092,0.0
2016-06-13,-0.00199219388944769,0.0,7.953582518675044e-06,-0.002000147471966365,0.79490962155881,0.6013724469377171,0.0
2016-06-14,-0.0006858884813832553,0.0,2.656507579811534e-06,-0.0006885449889630667,0.7945065579526999,0.600581504626458,0.0
2016-06-15,0.0011489572022662926,0.0,2.658337965096049e-06,0.0011462988643011966,0.794367627320479,0.6003089558684674,0.0
2016-06-16,0.0006498021163880063,0.0,2.655294204364649e-06,0.0006471468221836417,0.7946057288781251,0.6007692519595056,0.0
2016-06-17,-0.000894761223363155,3.2923956529478834e-07,2.654160549435861e-06,-0.0008977446234778857,0.7937482658156166,0.5999945457067988,0.0016452506729393995
2016-06-20,0.000924815704362312,0.0,7.967883978155322e-06,0.0009168478203841567,0.7935232831712409,0.5996381063694614,0.0
2016-06-21,3.9081740147917165e-05,0.0,2.6541120320079466e-06,3.642762811590922e-05,0.7937629799810133,0.6000128016444334,0.0
2016-06-22,0.0010337022279030136,0.0,2.6540153525207246e-06,0.001031048212550493,0.7937731464479589,0.600030025713946,0.0
2016-06-23,0.0012113695540425262,0.0,2.6512817532052337e-06,0.001208718272289321,0.7939882085524377,0.6004446405684556,0.0
2016-06-24,-0.002513673505193618,0.0,2.648080969357077e-06,-0.002516321586162975,0.7942395662306406,0.6009296554675738,0.0
2016-06-27,-0.00021511228465219556,0.0,7.962532415399028e-06,-0.00022307481706759457,0.7936805431100988,0.5999255876687226,0.0
2016-06-28,0.0034383417613121706,0.0,2.654769684057115e-06,0.0034356869916281133,0.7936424724745055,0.5998442855383359,0.0
2016-06-29,0.0029557402243412076,0.0,2.6456799558586764e-06,0.0029530945443853487,0.7943516705353052,0.6012170337576217,0.0
2016-06-30,0.003983293477522874,0.0,2.6378900172471078e-06,0.003980655587505627,0.7949598192549139,0.6023938479958751,0.0
2016-07-01,0.0014458297950753526,1.037324941925864e-06,2.627431119265249e-06,0.0014421650390141613,0.7918024716820389,0.5999999999756754,0.005140703316542636
2016-07-05,0.000963073447037481,0.0,1.0499185929257942e-05,0.000952574261108223,0.7921898379408243,0.6005796947318668,0.0
2016-07-06,0.0010475955835918505,0.0,2.6222985481992383e-06,0.0010449732850436513,0.7923980933586067,0.6009702993400624,0.0
2016-07-07,0.0006115177431066566,0.0,2.618990238232921e-06,0.0006088987528684237,0.7925757463960902,0.601389459005087,0.0
2016-07-08,0.002788192600722633,0.0,2.6179670998416284e-06,0.0027855746336227917,0.7927462404533357,0.6016346421648969,0.0
2016-07-11,-0.0006355963229690401,0.0,7.830377425582979e-06,-0.000643426700394623,0.793283030817933,0.6027438467954142,0.0
2016-07-12,-0.0016065952653489932,0.0,2.612375686873518e-06,-0.0016092076410358666,0.7931993375711475,0.6024959124293807,0.0
2016-07-13,0.0009072711215033818,0.0,2.6154408162816514e-06,0.0009046556806871001,0.7927850109736746,0.6018578313851138,0.0
2016-07-14,-0.0004596593204751006,0.0,2.6136515726918893e-06,-0.0004622729720477925,0.7930168652972612,0.6022203004907533,0.0
2016-07-15,-0.0008759692771787499,0.0,2.615430390166384e-06,-0.0008785847075689163,0.7929653659859752,0.6020389475038292,0.0
2016-07-18,5.0831032947330534e-05,9.091595183235425e-07,7.851479244779159e-06,4.207039418422783e-05,0.7910526616341503,0.6000000000111905,0.004503130359487198
2016-07-19,-9.82337693271366e-05,0.0,2.6170496479510205e-06,-0.00010085081897508763,0.7910702120315659,0.6000255877311417,0.0
2016-07-20,-0.0004850727436032572,0.0,2.617884179182151e-06,-0.00048769062778243936,0.7910934083094932,0.5999878632291961,0.0
2016-07-21,-0.0001595342465089599,0.0,2.619161519704942e-06,-0.00016215340802866484,0.7909940959729067,0.5997953050344461,0.0
2016-07-22,0.0006814287361185179,0.0,2.619586294549398e-06,0.0006788091498239685,0.790962819043069,0.599733019540963,0.0
2016-07-25,-0.0011625854735504207,0.0,7.85342790493917e-06,-0.0011704389014553598,0.7911072369485064,0.6000071579283197,0.0
2016-07-26,-0.0012925343400313513,0.0,2.6203056526166886e-06,-0.001295154645683968,0.790828617414118,0.5995463047730998,0.0
2016-07-27,0.00023444924429878033,0.0,2.623703754723359e-06,0.00023182554054405698,0.7905599805055188,0.5990296064107135,0.0
2016-07-28,-0.00013529549659523494,0.0,2.623667487654204e-06,-0.00013791916408288914,0.7906528897389707,0.5991251631402138,0.0
2016-07-29,0.0017561736953328598,0.0,2.623457479218754e-06,0.001753550237853641,0.7905848872038018,0.5990724912208326,0.0
2016-08-01,-0.0021536664883918186,3.061426034219113e-07,7.858308236092012e-06,-0.0021618309392313325,0.7904251490993469,0.5992063153544411,0.0015298196059109342
2016-08-02,-0.001639486981346563,0.0,2.624538976999759e-06,-0.0016421115203235628,0.7899375174543202,0.5983461721333379,0.0
2016-08-03,0.0004742194555517975,0.0,2.6294289406938976e-06,0.0004715900266111036,0.7896364684287771,0.5976881557581226,0.0
2016-08-04,0.002496635769413879,0.0,2.627616693653634e-06,0.0024940081527202256,0.7896964394068484,0.5978804207701333,0.0
2016-08-05,-0.0008969080878765616,0.0,2.6210796995148833e-06,-0.0008995291675760764,0.7902222544313058,0.5988834363667194,0.0
2016-08-08,0.0010055812710107013,0.0,7.870318679761925e-06,0.0009977109523309393,0.7900360067751222,0.5985249189009154,0.0
2016-08-09,0.002073742463030877,0.0,2.620824734380312e-06,0.002071121638296497,0.7902531438295152,0.5989329382197525,0.0
2016-08-10,0.0009018144866432749,0.0,2.6154079064711922e-06,0.0008991990787368037,0.7906892726307546,0.5997644954583574,0.0
2016-08-11,-0.0006958200202027644,0.0,2.613058246900194e-06,-0.0006984330784496646,0.7908799286139996,0.6001266765902854,0.0
2016-08-12,0.001821709997309079,0.0,2.6148845687828034e-06,0.0018190951127402962,0.7907363850416951,0.5998498115205504,0.0
2016-08-15,-0.0003454536946888519,5.034380279800944e-05,7.863815484957219e-16,-0.00039579749748764773,0.6000000000538908,0.6000000000347556,0.25000000003225764
2016-08-16,-0.0006919262056558046,0.0,2.636990932467945e-16,-0.0006919262056560683,0.5998919821045889,0.599891982085339,0.0
2016-08-17,0.0010002729249843974,0.0,2.6424988711786106e-16,0.001000272924984133,0.5996149451928421,0.5996149451735518,0.0
2016-08-18,0.0011576262794847378,0.0,2.6422071991793174e-16,0.0011576262794844735,0.6000150393194291,0.600015039300141,0.0
2016-08-19,-0.0013443129779507046,0.0,2.665051082757936e-16,-0.0013443129779509711,0.6004775370220063,0.6004775370025515,0.0
2016-08-22,0.0007152545492284474,0.0,7.963090994670475e-16,0.000715254549227651,0.599939730810068,0.5999397307906912,0.0
2016-08-23,0.0005413002576922883,0.0,2.646343662957454e-16,0.0005413002576920236,0.6002256712173502,0.6002256711980319,0.0
2016-08-24,-0.0007952169352932836,0.0,2.6501594973993214e-16,-0.0007952169352935486,0.6004419520916846,0.6004419520723383,0.0
2016-08-25,-6.880182243683613e-05,0.0,2.6421425070650105e-16,-6.880182243710035e-05,0.6001239638956826,0.6001239638763949,0.0
2016-08-26,-0.0010653954253326144,0.0,2.6420589034321317e-16,-0.0010653954253328785,0.6000964498026283,0.6000964497833412,0.0
2016-08-29,0.001971059438641318,1.460715336976334e-07,5.42390367299043e-16,0.0019709133671070777,0.6000000000236406,0.6000000000104424,0.0007302023136846331
2016-08-30,-0.00023284089740905936,0.0,1.7977624070462187e-16,-0.00023284089740923915,0.6007869604111753,0.6007869603980517,0.0
2016-08-31,-0.0007273032710371038,0.0,1.7845335219211317e-16,-0.0007273032710372822,0.6006939856403516,0.6006939856273245,0.0
2016-09-01,0.00011354851886790241,0.0,1.7785586004062195e-16,0.00011354851886772456,0.6004033576952549,0.6004033576822713,0.0
2016-09-02,0.00021656487981466495,0.0,1.7769986739032956e-16,0.00021656487981448725,0.6004487261506025,0.6004487261376305,0.0
2016-09-06,0.0016534990195080873,0.0,7.166016063860853e-16,0.0016534990195073707,0.6005352361892761,0.6005352361761981,0.0
2016-09-07,4.5429068599925824e-05,0.0,1.7891664275882045e-16,4.542906859974691e-05,0.6011946604272393,0.6011946604141785,0.0
2016-09-08,-0.0018435983388860673,0.0,1.7954925333077988e-16,-0.0018435983388862469,0.6012127769593985,0.6012127769462913,0.0
2016-09-09,-0.0032816779963574247,0.0,1.820850553369499e-16,-0.003281677996357607,0.6004762155742466,0.6004762155609542,0.0
2016-09-12,0.00022010452348945433,0.0,5.407075533976077e-16,0.0002201045234889136,0.5991607903597145,0.5991607903465573,0.0
2016-09-13,-0.002635527195835105,2.6794109688425815e-07,1.7671483630645287e-16,-0.002635795136932166,0.6000000000085197,0.5999999999956197,0.0013390203471536771
2016-09-14,0.00039117366747414223,0.0,1.7439017634982712e-16,0.00039117366747396784,0.5989431642922216,0.5989431642794913,0.0
2016-09-15,0.0009730275948968258,0.0,1.7394320425577177e-16,0.0009730275948966519,0.599099985821031,0.5990999858083331,0.0
2016-09-16,-2.3557315559796218e-05,0.0,1.7424428751580405e-16,-2.3557315559970463e-05,0.5994896934014264,0.5994896933887067,0.0
2016-09-19,0.00012687006646622118,0.0,5.236338575007095e-16,0.00012687006646569754,0.5994802582315034,0.5994802582187616,0.0
2016-09-20,0.000213722518411452,0.0,1.746830464707752e-16,0.0002137225184112773,0.5995310657518212,0.5995310657390692,0.0
2016-09-21,0.0026233248625762784,0.0,1.7629765652765328e-16,0.002623324862576102,0.5996166366926778,0.5996166366798082,0.0
2016-09-22,0.0016159275812421155,0.0,1.7733525190467288e-16,0.0016159275812419381,0.6006642241620597,0.6006642241491144,0.0
2016-09-23,-0.00018159838249600486,0.0,1.7667786291379298e-16,-0.00018159838249618153,0.6013084807843404,0.6013084807714429,0.0
2016-09-26,-0.00033278501382873486,0.0,5.255674312560712e-16,-0.00033278501382926043,0.6012360658987991,0.6012360658860104,0.0
2016-09-27,0.0009589492679693457,2.2072021411357197e-07,2.617106488774647e-16,0.0009587285477549703,0.6000000000098685,0.5999999999907636,0.0011033190577604546
2016-09-28,0.0007759691576458872,0.0,2.6165100450721105e-16,0.0007759691576456256,0.6003833446257623,0.6003833446066618,0.0
2016-09-29,-0.0007104323773937435,0.0,2.6273736240459047e-16,-0.0007104323773940062,0.600693194391447,0.6006931943722671,0.0
2016-09-30,0.000233190590661016,0.0,2.612954395812501e-16,0.00023319059066075472,0.6004093122290307,0.6004093122099562,0.0
2016-10-03,-0.00029405392666447005,0.0,7.866988219102917e-16,-0.00029405392666525675,0.6005024712937905,0.6005024712746474,0.0
2016-10-04,-0.001774528936157075,0.0,2.6304806374972854e-16,-0.001774528936157338,0.6003849629230381,0.6003849629038355,0.0
2016-10-05,-0.00028043040855176254,0.0,2.639913809402406e-16,-0.00028043040855202654,0.5996745738705269,0.5996745738512551,0.0
2016-10-06,-0.00017349700979507523,0.0,2.6660964936394635e-16,-0.00017349700979534183,0.5995622789570012,0.5995622789375384,0.0
2016-10-07,0.0005130095483505731,0.0,2.6563337493343436e-16,0.0005130095483503075,0.5994927921539638,0.5994927921345727,0.0
2016-10-10,0.00028828464021886895,0.0,7.978185553757862e-16,0.00028828464021807114,0.5996981508248456,0.5996981508054321,0.0
2016-10-11,-0.0016854291119826634,2.9259003097428288e-05,2.2038624955712072e-16,-0.001714688115080312,0.6000000000198482,0.6000000000037603,0.14533002194126565
2016-10-12,1.079554346178857e-06,0.0,2.1902331769728137e-16,1.0795543459598337e-06,0.5993422559508831,0.5993422559348945,0.0
2016-10-13,0.0003058221967701704,0.0,2.1745891159188875e-16,0.00030582219676995295,0.599342688482111,0.5993426884662366,0.0
2016-10-14,-0.0009960157403811965,0.0,2.2011107780902282e-16,-0.0009960157403814166,0.5994651809205634,0.5994651809044955,0.0
2016-10-17,0.0004608927220277648,0.0,6.606955845782277e-16,0.0004608927220271041,0.5990658441905138,0.5990658441744369,0.0
2016-10-18,0.0007373966018763542,0.0,2.1979768914172593e-16,0.0007373966018761344,0.5992505466968739,0.5992505466808287,0.0
2016-10-19,0.0004902692483547206,0.0,2.2057873352655237e-16,0.0004902692483545,0.5995458402335618,0.5995458402174597,0.0
2016-10-20,0.0001054488864981825,0.0,2.2094004203671204e-16,0.00010544888649796157,0.599742074385935,0.5997420743698063,0.0
2016-10-21,0.0005361550936933751,0.0,2.1951180629342611e-16,0.0005361550936931555,0.5997842766882149,0.5997842766721906,0.0
2016-10-24,-0.0005099498843943802,0.0,6.56280001067679e-16,-0.0005099498843950365,0.5999987394015224,0.5999987393855529,0.0
2016-10-25,0.00010804600308259187,4.643781327953977e-08,5.135473725773927e-16,0.00010799956526879878,0.5999532565492254,0.5999532565117365,0.00023215981849475376
2016-10-26,-0.0014029203278850338,0.0,5.11067716549536e-16,-0.0014029203278855449,0.5999965031906237,0.5999965031533155,0.0
2016-10-27,-0.0018418108309959812,0.0,5.095784457599745e-16,-0.0018418108309964907,0.5994345417664586,0.5994345417292594,0.0
2016-10-28,-0.0005705967624249154,0.0,5.107143449092505e-16,-0.0005705967624254262,0.5986954146346188,0.5986954145973368,0.0
2016-10-31,0.0001857399869620573,0.0,1.529826756362053e-15,0.00018573998696052747,0.5984663008057767,0.5984663007685511,0.0
2016-11-01,-0.0006332942777593221,0.0,5.069045832116606e-16,-0.000633294277759829,0.5985408678195397,0.598540867782536,0.0
2016-11-02,3.168233697229662e-05,0.0,5.043758241498528e-16,3.1682336971792245e-05,0.5982864649362777,0.5982864648994587,0.0
2016-11-03,3.500374228007044e-05,0.0,5.01008105980194e-16,3.500374227956943e-05,0.5982991917564024,0.5982991917198288,0.0
2016-11-04,0.0002602954414983425,0.0,4.991794010232075e-16,0.00026029544149784334,0.5983132522956645,0.5983132522592243,0.0
2016-11-07,0.0015785043880211184,0.0,1.4941748656320788e-15,0.0015785043880196241,0.5984177823162421,0.5984177822798841,0.0
2016-11-08,-0.00030632789186113996,1.2721588513284764e-07,5.02480692294602e-16,-0.0003064551077467753,0.598414698503294,0.598414698466613,0.0006359840702614972
2016-11-09,-0.004667293041863865,0.0,5.013958885652058e-16,-0.0046672930418643664,0.5982917201649096,0.5982917201283077,0.0
2016-11-10,-0.005313858485191622,0.0,5.043273369233038e-16,-0.005313858485192126,0.5964080382099372,0.5964080381731213,0.0
2016-11-11,-0.0019528769477015814,0.0,5.047585899560911e-16,-0.0019528769477020862,0.594251950494056,0.5942519504572088,0.0
2016-11-14,-0.0018105487880229988,0.0,1.5067821221015724e-15,-0.0018105487880245056,0.5934580240406785,0.5934580240040134,0.0
2016-11-15,0.0033249001222060556,0.0,5.029493754471015e-16,0.0033249001222055525,0.5927206248616195,0.5927206248249044,0.0
2016-11-16,-0.0004082656633550888,0.0,5.048173436351461e-16,-0.0004082656633555936,0.5940703005691235,0.594070300532272,0.0
2016-11-17,-0.0012024494270277924,0.0,5.0331656335606435e-16,-0.0012024494270282957,0.5939045057226426,0.5939045056859005,0.0
2016-11-18,-0.0012223727175373835,0.0,5.045815389610205e-16,-0.001222372717537888,0.5934156085541584,0.5934156085173241,0.0
2016-11-21,0.0010521353734021283,0.0,1.5185258136572974e-15,0.0010521353734006097,0.5929180026268404,0.5929180025898897,0.0
2016-11-22,0.000996350845710492,4.0281923874558375e-07,5.1151435505891855e-16,0.000995948026471235,0.5913321628592173,0.5913321628218767,0.0020136949757653955
2016-11-23,-0.0018278321889295128,0.0,5.114355427915014e-16,-0.0018278321889300243,0.591739172244177,0.5917391722068421,0.0
2016-11-25,0.00020272685309677562,0.0,1.025474027389851e-15,0.00020272685309575015,0.5909915734766613,0.5909915734392311,0.0
2016-11-28,0.0007303140133152543,0.0,1.539029934469672e-15,0.0007303140133137153,0.5910744736617947,0.5910744736243451,0.0
2016-11-29,-0.000550825356385143,0.0,5.137356324420065e-16,-0.0005508253563856567,0.5913728997594021,0.5913728997218994,0.0
2016-11-30,-0.0009770473782518526,0.0,5.108900105388461e-16,-0.0009770473782523634,0.5911476935417603,0.5911476935044655,0.0
2016-12-01,-0.001475720849348264,0.0,5.132780411707959e-16,-0.0014757208493487773,0.5907478347868329,0.5907478347493638,0.0
2016-12-02,0.0013186265073305396,0.0,5.153431402484855e-16,0.0013186265073300242,0.5901430002671715,0.5901430002295515,0.0
2016-12-05,0.0007730115270987151,0.0,1.5464795119986457e-15,0.0007730115270971686,0.5906827368603165,0.5906827368226852,0.0
2016-12-06,0.0014327587119846788,0.0,5.19494029505866e-16,0.0014327587119841593,0.5909988994259784,0.5909988993880555,0.0
2016-12-07,0.0021545171146274463,3.1255236080604537e-09,6.5544814807911055e-16,0.002154513989103183,0.5915996882476163,0.5915996881997687,1.5627331549888934e-05
2016-12-08,-0.0006192425190178917,0.0,6.565285651744997e-16,-0.0006192425190185482,0.5924777038612252,0.5924777038132986,0.0
2016-12-09,-0.0009938135801449467,0.0,6.596302045735684e-16,-0.0009938135801456063,0.5922251923623487,0.5922251923141956,0.0
2016-12-12,-0.00018654883454468228,0.0,1.9859929687321597e-15,-0.00018654883454666827,0.5918195370752695,0.5918195370269436,0.0
2016-12-13,0.0007742445293149829,0.0,6.593488439079246e-16,0.0007742445293143236,0.5917433772779044,0.5917433772297717,0.0
2016-12-14,-0.002556724994908127,0.0,6.612326851840687e-16,-0.0025567249949087884,0.5920592231928071,0.5920592231445369,0.0
2016-12-15,-0.0005616073779759921,0.0,6.569545829029366e-16,-0.000561607377976649,0.5910135573318241,0.5910135572838666,0.0
2016-12-16,0.00027277323334880314,0.0,6.542897686442774e-16,0.0002727732333481488,0.5907837384599347,0.5907837384121712,0.0
2016-12-19,0.001474644076844945,0.0,1.9629897818799885e-15,0.0014746440768429818,0.5908953312632205,0.5908953312154542,0.0
2016-12-20,0.0002473618614343734,0.0,6.52881490268183e-16,0.0002473618614337205,0.591497726720855,0.5914977266731944,0.0
2016-12-21,0.0009844808547454392,4.327734320750529e-09,4.540596163529161e-16,0.0009844765270106645,0.5916203877999188,0.5916203877667725,2.1638200194865065e-05
2016-12-22,0.00038831021152436893,0.0,4.557167152108981e-16,0.00038831021152391324,0.5920220368560603,0.592022036822793,0.0
2016-12-23,0.0005577001988400682,0.0,4.536353333873917e-16,0.0005577001988396145,0.5921803973720816,0.5921803973389662,0.0
2016-12-27,-0.0004079471219561891,0.0,1.8214111131599156e-15,-0.0004079471219580105,0.5924077116724716,0.592407711639231,0.0
2016-12-28,0.0007404321792481746,0.0,4.592992694527812e-16,0.0007404321792477154,0.5922413677122527,0.5922413676787237,0.0
2016-12-29,0.0010307077565034615,0.0,4.5948521417368405e-16,0.001030707756503002,0.5925430619408882,0.5925430619073457,0.0
2016-12-30,1.4968116735205368e-05,0.0,4.603634709155508e-16,1.4968116734745003e-05,0.5929625985478509,0.5929625985142443,0.0
2017-01-03,0.0006160993954674502,0.0,1.839051950240451e-15,0.0006160993954656112,0.5929686910399553,0.5929686910063927,0.0
2017-01-04,0.001612617448309466,0.0,4.54431992810075e-16,0.0016126174483090114,0.5932193083777839,0.5932193083446105,0.0
2017-01-05,0.00150612940221988,0.0,4.56553980769041e-16,0.0015061294022194235,0.5938742338746547,0.5938742338413261,0.0
2017-01-06,-0.0007417462191735328,1.98657806278672e-05,5.708242804978405e-16,-0.0007616119998019709,0.4962616121887158,0.4962616121470456,0.09822337977326728
2017-01-09,0.00018722516282070097,0.0,1.7071356104398909e-15,0.00018722516281899384,0.49589754749222315,0.49589754745068293,0.0
2017-01-10,-0.00025442575462595267,0.0,5.656607534063267e-16,-0.00025442575462651836,0.4959919104886064,0.49599191044731317,0.0
2017-01-11,0.00041650890892539876,0.0,5.676709516359386e-16,0.0004165089089248311,0.49586364521624265,0.49586364517480275,0.0
2017-01-12,0.00025826635185780363,0.0,5.695604841836526e-16,0.00025826635185723405,0.4960735350784814,0.49607353503690343,0.0
2017-01-13,-0.00022393168216777018,0.0,5.728757881804798e-16,-0.00022393168216834305,0.4962036487244576,0.49620364868263767,0.0
2017-01-17,0.00091015282212814,0.0,2.294879457996877e-15,0.0009101528221258451,0.4960908074913719,0.4960908074494903,0.0
2017-01-18,-0.001510583747995764,0.0,5.755214614590749e-16,-0.0015105837479963396,0.49654902481740837,0.4965490247753953,0.0
2017-01-19,-0.0008787350858465345,0.0,5.726482785435265e-16,-0.0008787350858471072,0.49578736941183515,0.4957873693700317,0.0
2017-01-20,0.0005320800314853456,0.0,5.716712571500089e-16,0.0005320800314847739,0.4953439103995093,0.4953439103577773,0.0
2017-01-23,0.000890817809542185,4.01331679749418e-05,8.219178083169553e-06,0.0008424654634840736,0.4967460959321377,0.29674609590834533,0.19992258699015558
2017-01-24,-0.0005518646929869992,0.0,2.7400114877156097e-06,-0.0005546047044747148,0.4974072145700642,0.29738637596682477,0.0
2017-01-25,-0.0002511303289728843,0.0,2.7399107483608753e-06,-0.0002538702397212452,0.49701271307350164,0.29699922844315757,0.0
2017-01-26,4.471907762290229e-05,0.0,2.7399591344847745e-06,4.1979118488417516e-05,0.4968404695726792,0.29682345275529065,0.0
2017-01-27,0.0004177518052855617,0.0,2.7401667285926178e-06,0.0004150116385569691,0.4968878812791466,0.2968557100918857,0.0
2017-01-30,-0.0005012719117600152,0.0,8.220980648168102e-06,-0.0005094928924081833,0.4971940035689603,0.29715014113020327,0.0
2017-01-31,0.00046197581742307285,0.0,2.741723771494458e-06,0.0004592340936515784,0.4969459220722055,0.29680008675311004,0.0
2017-02-01,0.0001742275416432933,0.0,2.741113882579521e-06,0.00017148642776071378,0.4972269257875456,0.29712561235924073,0.0
2017-02-02,0.0003236632462055307,0.0,2.739704492986946e-06,0.0003209235417125438,0.4972472937427868,0.2972488657547398,0.0
2017-02-03,0.0008049094162690969,0.0,2.7397973932750652e-06,0.0008021696188758218,0.49748227131783535,0.29747706160875564,0.0
2017-02-06,0.00026693843837367117,6.032120769156019e-08,8.219178083127787e-06,0.00025865893908285183,0.4981184836082143,0.2981184835854382,0.00030158180833114723
2017-02-07,-4.562257615260215e-05,0.0,2.7419351418921165e-06,-4.8364511294494265e-05,0.4984695272833871,0.29830826192526266,0.0
2017-02-08,0.0007565529857951942,0.0,2.7414178606236815e-06,0.0007538115679345705,0.4984005691991359,0.2982770653736072,0.0
2017-02-09,-0.00039980786607982755,0.0,2.741946001162786e-06,-0.00040254981208099033,0.49897043123600876,0.29880837315112524,0.0
2017-02-10,0.00017499229193775306,0.0,2.7407813655490393e-06,0.000172251510572204,0.498605777657497,0.298528737972417,0.0
2017-02-13,0.00015932777614349373,0.0,8.219952325178594e-06,0.00015110782381831512,0.49867112686946974,0.2986522869567907,0.0
2017-02-14,-0.0002536787799445456,0.0,2.7389227973409877e-06,-0.0002564177027418866,0.4987078329878987,0.29876646878200663,0.0
2017-02-15,-5.9308745096637596e-05,0.0,2.7376791282827508e-06,-6.204642422492035e-05,0.49843992996281566,0.29858935359817484,0.0
2017-02-16,0.00013623978741073104,0.0,2.7368776818564696e-06,0.00013350290972887456,0.4983406394997474,0.298548568724225,0.0
2017-02-17,0.00036094926949292543,0.0,2.737810301357099e-06,0.00035821145919156833,0.4985050905424327,0.29864493854336444,0.0
2017-02-21,0.000489348832240228,4.710558004827449e-06,1.0955091340615136e-05,0.00047368318289478544,0.522308986880506,0.3223785699142797,0.023479751098933743
2017-02-22,0.0002699943781426707,0.0,2.7377989940382887e-06,0.0002672565791486324,0.5225743806173432,0.32271505405254824,0.0
2017-02-23,0.0006345752282503174,0.0,2.7377163634521252e-06,0.0006318375118868653,0.5227520461469282,0.32289875161492293,0.0
2017-02-24,0.0008030960069015513,0.0,2.737282161037734e-06,0.0008003587247405135,0.523150633185661,0.32332903542990643,0.0
2017-02-27,-0.00033469717593295826,0.0,8.209157888081655e-06,-0.0003429063338210399,0.5236290921986958,0.3238729169220423,0.0
2017-02-28,7.754615426465165e-05,0.0,2.735061029838966e-06,7.481109323481268e-05,0.5233086562853496,0.32364920110710504,0.0
2017-03-01,-0.0002886728548560114,0.0,2.733562320920636e-06,-0.000291406417176932,0.52325258014837,0.32370253072116356,0.0
2017-03-02,-0.0008862784471634562,0.0,2.7322221204236995e-06,-0.0008890106692838799,0.5229603450023902,0.32350813021146013,0.0
2017-03-03,0.0006367718007357028,0.0,2.731739503739806e-06,0.0006340400612319631,0.5223259050134924,0.32290892124048637,0.0
2017-03-06,-0.0005483540336923923,0.0,8.191962035270567e-06,-0.0005565459957276628,0.5226784249535981,0.3233406820953477,0.0
2017-03-07,-0.0012540202921557783,6.833618621707551e-08,2.732823422595263e-06,-0.0012568214517645906,0.5222342044564234,0.3227380946069693,0.0003415735454700558
2017-03-08,-0.001740586418441454,0.0,2.7352890073204765e-06,-0.0017433217074487744,0.5215647283855411,0.3218886308511465,0.0
2017-03-09,-0.0014617866309883049,0.0,2.7377918863123284e-06,-0.0014645244228746173,0.5205659478526653,0.3207071401518655,0.0
2017-03-10,0.0006339329265766142,0.0,2.741480397980242e-06,0.000631191446178634,0.5198416509224079,0.31971358186985027,0.0
2017-03-13,-0.00043489422336619773,0.0,8.224132277089638e-06,-0.0004431183556432874,0.5202659938079204,0.32014544173207243,0.0
2017-03-14,-0.0004934984361613349,0.0,2.7412925334713135e-06,-0.0004962397286948062,0.5199666348684414,0.31985227992503545,0.0
2017-03-15,0.0035537729713316243,0.0,2.742326514089075e-06,0.003551030644817535,0.5197071742148396,0.3195173386863371,0.0
2017-03-16,-0.0006516496293334454,0.0,2.7378129517873793e-06,-0.0006543874422852328,0.5217882811730803,0.3219279356926015,0.0
2017-03-17,0.0006630331704888671,0.0,2.7376591901918733e-06,0.0006602955112986753,0.5213357837823376,0.32148666289833083,0.0
2017-03-20,0.00020384542840326002,0.0,8.21145136649215e-06,0.00019563397703676786,0.5217491056832665,0.3219371224319576,0.0
2017-03-21,-0.004062876250234163,5.048220647326289e-05,2.7382365552233647e-06,-0.00411609669326265,0.7718066463403144,0.5719153778090088,0.2499999999981155
2017-03-22,0.002014672864989139,0.0,2.7508559176732144e-06,0.0020119220090714656,0.771011979816422,0.5701994978262773,0.0
2017-03-23,-0.0004924570210917028,0.0,2.7459843079227157e-06,-0.0004952030053996255,0.7715220864607838,0.5710652319824255,0.0
2017-03-24,0.0009096846612605632,0.0,2.747344801325984e-06,0.0009069373164592373,0.7714116347997021,0.5708554643029057,0.0
2017-03-27,0.000216925675901868,0.0,8.234566168637109e-06,0.0002086911097332309,0.7716215071220285,0.5712470636851921,0.0
2017-03-28,0.0019611819149279314,0.0,2.7452552010735943e-06,0.001958436659726858,0.7717483844685491,0.5713447547901764,0.0
2017-03-29,0.0015232609691229514,0.0,2.738593932288873e-06,0.0015205223751906625,0.7721027050006211,0.5721853479435333,0.0
2017-03-30,0.0005076380031525472,0.0,2.7360535189930806e-06,0.0005049019496335541,0.7725695034162771,0.5728375965297825,0.0
2017-03-31,-0.000413559248398633,0.0,2.734026100159728e-06,-0.00041629327449879276,0.7726398028047018,0.5730558974930416,0.0
2017-04-03,0.0004031275699898159,0.0,8.206463251292116e-06,0.0003949211067385238,0.7725714304604876,0.5728808246790461,0.0
2017-04-04,-0.00011678512112043953,5.7230905321621325e-06,2.736931754016376e-06,-0.00012524514340661803,0.7997960180524578,0.6000000000092622,0.028588309614297917
2017-04-05,-0.0005898224327067097,0.0,2.736304274960078e-06,-0.0005925587369816698,0.7997085688306578,0.5999583567585721,0.0
2017-04-06,0.00041683161187469755,0.0,2.737926657322225e-06,0.00041409368521737533,0.7995925519506447,0.5997239059661226,0.0
2017-04-07,-0.0004884338369687191,0.0,2.737440861073729e-06,-0.0004911712778297928,0.7997255088123914,0.5998923259540092,0.0
2017-04-10,0.00017964160017746087,0.0,8.20566616733404e-06,0.00017143593401012684,0.7993696568412477,0.5996984467694528,0.0
2017-04-11,-0.0004768666507323876,0.0,2.73605073796104e-06,-0.00047960270147034864,0.7995069692079771,0.5997752653368211,0.0
2017-04-12,-0.0003996918778356888,0.0,2.739953811080965e-06,-0.00040243183164676976,0.79960258994201,0.5995859617330999,0.0
2017-04-13,-0.0013400256549648709,0.0,2.7430044390013e-06,-0.0013427686594038723,0.7996668226085443,0.5994274985614495,0.0
2017-04-17,0.0026104002586925757,0.0,1.0991964804391395e-05,0.0025994082938881843,0.7994950035190387,0.5988916458388959,0.0
2017-04-18,0.00037027082219401715,0.0,2.7405429909780174e-06,0.00036753027920303913,0.8000021887974718,0.5999425504560764,0.0
2017-04-19,-0.0007349792155641657,2.8958213791624157e-07,2.7397260279863943e-06,-0.0007380085237300683,0.8000000000179519,0.5999999999749452,0.001446732723510008
2017-04-20,0.0025899700826842223,0.0,2.7404535312151103e-06,0.0025872296291530074,0.7997607178660745,0.5997076100873714,0.0
2017-04-21,-0.0003666035774926509,0.0,2.733059026125445e-06,-0.00036933663651877633,0.8002566281621208,0.6007433192549636,0.0
2017-04-24,0.003925695959955293,0.0,8.206086552384824e-06,0.003917489873402908,0.8002799781630244,0.6005985387216601,0.0
2017-04-25,0.0012753031330598888,0.0,2.721792531692371e-06,0.0012725813405281964,0.8008561131933406,0.6021652583797977,0.0
2017-04-26,-0.00013619452739135066,0.0,2.715763468658405e-06,-0.00013891029086000908,0.8009243435339968,0.6026736103219332,0.0
2017-04-27,0.0014359200697077793,0.0,2.7171050136880627e-06,0.0014332029646940913,0.8009697920696713,0.6026211260704426,0.0
2017-04-28,0.0006895516549705816,0.0,2.7141783899754428e-06,0.0006868374765806062,0.8013275712591491,0.6031925487909419,0.0
2017-05-01,0.0014707066754230558,0.0,8.140792532002878e-06,0.0014625658828910529,0.8015602345498913,0.6034676162711544,0.0
2017-05-02,0.0010625014348137844,0.0,2.7077768871002936e-06,0.0010597936579266841,0.8017225656856126,0.6040548529272916,0.0
2017-05-03,-0.00065084412947355,1.3435338801644807e-06,2.7058688275572857e-06,-0.0006548935321812717,0.797528424399664,0.5999999999879821,0.006708884330031986
2017-05-04,-0.001164288828552882,0.0,2.7057212231571418e-06,-0.0011669945497760391,0.7972595722553075,0.5997419229648363,0.0
2017-05-05,0.0012926892296735283,0.0,2.7085616639941797e-06,0.0012899806680095342,0.7970019885856267,0.5992769871140519,0.0
2017-05-08,0.00030994036028083357,0.0,8.118101885255452e-06,0.00030182225839557814,0.7973364303698586,0.599795951161976,0.0
2017-05-09,0.00027749326907980783,0.0,2.7039356682805016e-06,0.00027478933341152734,0.7973121246424345,0.5999248208579578,0.0
2017-05-10,0.0014347942767612603,0.0,2.701912010632869e-06,0.0014320923647506273,0.797277007017759,0.6000374302415596,0.0
2017-05-11,-9.40718389622604e-05,0.0,2.698687665178262e-06,-9.677052662743866e-05,0.79761629208445,0.600612092526437,0.0
2017-05-12,0.001072084649171417,0.0,2.6992683308723887e-06,0.0010693853808405446,0.7976227269103865,0.600576138756702,0.0
2017-05-15,0.0015817718915185873,0.0,8.09873519779928e-06,0.001573673156320788,0.7980747400387536,0.6010055168923041,0.0
2017-05-16,0.0011521055245396095,0.0,2.6950172832451632e-06,0.0011494105072563643,0.7983767649509621,0.601640503274065,0.0
2017-05-17,-0.006522822509053312,1.083045742561195e-05,1.994524151671935e-06,-0.0065356474906305955,0.7456002630104536,0.599999999938402,0.05395436391652257
2017-05-18,0.0013540741442227724,0.0,2.009783324005725e-06,0.0013520643608987666,0.7440956346695919,0.5973814520171742,0.0
2017-05-19,0.0020623147719816674,0.0,2.006121868869908e-06,0.0020603086501127976,0.7443739866797543,0.5979270902522509,0.0
2017-05-22,0.0022323439118115728,0.0,6.0074088139939076e-06,0.0022263365029975787,0.7449360644451036,0.5987557833045851,0.0
2017-05-23,0.00021772511228920825,0.0,1.99731277689574e-06,0.0002157277995123125,0.7454569303493831,0.5996530976359941,0.0
2017-05-24,0.0016865129572410393,0.0,1.996173807162634e-06,0.0016845167834338766,0.7454621297696296,0.5997414418467575,0.0
2017-05-25,0.0018333188165112787,0.0,1.9939957133401946e-06,0.0018313248207979386,0.7459782301339966,0.6004165430601621,0.0
2017-05-26,0.00044187018308213384,0.0,1.990350734636704e-06,0.00043987983234749714,0.7464445664884704,0.6011489628599912,0.0
2017-05-30,0.000758229192675077,0.0,7.956963941997352e-06,0.0007502722287330796,0.7465409136629398,0.6013263217214883,0.0
2017-05-31,-5.11289749798808e-05,0.0,1.9884542771602215e-06,-5.3117429257041025e-05,0.7467903244933305,0.6016331622606342,0.0
2017-06-01,0.001742685480016049,2.9651491959458185e-05,1.619633794800564e-15,0.0017130339880549713,0.6000000001208043,0.6000000000025711,0.1475826689886597
2017-06-02,0.0030103787335500182,0.0,1.621919478376911e-15,0.0030103787335483963,0.6007136427141325,0.6007136425957325,0.0
2017-06-05,-0.00029932723856715616,0.0,4.864015210609454e-15,-0.00029932723857202016,0.6019120382485861,0.6019120381302284,0.0
2017-06-06,-0.0007415518027030423,0.0,1.6181014716986902e-15,-0.0007415518027046604,0.6017928439999342,0.6017928438818128,0.0
2017-06-07,0.0005776194815659017,0.0,1.6236290785175346e-15,0.0005776194815642781,0.6014973336296219,0.6014973335110968,0.0
2017-06-08,0.00024037543743415753,0.0,1.6210396203474986e-15,0.00024037543743253648,0.601727383651679,0.6017273835333433,0.0
2017-06-09,-0.005285320555671122,0.0,1.6195674595598606e-15,-0.005285320555672742,0.6018230955991726,0.6018230954809441,0.0
2017-06-12,-0.0009857785756698773,0.0,4.883523654978009e-15,-0.0009857785756747608,0.5997074210030945,0.5997074208842622,0.0
2017-06-13,0.0022712687408351687,0.0,1.6237473099150185e-15,0.002271268740833545,0.5993124317823955,0.599312431663862,0.0
2017-06-14,-0.0006322526657111769,0.0,1.624552934884129e-15,-0.0006322526657128014,0.6002204386037487,0.6002204384851566,0.0
2017-06-15,-0.0017921506429411408,1.0762031449367495e-07,3.9213102346019374e-16,-0.0017922582632560265,0.6000000000970753,0.6000000000684496,0.0005380081728181968
2017-06-16,-0.0006973049514904699,0.0,3.936689694017131e-16,-0.0006973049514908636,0.5992819174227154,0.5992819173939777,0.0
2017-06-19,0.003894110913614509,0.0,1.1851095691261846e-15,0.0038941109136133236,0.5990022997408685,0.5990022997120308,0.0
2017-06-20,-0.0028586295076044525,0.0,3.9038231921309095e-16,-0.002858629507604843,0.6005577720797433,0.6005577720512454,0.0
2017-06-21,0.0007642299655070963,0.0,3.912810960035238e-16,0.000764229965506705,0.5994126412355902,0.5994126412070265,0.0
2017-06-22,0.0005016053817142161,0.0,3.8943486360876295e-16,0.0005016053817138267,0.5997185483154913,0.5997185482870627,0.0
2017-06-23,0.0018217607186784268,0.0,3.886669689583709e-16,0.0018217607186780383,0.5999192309823094,0.5999192309539366,0.0
2017-06-26,-0.0006095763483096743,0.0,1.1677910026606342e-15,-0.0006095763483108421,0.6006467570333185,0.6006467570049021,0.0
2017-06-27,-0.005007424225783935,0.0,3.9056636181453284e-16,-0.005007424225784325,0.6004031722583459,0.6004031722298349,0.0
2017-06-28,0.003927400748410273,0.0,3.931385091117251e-16,0.00392740074840988,0.5983921513879855,0.5983921513592865,0.0
2017-06-29,-0.004992557943415436,3.7277924086896316e-08,7.18937836970163e-16,-0.004992595221340242,0.600000000020473,0.5999999999679905,0.00018634684727925066
2017-06-30,0.0002075636179785438,0.0,7.224138887092057e-16,0.00020756361797782139,0.5979929789662296,0.5979929789134937,0.0
2017-07-03,-0.001993656323924519,0.0,2.1821295703816705e-15,-0.0019936563239267013,0.598076403682406,0.5980764036293077,0.0
2017-07-05,0.0019551655644992967,0.0,1.461031216840066e-15,0.0019551655644978357,0.5972735054598782,0.5972735054065507,0.0
2017-07-06,-0.0033166977246372738,0.0,7.255491756700694e-16,-0.0033166977246379993,0.5980593659462948,0.5980593658933299,0.0
2017-07-07,0.0026276284939169142,0.0,7.245937474814213e-16,0.0026276284939161895,0.5967218141044948,0.5967218140515994,0.0
2017-07-10,0.002031069261217682,0.0,2.160816408209046e-15,0.002031069261215521,0.5977787022471532,0.5977787021945737,0.0
2017-07-11,0.0004723822188523157,0.0,7.218203807018021e-16,0.0004723822188515939,0.5985939856643597,0.598593985611667,0.0
2017-07-12,0.004354650071110767,0.0,7.247637323983094e-16,0.004354650071110042,0.5987835131988755,0.5987835131459677,0.0
2017-07-13,0.0005890478746249337,0.0,7.221859087474634e-16,0.0005890478746242115,0.6005230953302446,0.600523095277525,0.0
2017-07-14,0.0026636509169811673,2.3191135109133905e-07,6.893030933173327e-16,0.002663419005629387,0.6000000000489897,0.5999999999986705,0.0011591777518526192
2017-07-17,0.00012644772969501838,0.0,2.072012627178376e-15,0.00012644772969294636,0.6010627689637706,0.6010627689133516,0.0
2017-07-18,0.0016044018643065724,0.0,6.930395155643221e-16,0.0016044018643058793,0.6011132072932943,0.6011132072427023,0.0
2017-07-19,0.001792131183682611,0.0,6.939576397185558e-16,0.001792131183681917,0.6017521568754083,0.6017521568247491,0.0
2017-07-20,0.0004920690148468123,0.0,6.948341482279549e-16,0.0004920690148461174,0.6024645924760053,0.6024645924252822,0.0
2017-07-21,-2.3533374610608335e-05,0.0,6.945128446094724e-16,-2.3533374611302848e-05,0.6026601111236858,0.6026601110729862,0.0
2017-07-24,0.000541594159032891,0.0,2.080049586280854e-15,0.0005415941590308109,0.6026507601550876,0.6026507601044728,0.0
2017-07-25,-0.0006585313082007581,0.0,6.89878030881827e-16,-0.0006585313082014479,0.6028658456931877,0.6028658456428265,0.0
2017-07-26,0.0015018150143484158,0.0,6.912595101694023e-16,0.0015018150143477245,0.6026041480830193,0.6026041480325574,0.0
2017-07-27,-0.0013587641336282803,0.0,6.933322421609145e-16,-0.0013587641336289735,0.6032000681785489,0.6032000681279356,0.0
2017-07-28,-0.00012100328798259099,4.102806841012218e-05,1.012711285322357e-15,-0.00016203135639372587,0.600000000053764,0.5999999999798362,0.20363770918358745
2017-07-31,-0.00040251503335011915,0.0,3.042962112890784e-15,-0.00040251503335316213,0.5999762117252769,0.5999762116512312,0.0
2017-08-01,0.0010523325522413735,0.0,1.013655136075557e-15,0.0010523325522403598,0.5998151312994291,0.5998151312254323,0.0
2017-08-02,0.0005007577258764689,0.0,1.0114274082691887e-15,0.0005007577258754574,0.6002358161632164,0.6002358160893821,0.0
2017-08-03,2.1787090515983333e-05,0.0,1.0112530409324179e-15,2.178709051497208e-05,0.6004359009728119,0.6004359008989903,0.0
2017-08-04,-5.064037135455354e-05,0.0,1.0103213383907987e-15,-5.064037135556386e-05,0.6004446061222787,0.600444606048525,0.0
2017-08-07,0.0009592116403730181,0.0,3.024127664655402e-15,0.000959211640369994,0.6004243714638958,0.6004243713903087,0.0
2017-08-08,-0.0011452143042477805,0.0,1.009613761198141e-15,-0.00114521430424879,0.600807281766165,0.6008072816924632,0.0
2017-08-09,-0.0002794063889555354,0.0,1.0097199779242178e-15,-0.00027940638895654514,0.600349596407196,0.6003495963334866,0.0
2017-08-10,-0.003943608112384814,0.0,1.011586608936386e-15,-0.003943608112385825,0.6002379003226003,0.6002379002487542,0.0
2017-08-11,0.0007366906012983439,4.006228805419017e-05,1.4741306467597992e-15,0.0006966283132426797,0.6000000000717427,0.5999999999641314,0.19865515348870685
2017-08-14,0.00132893371935621,0.0,4.423089037591492e-15,0.001328933719351787,0.6003184918147719,0.6003184917071432,0.0
2017-08-15,-0.00012902280458991323,0.0,1.4758815671636405e-15,-0.0001290228045913891,0.6008489371216044,0.6008489370138652,0.0
2017-08-16,0.00035917808441733357,0.0,1.469615736795321e-15,0.00035917808441586393,0.6007974308860674,0.6007974307787858,0.0
2017-08-17,-0.001751620442366069,0.0,1.474704236639387e-15,-0.0017516204423675438,0.6009407642183557,0.6009407641107022,0.0
2017-08-18,0.00024534751684438064,0.0,1.465816971385434e-15,0.0002453475168429148,0.6002405373707497,0.6002405372637449,0.0
2017-08-21,0.0003822692494707959,0.0,4.403725434970135e-15,0.0003822692494663922,0.6003385933046408,0.6003385931974834,0.0
2017-08-22,0.0012049707597342166,0.0,1.4696129808390197e-15,0.001204970759732747,0.6004913131906724,0.6004913130833908,0.0
2017-08-23,0.00028221107629144,0.0,1.4712418104992885e-15,0.00028221107628996874,0.6009721301064626,0.6009721299990615,0.0
2017-08-24,-9.797481219527009e-05,0.0,1.4725621968824046e-15,-9.797481219674265e-05,0.601084708420376,0.6010847083128789,0.0
2017-08-25,0.0007314612746839272,2.9286963881641695e-07,2.115894367841381e-08,0.0007311472461014323,0.60154460284906,0.5999999999605358,0.0014611471488382155
2017-08-28,-0.00013381321099006086,0.0,6.290601336442408e-08,-0.0001338761170034253,0.6018232719757312,0.6002925589838635,0.0
2017-08-29,0.0002232539697773361,0.0,2.0910287063968274e-08,0.00022323305949027212,0.6017655544089869,0.6002391034533175,0.0
2017-08-30,0.0009930214345039892,0.0,2.0931844219253504e-08,0.0009930005026597699,0.6018563689181058,0.6003283442901001,0.0
2017-08-31,0.0012524023662723015,0.0,2.1042041436211285e-08,0.0012523813242308651,0.6022609146757562,0.6007248456509126,0.0
2017-09-01,-9.25913361505913e-05,0.0,2.0954684885640795e-08,-9.261229083547694e-05,0.6027539779464391,0.6012242859497873,0.0
2017-09-05,-1.4702054759863726e-05,0.0,8.400091922861853e-08,-1.4786055679092346e-05,0.6027203887292969,0.6011873719533748,0.0
2017-09-06,-7.711090450038209e-05,0.0,2.0887166851873443e-08,-7.713179166723397e-05,0.6027063221828062,0.6011815590026195,0.0
2017-09-07,0.0007034028324819237,0.0,2.0871332026600036e-08,0.0007033819611498971,0.6026744231755564,0.6011508159376145,0.0
2017-09-08,-0.00040305911009283794,0.0,2.0708495775425882e-08,-0.0004030798185886134,0.6029429031167598,0.601431182925154,0.0
2017-09-11,0.0006103657372093169,5.067318283851048e-07,1.2463427672116226e-07,0.0006097343711042106,0.6030327674276957,0.6000000000274808,0.002529775623572428
2017-09-12,9.064202145387636e-05,0.0,4.179974918412529e-08,9.060022170469224e-05,0.6032957578279383,0.600244376137497,0.0
2017-09-13,-0.00010211226376110588,0.0,4.177844091832793e-08,-0.00010215404220202421,0.6033304587875904,0.6002806326005522,0.0
2017-09-14,0.00023479406371154285,0.0,4.202796786569786e-08,0.00023475203574367716,0.6033078789166543,0.6002398372624582,0.0
2017-09-15,0.0003193599318959685,0.0,4.1895501474874917e-08,0.0003193180363944936,0.6033920733752202,0.6003337017675543,0.0
2017-09-18,-0.0001887595858820546,0.0,1.2522616411920877e-07,-0.00018888481204617382,0.603508493562245,0.6004613235686773,0.0
2017-09-19,0.00010981881303302575,0.0,4.18550182714556e-08,0.00010977695801475429,0.6034413841072898,0.6003859677734733,0.0
2017-09-20,-0.0009442122763296254,0.0,4.17278469417914e-08,-0.0009442540041765671,0.6034760060482738,0.6004298732215231,0.0
2017-09-21,-1.5309198803539593e-06,0.0,4.210030564415978e-08,-1.5730201859981191e-06,0.6031255850089838,0.6000522626969602,0.0
2017-09-22,0.00046238240546564555,0.0,4.1977686702723547e-08,0.0004623404277789428,0.6031160467997772,0.6000516756704782,0.0
2017-09-25,-7.217020355748796e-06,3.8161567977920974e-07,2.1316110155540073e-07,-7.811797137083406e-06,0.605186920146527,0.6000000000086787,0.001903352597037222
2017-09-26,7.39347909763758e-05,0.0,7.1469946618857e-08,7.386332102975694e-05,0.6052147761500184,0.5999974700468418,0.0
2017-09-27,-0.0004584715551753597,0.0,7.170218916082497e-08,-0.0004585432573645205,0.605261344653364,0.6000270848446236,0.0
2017-09-28,0.00029786094204542696,0.0,7.20915313783969e-08,0.00029778885051404857,0.6051063493493032,0.5998436675586802,0.0
2017-09-29,0.0007837671505842854,0.0,7.18622128822332e-08,0.0007836952883714032,0.6052088077888375,0.5999628662484344,0.0
2017-10-02,0.0002858392882203627,0.0,2.1523978162937247e-07,0.00028562404843873333,0.6055137011225192,0.600276199769538,0.0
2017-10-03,0.00035025485680988485,0.0,7.214139023566478e-08,0.0003501827154196492,0.6056568745645473,0.600390553077344,0.0
2017-10-04,0.0002795146821068273,0.0,7.208647598522162e-08,0.0002794425956308421,0.6057928252755053,0.600530512528584,0.0
2017-10-05,0.00040712820122738424,0.0,7.19774082258866e-08,0.00040705622381915834,0.6058965330007413,0.6006421822002513,0.0
2017-10-06,-0.000604489221931746,0.0,7.233335436182327e-08,-0.0006045615552861079,0.6060850839574751,0.6008047490890621,0.0
2017-10-09,-0.00014930933077207908,3.9422086158176377e-07,3.0998550180332803e-07,-0.00015001353713546417,0.6075429805478455,0.6000000000039643,0.0019660772498642787
2017-10-10,0.0005206473853660567,0.0,1.0317438464137529e-07,0.0005205442109814153,0.6074724199769759,0.5999406898981554,0.0
2017-10-11,0.00019380510736012813,0.0,1.0256971885915396e-07,0.00019370253764126899,0.6076365227073197,0.6001489332306017,0.0
2017-10-12,5.7912213106745335e-05,0.0,1.0225321647763383e-07,5.78099598902677e-05,0.6076909577498596,0.6002264729469924,0.0
2017-10-13,0.000672952315329922,0.0,1.0245917775934991e-07,0.0006728498561521626,0.6077292047263322,0.6002496847498997,0.0
2017-10-16,-8.662299642735252e-05,0.0,3.071708534272764e-07,-8.69301672807798e-05,0.6079930689929837,0.6005185782262535,0.0
2017-10-17,0.00040125127518338686,0.0,1.0265327414958131e-07,0.00040114862190923726,0.6079778444308253,0.6004841554179061,0.0
2017-10-18,7.507832230506632e-05,0.0,1.0286610731371765e-07,7.49754561977526e-05,0.608153684830007,0.6006444589961055,0.0
2017-10-19,0.0002768106989880275,0.0,1.0273139737643397e-07,0.00027670796759065105,0.6081738934821159,0.6006745014736364,0.0
2017-10-20,-9.072998619986681e-05,0.0,1.0244907207071886e-07,-9.083243527193753e-05,0.6082638524180649,0.6007850701569024,0.0
2017-10-23,-0.00047765833515819086,1.9833038461553603e-07,3.091526432361644e-07,-0.00047816581818604253,0.6075227143198603,0.6000000000011135,0.0009914186407154468
2017-10-24,-0.00013341729607632325,0.0,1.0322718628551048e-07,-0.00013352052326260876,0.6073447344977146,0.5998091498988722,0.0
2017-10-25,-0.0011749694002483432,0.0,1.0341037077277247e-07,-0.001175072810619116,0.6073047693790983,0.5997558123126856,0.0
2017-10-26,-0.00045243717861432307,0.0,1.032776638367244e-07,-0.0004525404562781598,0.6068243159364431,0.5992850464763624,0.0
2017-10-27,0.001552580996409757,0.0,1.0442722284469532e-07,0.0015524765691869123,0.6067269152398254,0.5991037279721625,0.0
2017-10-30,0.00020923525672425825,0.0,3.1355837391008093e-07,0.00020892169835034816,0.607355170002476,0.599725249570664,0.0
2017-10-31,0.00014003554206408814,0.0,1.0398952301475784e-07,0.00013993155254107337,0.607400406856633,0.5998091716765555,0.0
2017-11-01,2.8067541665165006e-05,0.0,1.0405963597543504e-07,2.796348202918957e-05,0.60746162056668,0.5998652671404732,0.0
2017-11-02,0.0003004651740484695,0.0,1.0426840995343645e-07,0.00030036090563851606,0.6074881539713324,0.5998765600447319,0.0
2017-11-03,-0.00023878747608173517,0.0,1.0423710120598929e-07,-0.00023889171318294114,0.6076061180216956,0.5999968096336585,0.0
2017-11-06,0.00019526487554598416,1.684919303132948e-07,3.135479205826044e-07,0.00019478283569508828,0.6076296660164848,0.5999999999489745,0.0008422746030964101
2017-11-07,-0.0006837127359037727,0.0,1.0424170471409699e-07,-0.0006838169776084867,0.6076880243001819,0.600078379856053,0.0
2017-11-08,-0.0003642513911142266,0.0,1.0448243781750136e-07,-0.00036435587355204414,0.6074320418026213,0.5998048238419437,0.0
2017-11-09,-0.0011649793985685785,0.0,1.0447814243739196e-07,-0.001165083876711016,0.6072859661500373,0.5996590617521073,0.0
2017-11-10,-0.00017406788074585916,0.0,1.0417585163153733e-07,-0.0001741720565974907,0.6067970286840263,0.5991921915149241,0.0
2017-11-13,0.0001080834880258283,0.0,3.1232747588100446e-07,0.0001077711605499473,0.6067224426074044,0.5991224740276334,0.0
2017-11-14,-0.0006857282440448949,0.0,1.0418277141198643e-07,-0.0006858324268163068,0.6067713270152009,0.5991659847021258,0.0
2017-11-15,-0.0001297502201482717,0.0,1.0353264639542615e-07,-0.00012985375279466713,0.6064488785096677,0.5988909953228015,0.0
2017-11-16,0.00195090058013194,0.0,1.0350361761276628e-07,0.0019507970765143274,0.6063947706807115,0.5988390065949794,0.0
2017-11-17,-0.00022023739393095323,0.0,1.0342923328133526e-07,-0.00022034082316423458,0.6071705039301878,0.5996201699006503,0.0
2017-11-20,5.055559579381091e-06,1.673956549823939e-07,3.094660609963906e-07,4.578697863402306e-06,0.6075303408607645,0.6000000000431855,0.0008368709718933331
2017-11-21,0.0009361388987108519,0.0,1.0366345235660618e-07,0.0009360352352584953,0.60756974039551,0.6000023083734776,0.0
2017-11-22,0.0005520009649538669,0.0,1.0343948418753545e-07,0.0005518975254696794,0.6079275560840393,0.6003764737383491,0.0
2017-11-24,1.8622780057587177e-05,0.0,2.0515678210355003e-07,1.8417623275483626e-05,0.6080852292482796,0.6005970067015001,0.0
2017-11-27,-0.00036021039614685053,0.0,3.063330419710482e-07,-0.0003605167291888216,0.6080586717941863,0.6006045677728906,0.0
2017-11-28,0.0012100140922841243,0.0,1.0227482997997335e-07,0.0012099118174541442,0.6079268961410003,0.6004608335524623,0.0
2017-11-29,-0.0008576577028689325,0.0,1.0257404693547024e-07,-0.000857760276915868,0.6084316641157719,0.6009437586894825,0.0
2017-11-30,0.0008309048592076113,0.0,1.0261980737652873e-07,0.0008308022394002348,0.6080925188392595,0.600601272900773,0.0
2017-12-01,0.0005131127784341831,0.0,1.0228091235081894e-07,0.0005130104975218323,0.6083994279448093,0.6009329213431992,0.0
2017-12-04,-5.986707306000044e-05,0.0,3.0643189282697447e-07,-6.017350495282742e-05,0.6085941535918266,0.6011376441997037,0.0
2017-12-05,0.00020205202383198753,5.16261205492405e-07,1.024882139607625e-07,0.00020143327441253436,0.6074816396276589,0.6000000000085232,0.002580165124310488
2017-12-06,0.0006645940844144089,0.0,1.0263657660284448e-07,0.000664491447837806,0.6075736458082253,0.6000811757162173,0.0
2017-12-07,-2.370884199015126e-05,0.0,1.0282178588462363e-07,-2.3811663776035886e-05,0.6078528348263315,0.6003468444567538,0.0
2017-12-08,2.1948173520907547e-05,0.0,1.03035367284691e-07,2.1845138153622855e-05,0.607859012459597,0.6003374306478146,0.0
2017-12-11,6.774535605457903e-05,0.0,3.0960610970679086e-07,6.743574994487224e-05,0.6078800128437863,0.6003462641742544,0.0
2017-12-12,9.604854743198729e-05,0.0,1.0319507753178595e-07,9.59453523544555e-05,0.6079067635513662,0.6003735228915458,0.0
2017-12-13,0.0008895423187178444,0.0,1.0335403129365094e-07,0.0008894389646865508,0.6079568089859032,0.600411964701467,0.0
2017-12-14,-0.0004059551091063311,0.0,1.0254509098943268e-07,-0.00040605765419732053,0.6082529529404505,0.6007671612982218,0.0
2017-12-15,0.000722789587964624,0.0,1.0267115739938622e-07,0.0007226869168072246,0.6081000809717865,0.6006050864816312,0.0
2017-12-18,0.0005109075766037139,0.0,3.090561021457412e-07,0.0005105985205015682,0.6084139832656054,0.6008936181133923,0.0
2017-12-19,-0.0012124099399136669,3.1174141058623525e-07,1.0281003275416464e-07,-0.001212824491357007,0.607505132433932,0.6000000000428781,0.0015582476362986162
2017-12-20,-0.0003864287913315192,0.0,1.026392083828277e-07,-0.00038653143053990203,0.6070073584214021,0.5995146962094556,0.0
2017-12-21,0.0004932274096663984,0.0,1.0255213387413754e-07,0.0004931248575325242,0.606846244645517,0.5993599388727049,0.0
2017-12-22,0.000437154935056651,0.0,1.0245935424333477e-07,0.0004370524757024077,0.6070370424306448,0.5995575095708814,0.0
2017-12-26,0.000266477564289756,0.0,4.0982723516962045e-07,0.0002660677370545864,0.6072118969520861,0.5997325499102405,0.0
2017-12-27,0.0008751057787248136,0.0,1.0234514785129453e-07,0.0008750034335769624,0.6073106253480572,0.5998394295549124,0.0
2017-12-28,0.0001412018311560382,0.0,1.0204483891379359e-07,0.00014109978631712442,0.6076386408169187,0.6001893675762119,0.0
2017-12-29,6.091730116950558e-05,0.0,1.0173531526220758e-07,6.081556585424337e-05,0.6076725528568309,0.6002458748426898,0.0
2018-01-02,0.000642578178935793,0.0,4.052301372512638e-07,0.0006421729487985418,0.6076657363715638,0.6002702863667286,0.0
2018-01-03,0.001144448767399362,0.0,1.0082120504525475e-07,0.001144347946194317,0.6078871701768483,0.6005272222085447,0.0
2018-01-04,0.0005503120202916895,2.767241368333687e-07,1.0108471148206214e-07,0.0005499342114433741,0.6073791839683577,0.6000000000301671,0.0013832506127723215
2018-01-05,0.0006794103998411759,0.0,1.0069267114947696e-07,0.0006793097071700264,0.6075707954052669,0.6002202304113553,0.0
2018-01-08,-0.00010055832680431296,0.0,3.0212510885249404e-07,-0.00010086045191316545,0.6078434319381529,0.6004917209560756,0.0
2018-01-09,-0.0006503895029712967,0.0,1.0118093158125112e-07,-0.0006504906839028779,0.6078379324669839,0.6004517244615526,0.0
2018-01-10,-0.0007702094498056818,0.0,1.014571075123994e-07,-0.0007703109069131942,0.607598122951586,0.6001917541031808,0.0
2018-01-11,0.0011575061119364646,0.0,1.0128275731744945e-07,0.0011574048291791471,0.6072772828495254,0.5998836415653517,0.0
2018-01-12,0.0004628267382211758,0.0,1.0074517921937912e-07,0.00046272599304195643,0.6077007020489129,0.600346303965898,0.0
2018-01-16,-0.0003115293702396644,0.0,3.9859154699726284e-07,-0.00031192796178666164,0.607805545018141,0.6005312492854411,0.0
2018-01-17,0.0008447437103892142,0.0,9.913245167598025e-08,0.0008446445779375382,0.6076436726204383,0.6004070036480917,0.0
2018-01-18,-0.0006316562842139744,0.0,9.930083092764674e-08,-0.0006317555850449021,0.6079932925735198,0.6007443319158015,0.0
2018-01-19,0.00013808523498488027,2.1316981628009696e-05,9.923750942458445e-08,0.00011666901584744599,0.5270985767323051,0.5198542385443105,0.10632915089478735
2018-01-22,0.000907290239199563,0.0,2.9818211968869485e-07,0.0009069920570798743,0.5271874287761893,0.5199316638637645,0.0
2018-01-23,0.0007978609886346939,0.0,9.896806252190252e-08,0.000797762020572172,0.5275916539445562,0.5203669853804572,0.0
2018-01-24,-0.0004027251157607665,0.0,9.863744122235466e-08,-0.00040282375320198886,0.527949945474983,0.5207494122657511,0.0
2018-01-25,0.00033252348470539755,0.0,9.7711812838883e-08,0.00033242577289255867,0.5276893419618224,0.5205563796245839,0.0
2018-01-26,0.001213384423139613,0.0,9.780522579442682e-08,0.0012132866179138187,0.5278555852387617,0.5207158037557684,0.0
2018-01-29,-0.0019653590397896584,0.0,2.9243150158411384e-07,-0.0019656514712912427,0.528412539066937,0.5212967058617236,0.0
2018-01-30,-0.001670567741190848,0.0,9.792108030838743e-08,-0.0016706656622711563,0.5275024206474644,0.5203541817849521,0.0
2018-01-31,0.0005249260014851949,0.0,9.791670693488013e-08,0.00052482808477826,0.5266995306864168,0.5195516110801706,0.0
2018-02-01,-0.0008453321494307346,0.0,9.773923024376253e-08,-0.0008454298886609783,0.5269386932936437,0.5198037294858491,0.0
2018-02-02,-0.003845508839670187,2.036063141101665e-05,2.8370430757725226e-06,-0.003868706514156976,0.6257865225535918,0.4186823780221976,0.10153483193865812
2018-02-05,-0.005517470460418796,0.0,8.546942455158937e-06,-0.005526017402873955,0.6244235839540561,0.4164479842118553,0.0
2018-02-06,0.0029117491067953477,0.0,2.8702065512342468e-06,0.0029088789002441134,0.6227390194216158,0.4132139411815158,0.0
2018-02-07,-0.0012511066657508029,0.0,2.8601116758441446e-06,-0.001253966777426647,0.6237068942512625,0.41491874191463973,0.0
2018-02-08,-0.005699148164644707,0.0,2.86248165580605e-06,-0.005702010646300513,0.6231481728754222,0.4141870120015805,0.0
2018-02-09,0.0006420039233665191,0.0,2.8792299663146668e-06,0.0006391246934002045,0.621014210825298,0.41083042328432723,0.0
2018-02-12,0.002299945233608926,0.0,8.639410339759445e-06,0.0022913058232691664,0.6214352645906815,0.41120961298986836,0.0
2018-02-13,-0.00039612308316690464,0.0,2.871552220327887e-06,-0.00039899463538723253,0.622187559444962,0.4125642473610263,0.0
2018-02-14,0.0010516126512306512,0.0,2.8721453892484464e-06,0.0010487405058414027,0.6219992562054645,0.4123326427903277,0.0
2018-02-15,0.0029768175902214755,0.0,2.8643954958205305e-06,0.002973953194725655,0.6220520480103958,0.41295117681549715,0.0
2018-02-16,0.0012147703746470504,2.705229339341602e-07,2.8377207773739983e-06,0.0012116621309357421,0.6217198882604903,0.41456627151218856,0.0013523892239311053
2018-02-20,-0.0018088508951418652,0.0,1.134247425255252e-05,-0.0018201933693944177,0.6222780205325695,0.41527786542348616,0.0
2018-02-21,-0.0016535247105428795,0.0,2.8410964201588017e-06,-0.0016563658069630382,0.6216230191224041,0.41422298045081163,0.0
2018-02-22,0.0004175729249365015,0.0,2.846521660483147e-06,0.00041472640327601835,0.6210500366769576,0.4132539554616876,0.0
2018-02-23,0.0032600242125362163,0.0,2.845332209312534e-06,0.0032571788803269037,0.621209290282509,0.41350003900269416,0.0
2018-02-26,0.001493730256762871,0.0,8.510884534213695e-06,0.0014852193722286573,0.6225051986136506,0.4154070082811174,0.0
2018-02-27,-0.0017381935895970139,0.0,2.83295427667175e-06,-0.0017410265438736856,0.6230881299494929,0.41628246775245514,0.0
2018-02-28,-0.0012304023103188668,0.0,2.8365628337591e-06,-0.001233238873152626,0.6223363523593008,0.41526726549488663,0.0
2018-03-01,-0.002294063598922345,0.0,2.84101770044892e-06,-0.0022969046166227943,0.6219423921490705,0.4145481000162993,0.0
2018-03-02,0.0010896779333945776,0.0,2.851041364953174e-06,0.0010868268920296244,0.6213291442234137,0.413203124581832,0.0
2018-03-05,0.0009832057889220059,8.833615375710807e-08,8.518383252762227e-06,0.0009745990695154866,0.6211743615705305,0.4138937024199829,0.0004416366420936374
2018-03-06,0.000515935813122579,0.0,2.8366964425423106e-06,0.0005130991166800367,0.621551803550176,0.4144729632445874,0.0
2018-03-07,-0.00024297796852213414,0.0,2.834332605155837e-06,-0.00024581230112728997,0.6216823579949372,0.41477607781856135,0.0
2018-03-08,0.0006501761277772585,0.0,2.834944761027807e-06,0.0006473411830162307,0.6215859897940136,0.41463502223898363,0.0
2018-03-09,0.0020351366911943642,0.0,2.8344005435111084e-06,0.002032302290650853,0.6219277807444055,0.4150165410680946,0.0
2018-03-12,-0.00039579528993556026,0.0,8.481646286275026e-06,-0.00040427693622183526,0.6225925480137956,0.4162058217144366,0.0
2018-03-13,-0.0009873017071835289,0.0,2.8295422494957557e-06,-0.0009901312494330246,0.6225347810286349,0.4159781968154446,0.0
2018-03-14,-0.00028398098794199446,0.0,2.832748502879216e-06,-0.0002868137364448737,0.6221928385155742,0.4154021978053914,0.0
2018-03-15,-0.00014704407922533732,0.0,2.833275717170661e-06,-0.00014987735494250798,0.6220664399360407,0.41523731258258256,0.0
2018-03-16,0.00047523409394071886,0.0,2.8344092842385598e-06,0.0004723996846564803,0.6220643682099402,0.41515249046052527,0.0
2018-03-19,-0.002239667323407645,1.0046701004674778e-07,8.519014860257414e-06,-0.0022482868052779493,0.6226708466618203,0.4153748183955565,0.0005022837109098094
2018-03-20,-1.387984597199595e-05,0.0,2.8456463029353877e-06,-1.672549227493134e-05,0.621798270513991,0.4140660903997076,0.0
2018-03-21,0.00011135026699400209,0.0,2.8452992115822728e-06,0.00010850496778241981,0.6217659783421203,0.4140591358966144,0.0
2018-03-22,-0.0030351209854156407,0.0,2.8461602424350352e-06,-0.003037967145658076,0.6218952491817444,0.4141255514839868,0.0
2018-03-23,-0.002847652694401902,0.0,2.856280288133701e-06,-0.0028505089746900356,0.6208515763694594,0.4123431153356992,0.0
2018-03-26,0.0038514303208361253,0.0,8.594302041808512e-06,0.003842836018794317,0.619794086309991,0.41066606995931715,0.0
2018-03-27,-0.001317689237288542,0.0,2.852014685351569e-06,-0.0013205412519738935,0.621127747438097,0.4129306754074325,0.0
2018-03-28,0.00010968890483971036,0.0,2.8582351167429334e-06,0.00010683066972296742,0.6208084203523225,0.4121572568300886,0.0
2018-03-29,0.0021808625627746867,0.0,2.8591530324696115e-06,0.002178003409742217,0.6209410790559066,0.41222290768562503,0.0
2018-04-02,-0.0027309116744847887,0.0,1.1415371745075886e-05,-0.0027423270462298647,0.6218336933058841,0.41350315895824946,0.0
2018-04-03,0.001359699622398195,2.972506813566845e-07,2.840188531837571e-06,0.0013565621831850008,0.6193739789571487,0.412040216133006,0.0014860057980150554
2018-04-04,0.001433589920627501,0.0,2.835201510481184e-06,0.0014307547191170198,0.6198095830613843,0.41283987279625795,0.0
2018-04-05,0.0006108868938949348,0.0,2.829472282377532e-06,0.0006080574216125572,0.620233062449299,0.41368158583573916,0.0
2018-04-06,-0.0019940151952600855,0.0,2.8287886570973713e-06,-0.001996843983917183,0.6205422841698381,0.41404071220173017,0.0
2018-04-09,0.0007444582551457064,0.0,8.509075289966477e-06,0.0007359491798557398,0.6199253016402101,0.4128711362510258,0.0
2018-04-10,0.0017388982145181405,0.0,2.8336913600905216e-06,0.00173606452315805,0.6201708875934517,0.41331141830684365,0.0
2018-04-11,-0.00034204646269949974,0.0,2.8272189622611315e-06,-0.0003448736816617609,0.620717995397119,0.4143310111520564,0.0
2018-04-12,0.0009878489918837949,0.0,2.8281094747426123e-06,0.0009850208824090522,0.6205837794999346,0.4141317878437239,0.0
2018-04-13,-3.7409049271643433e-05,0.0,2.823903609304526e-06,-4.023295288094796e-05,0.620856101184031,0.4147111377048007,0.0
2018-04-16,0.0007944252510220085,0.0,8.470099107901919e-06,0.0007859551519141066,0.6207961578343172,0.4146904128753705,0.0
2018-04-17,0.0009912642223610818,2.706193594177288e-07,2.839069680470598e-06,0.0009881545333211934,0.6219743480458486,0.4147222613714949,0.0013529002591774891
2018-04-18,-0.00018358371879963472,0.0,2.8362670103667825e-06,-0.0001864199858100015,0.6223506336682489,0.41530314191147377,0.0
2018-04-19,-0.001465884597707933,0.0,2.834707325707364e-06,-0.0014687193050336403,0.6221305939805547,0.4151969592039173,0.0
2018-04-20,-0.0016326439571747895,0.0,2.8391734471235425e-06,-0.001635483130621913,0.6215992848496763,0.4143396232096577,0.0
2018-04-23,-0.000632800876839214,0.0,8.530292223926204e-06,-0.0006413311690631402,0.6209535043895835,0.41338306027404603,0.0
2018-04-24,-0.0018384027050125525,0.0,2.845564048402619e-06,-0.0018412482690609551,0.6207413144124561,0.4130151388790648,0.0
2018-04-25,-0.0004976274962423252,0.0,2.851344294746541e-06,-0.0005004788405370717,0.6200833446850792,0.4119352111685817,0.0
2018-04-26,0.0016297450310324934,0.0,2.8528678650565323e-06,0.0016268921631674368,0.6199029567344028,0.4116436025852757,0.0
2018-04-27,0.00026861872821269726,0.0,2.849361229071306e-06,0.00026576936698362595,0.6206054582342069,0.41260208851200153,0.0
2018-04-30,-0.001073506633053917,0.0,8.547535929022507e-06,-0.0010820541689829394,0.620751048947948,0.4127610080084003,0.0
2018-05-01,5.3774134530058247e-05,1.6677012197128516e-07,2.842365851960212e-06,5.0764998556126746e-05,0.6194737401416005,0.41198103294850486,0.0008337830613572156
2018-05-02,-0.0013631149068118358,0.0,2.8416832429445885e-06,-0.0013659565900547804,0.6194567679333982,0.41201389119844317,0.0
2018-05-03,-0.00015911308347579722,0.0,2.8470282506655085e-06,-0.00016196011172646272,0.6190455369799172,0.4112124746813351,0.0
2018-05-04,0.0015200210589558466,0.0,2.849043191167988e-06,0.0015171720157646786,0.6191000995856115,0.4111199466303484,0.0
2018-05-07,1.5470593402989546e-06,0.0,8.531596244899357e-06,-6.984536904600402e-06,0.6196170455506209,0.4120148702580698,0.0
2018-05-08,-0.0007160840020201891,0.0,2.844097941263379e-06,-0.0007189280999614525,0.6196384447936087,0.41201929508138196,0.0
2018-05-09,0.0009692518188772519,0.0,2.8468590054159106e-06,0.000966404959871836,0.6194198286489118,0.4115991212535504,0.0
2018-05-10,0.0026292519656181757,0.0,2.842791913130549e-06,0.0026264091737050453,0.6196938595504314,0.4121700498919015,0.0
2018-05-11,0.0008473468565328802,0.0,2.834878577953542e-06,0.0008445119779549267,0.6206588591572503,0.4137127229666416,0.0
2018-05-14,-0.0001743550974480348,0.0,8.496951004940976e-06,-0.0001828520484529758,0.6209694054138171,0.41421026429358665,0.0
2018-05-15,-0.0022262049138792616,1.3366569340430886e-07,2.842933366901028e-06,-0.002229181512939567,0.6215861363390809,0.4140520005553059,0.0006682693913421174
2018-05-16,0.000685117210738935,0.0,2.848271515220411e-06,0.0006822689392237146,0.6206697017402719,0.41274588112918176,0.0
2018-05-17,-0.0005171727567960164,0.0,2.846584255148163e-06,-0.0005200193410511646,0.6209497701542147,0.41314911952839883,0.0
2018-05-18,-0.0002553450842246105,0.0,2.8488526875683256e-06,-0.00025819393691217885,0.6208128811991821,0.4128466350066942,0.0
2018-05-21,0.0009099416839910419,0.0,8.553365997545655e-06,0.0009013883179934963,0.6208297519443623,0.4126978460040846,0.0
2018-05-22,0.00018170799504918538,0.0,2.8484694746193936e-06,0.00017885952557456598,0.6211735738612931,0.41323530221407734,0.0
2018-05-23,0.0011792714866207877,0.0,2.847917652261052e-06,0.0011764235689685266,0.6212410684770198,0.41334307986196295,0.0
2018-05-24,0.00036590738175149094,0.0,2.8473017146502823e-06,0.00036306008003684066,0.6218882956674562,0.4140352704979856,0.0
2018-05-25,-0.00010449268918857375,0.0,2.8477873940351907e-06,-0.00010734047658260895,0.6221392597229789,0.41425077995841,0.0
2018-05-29,-0.0015918389966751798,0.0,1.1403629378616837e-05,-0.0016032426260537966,0.6223069828611256,0.41419074670136846,0.0
2018-05-30,0.0013732976395886619,2.4508361082228803e-07,2.8457117582830354e-06,0.0013702068442195566,0.6211176557336029,0.4133806973789414,0.0012250412780504816
2018-05-31,-0.0009558204435616439,0.0,2.837738678724347e-06,-0.0009586581822403682,0.6213413974241176,0.4141864738772403,0.0
2018-06-01,0.0006944760099791454,0.0,2.8390668402580025e-06,0.0006916369431388874,0.6208790598535102,0.4136271805146761,0.0
2018-06-04,0.0006391694354546314,0.0,8.505527055107519e-06,0.000630663908399524,0.6210031194268878,0.41403529441927145,0.0
2018-06-05,0.0004934842857220611,0.0,2.831011283387523e-06,0.0004906532744386736,0.6210769321513394,0.4144131084640502,0.0
2018-06-06,0.000649556450227219,0.0,2.831133211808436e-06,0.0006467253170154106,0.6213758417693613,0.41470311730734555,0.0
2018-06-07,-8.35248748496032e-05,0.0,2.828024731658151e-06,-8.635289958126135e-05,0.6215300336894961,0.41508422827845126,0.0
2018-06-08,0.0003012141064341946,0.0,2.830675650722478e-06,0.0002983834307834721,0.6216758655152637,0.4150365430125229,0.0
2018-06-11,8.95950809569041e-05,0.0,8.487655083270952e-06,8.110742587363315e-05,0.6217468045412469,0.4152138641816537,0.0
2018-06-12,-0.00015527501391236886,0.0,2.8280935128581844e-06,-0.00015810310742522704,0.6217206042385376,0.4152697777998901,0.0
2018-06-13,-0.0006482096483641851,9.234721008652323e-08,2.8274420640380465e-06,-0.0006511294376383097,0.6215995937190223,0.41519632304424486,0.0004616900172691189
2018-06-14,0.0006209205816852666,0.0,2.8278056309673444e-06,0.0006180927760542993,0.6212480248067355,0.41481821374611927,0.0
2018-06-15,-7.793311515425812e-05,0.0,2.8283957287152936e-06,-8.076151088297341e-05,0.6216554012119819,0.4151825130157654,0.0
2018-06-18,-0.0007644341146397169,0.0,8.489543359934986e-06,-0.0007729236579996518,0.6217169955064488,0.4151381070813641,0.0
2018-06-19,-0.00046013981384526443,0.0,2.8326925866198397e-06,-0.0004629725064318843,0.6214807587479299,0.4146941999246814,0.0
2018-06-20,0.00033209192935955867,0.0,2.835283406666254e-06,0.0003292566459528924,0.6214016166080528,0.41442592792141636,0.0
2018-06-21,-0.00041594982689467376,0.0,2.8331254342955024e-06,-0.00041878295232896924,0.6214396596689411,0.4146215029653696,0.0
2018-06-22,0.0006666965089051669,0.0,2.8356535749332064e-06,0.0006638608553302337,0.6213817990064701,0.4143790880363461,0.0
2018-06-25,-0.0020102241231698317,0.0,8.501158114911049e-06,-0.0020187252812847428,0.6216319488192147,0.4147704346897125,0.0
2018-06-26,0.00010216866263892821,0.0,2.8402643352773983e-06,9.932839830365081e-05,0.6209344420183172,0.4135951455430671,0.0
2018-06-27,-0.0010185558013750587,8.549675895094959e-07,2.734495688235513e-06,-0.001022145264652804,0.6167715487484507,0.4171533635072582,0.004243650635576711
2018-06-28,0.0003400417416285219,0.0,2.738935158576238e-06,0.00033730280646994567,0.6165028597196712,0.4165605931436059,0.0
2018-06-29,2.0554313648922586e-05,0.0,2.738011619572191e-06,1.7816302029350396e-05,0.6166349087759572,0.41676006054718717,0.0
2018-07-02,0.000267981299554738,0.0,8.211923338575904e-06,0.0002597693762161621,0.6165966574091611,0.4167731895038141,0.0
2018-07-03,0.0002546808804466357,0.0,2.7362676365809323e-06,0.00025194461281005475,0.6166804018836644,0.4169328644132563,0.0
2018-07-05,0.0018046108778692201,0.0,5.473129482129532e-06,0.0017991377483870907,0.6168516897116256,0.41708246361389784,0.0
2018-07-06,0.0020066795185161644,0.0,2.7313233518201063e-06,0.002003948195164344,0.6175213970857091,0.41813479240284107,0.0
2018-07-09,0.0013235440580832707,0.0,8.179544749002628e-06,0.001315364513334268,0.6183368029027085,0.4193012140103111,0.0
2018-07-10,0.0005810865902172401,0.0,2.721297586711198e-06,0.0005783652926305289,0.6187269338202527,0.4200722099903352,0.0
2018-07-11,-0.001125144436582882,0.0,2.7193969843023393e-06,-0.0011278638335671845,0.6189261257975398,0.42041014594346887,0.0
2018-07-12,0.001486970634783957,7.120188700290144e-08,2.723449986512492e-06,0.0014841759829104415,0.6189262749436101,0.4201144259281982,0.0003559940680316412
2018-07-13,0.000673521923770373,0.0,2.7190870066628304e-06,0.0006708028367637102,0.6194699447003532,0.42097659321396647,0.0
2018-07-16,-0.0004769357949873978,0.0,8.153756408807097e-06,-0.0004850895513962049,0.6197755332641192,0.4213674606498131,0.0
2018-07-17,0.00044507000186023874,0.0,2.718583014305109e-06,0.00044235141884593364,0.6195513535835919,0.421094793539319,0.0
2018-07-18,0.00024285530963501494,0.0,2.717054591282331e-06,0.00024013825504373262,0.6196984623962997,0.4213534772326897,0.0
2018-07-19,-0.0003249184682888999,0.0,2.7160750712736454e-06,-0.0003276345433601735,0.6197685956437692,0.42149511544079327,0.0
2018-07-20,-0.00037263792552606924,0.0,2.71827360265343e-06,-0.00037535619912872266,0.6197422050964436,0.4213082321027431,0.0
2018-07-23,-0.0001939243996874556,0.0,8.157882919882285e-06,-0.0002020822826073379,0.6196021386745711,0.42109365429076884,0.0
2018-07-24,0.0006578641705597947,0.0,2.7182091218926487e-06,0.000655145961437902,0.6194140693592712,0.4209848034611079,0.0
2018-07-25,0.001991941640226816,0.0,2.716754952315623e-06,0.0019892248852745003,0.6196897225172281,0.4213666109981875,0.0
2018-07-26,-0.00010137310203472253,5.528282183975567e-07,2.7103854201242402e-06,-0.00010463631567324432,0.6197571926882037,0.4218990570191341,0.002762677584580235
2018-07-27,-0.000528881212280903,0.0,2.7106690545467504e-06,-0.0005315918813354497,0.619720664873261,0.4218418238913484,0.0
2018-07-30,-0.0008756670120298359,0.0,8.137308417912835e-06,-0.0008838043204477487,0.619544866510228,0.4215370283410158,0.0
2018-07-31,0.0006712851396691083,0.0,2.714835522668111e-06,0.0006685703041464402,0.6192164656858341,0.4210334725310621,0.0
2018-08-01,-0.0007312428502741974,0.0,2.7130216769409066e-06,-0.0007339558719511384,0.6194735891796114,0.4214230067629252,0.0
2018-08-02,0.0005998724702384992,0.0,2.7152764047580378e-06,0.0005971571938337411,0.619215937439807,0.42100075989247004,0.0
2018-08-03,0.0008317248784175213,0.0,2.7152907426547825e-06,0.0008290095876748665,0.6195652449776436,0.4213490207638446,0.0
2018-08-06,0.00043069448535460624,0.0,8.140101296582448e-06,0.0004225543840580238,0.6199068418795266,0.4218310436626869,0.0
2018-08-07,6.84341894948623e-05,0.0,2.7128732483816106e-06,6.572131624648068e-05,0.6201231320951448,0.42208338496328734,0.0
2018-08-08,-0.00010603113559021252,0.0,2.7117174641022407e-06,-0.00010874285305431476,0.620079451482312,0.4221240766028485,0.0
2018-08-09,-0.0005462669194616108,2.2664163122873673e-07,2.712337745962184e-06,-0.0005492058988388017,0.6191794058401143,0.42117875038487484,0.0011329137476686069
2018-08-10,-0.0018245780209839516,0.0,2.7154610375908513e-06,-0.0018272934820215425,0.6190922799945906,0.42086362425045826,0.0
2018-08-13,-0.0008415530607809206,0.0,8.169146199541035e-06,-0.0008497222069804617,0.6185887128028966,0.41980615528073134,0.0
2018-08-14,0.0014232211595183615,0.0,2.7247086855147766e-06,0.0014204964508328468,0.6182246425503394,0.4193209085077606,0.0
2018-08-15,-0.0009514361033375222,0.0,2.7208437366434525e-06,-0.0009541569470741657,0.6187689046768674,0.42014731190189547,0.0
2018-08-16,0.0011805700940408393,0.0,2.7247519171251852e-06,0.0011778453421237142,0.6185031264126835,0.41959623646254485,0.0
2018-08-17,0.0008372278330224119,0.0,2.720893082432971e-06,0.0008345069399399789,0.6189069746376876,0.4202817796200807,0.0
2018-08-20,0.00020369679194474747,0.0,8.1588108461145e-06,0.00019553798109863297,0.619298937664481,0.42076787374236135,0.0
2018-08-21,0.0005345873549929051,0.0,2.7207041871566826e-06,0.0005318666508057484,0.6195006763584859,0.4208892706960481,0.0
2018-08-22,0.00047769328970210894,0.0,2.7186050505738254e-06,0.0004749746846515351,0.6196580045968876,0.42119983590499815,0.0
2018-08-23,-0.0006174692043504695,1.3115175235704467e-07,2.717966939072601e-06,-0.0006203183230418991,0.6192333597060643,0.42082177315376457,0.0006555649751703307
2018-08-24,0.0010792774085142873,0.0,2.7193294634937895e-06,0.0010765580790507935,0.6189761770064248,0.4204651261713782,0.0
2018-08-27,0.0009241953199766692,0.0,8.150187820281751e-06,0.0009160451321563875,0.6194123115417248,0.4210910745815356,0.0
2018-08-28,-0.00030487055508728907,0.0,2.713266476193666e-06,-0.0003075838215634827,0.6196974914351977,0.42162903867306,0.0
2018-08-29,0.00020582496789160748,0.0,2.7131233645762238e-06,0.00020311184452703125,0.6195118061026038,0.42145380048853937,0.0
2018-08-30,-0.0010213179164663272,0.0,2.712246101311545e-06,-0.0010240301625676388,0.6195679641796763,0.4215739987839334,0.0
2018-08-31,-0.00025075843141588686,0.0,2.7169850256432434e-06,-0.0002534754164415301,0.6193236878290758,0.420983780957119,0.0
2018-09-04,-0.0008427754354852702,0.0,1.0873300971313333e-05,-0.0008536487364565835,0.6192774377691275,0.4208396950426592,0.0
2018-09-05,-0.00031334287636636775,0.0,2.7200266822178757e-06,-0.0003160629030485856,0.6189177035688516,0.42035575576694656,0.0
2018-09-06,0.0002600511068807609,0.0,2.7208866535524233e-06,0.00025733022022720844,0.6187999403980506,0.4201752146887238,0.0
2018-09-07,-0.0008248886592035331,1.9335398788309498e-07,2.7211674375666094e-06,-0.0008278031806289828,0.6180062020150454,0.41936097907268294,0.0009665555026341088
2018-09-10,0.0002799157981556606,0.0,8.161428738439252e-06,0.00027175436941722134,0.6174776089318837,0.4188828429631952,0.0
2018-09-11,8.902021736630085e-05,0.0,2.7200640511636423e-06,8.630015331513721e-05,0.6176135561320495,0.41904888039710353,0.0
2018-09-12,0.0006558512756563306,0.0,2.7181940435098966e-06,0.0006531330816128207,0.6175298972469602,0.41910173207073753,0.0
2018-09-13,0.0017567194979325467,0.0,2.7164198598359657e-06,0.0017540030780727107,0.617782254494978,0.4194836047269525,0.0
2018-09-14,0.00010606772187984034,0.0,2.7119893863186083e-06,0.00010335573249352173,0.6184779862888578,0.4205027610875993,0.0
2018-09-17,-0.0008938253337436108,0.0,8.13219192534717e-06,-0.0009019575256689579,0.6184486978186494,0.4205653609685348,0.0
2018-09-18,2.236432085710985e-05,0.0,2.7125230118958072e-06,1.9651797845214045e-05,0.6180645831255634,0.4200504032571693,0.0
2018-09-19,0.00012887797890336278,0.0,2.712144857807721e-06,0.00012616583404555506,0.6180510871751074,0.4200645125551437,0.0
2018-09-20,0.001597316825962734,0.0,2.7111483147536847e-06,0.0015946056776479803,0.618054210149207,0.42014038317218805,0.0
2018-09-21,9.572604306168051e-05,4.3975983749041766e-05,1.5750278386596451e-16,5.175005931248124e-05,0.5999999999086599,0.5999999998971624,0.2191361692324431
2018-09-24,-0.0005652557184722015,0.0,4.724954429833813e-16,-0.000565255718472674,0.600064672569325,0.6000646725578277,0.0
2018-09-25,-0.00016830347352479695,0.0,1.5740863710484224e-16,-0.00016830347352495435,0.599838478981244,0.5998384789697531,0.0
2018-09-26,0.0004044985096177578,0.0,1.5744180109900324e-16,0.0004044985096176004,0.5997711190703792,0.5997711190588859,0.0
2018-09-27,0.0009274681046229755,0.0,1.576409946290846e-16,0.0009274681046228179,0.5999329455976514,0.5999329455861435,0.0
2018-09-28,-0.00014718106090210996,0.0,1.5730945872984215e-16,-0.00014718106090226728,0.6003036512126725,0.600303651201189,0.0
2018-10-01,0.0005505612453812494,0.0,4.726092460157527e-16,0.0005505612453807768,0.6002448148204315,0.6002448148089313,0.0
2018-10-02,0.00010910443588388418,0.0,1.5711829458428903e-16,0.00010910443588372707,0.6004647834268177,0.600464783415348,0.0
2018-10-03,-0.0012196985529611233,0.0,1.5771340436375255e-16,-0.001219698552961281,0.6005083697358229,0.6005083697243098,0.0
2018-10-04,-0.001934310516948966,0.0,1.5690096670927757e-16,-0.001934310516949123,0.6000205153370921,0.6000205153256384,0.0
2018-10-05,-0.001393426656757848,2.4889390103686977e-07,3.691593452353834e-16,-0.0013936755506592541,0.599533328592604,0.5995333285656553,0.0012442977068466555
2018-10-08,-0.0003488317779709022,0.0,1.1093698986844718e-15,-0.00034883177797201154,0.5989746783004659,0.5989746782734712,0.0
2018-10-09,2.7244315132122774e-05,0.0,3.694083642377371e-16,2.7244315131753366e-05,0.5988347391092126,0.5988347390822458,0.0
2018-10-10,-0.004238129031391162,0.0,3.6994588750503207e-16,-0.004238129031391532,0.5988456682842829,0.5988456682572766,0.0
2018-10-11,-0.0016825695767170923,0.0,3.713335421139099e-16,-0.0016825695767174636,0.5971382883685682,0.597138288341461,0.0
2018-10-12,0.001913225816223158,0.0,3.7398834425933366e-16,0.001913225816222784,0.5964593030690931,0.596459303041792,0.0
2018-10-15,-0.0005361148499691408,0.0,1.1201864060485997e-15,-0.000536114849970261,0.5972298932353672,0.5972298932081093,0.0
2018-10-16,0.002800554443535177,0.0,3.745196919395506e-16,0.0028005544435348024,0.5970138463741447,0.5970138463468045,0.0
2018-10-17,-0.0006391942645629265,0.0,3.7331507845559397e-16,-0.0006391942645632998,0.5981392792014479,0.5981392791741958,0.0
2018-10-18,-0.001863086534527842,0.0,3.726255550164781e-16,-0.0018630865345282146,0.597882247840521,0.5978822478133194,0.0
2018-10-19,-0.00021514337054147494,3.501735799768434e-07,3.856227712519311e-16,-0.0002154935441218374,0.5961306205403148,0.5961306205121644,0.0017506266856610175
2018-10-22,-0.0004868782543449726,0.0,1.1568808851404928e-15,-0.0004868782543461295,0.5960439207867102,0.5960439207585595,0.0
2018-10-23,0.0006103973704687526,0.0,3.855180426758587e-16,0.0006103973704683671,0.5958471475514007,0.5958471475232577,0.0
2018-10-24,-0.004242900293705969,0.0,3.864582068425284e-16,-0.004242900293706356,0.5960936909004769,0.5960936908722654,0.0
2018-10-25,0.00201181353441779,0.0,3.888080569570761e-16,0.002011813534417401,0.5943726545172442,0.5943726544888611,0.0
2018-10-26,-0.0018431212712905663,0.0,3.8692840884081973e-16,-0.0018431212712909531,0.5951870626634053,0.5951870626351593,0.0
2018-10-29,-0.0008633069108324002,0.0,1.1683509712026531e-15,-0.0008633069108335685,0.5944395656001008,0.5944395655716709,0.0
2018-10-30,0.0014696877830893459,0.0,3.884025294756628e-16,0.0014696877830889575,0.5940891399493369,0.5940891399209836,0.0
2018-10-31,0.0004029568006511123,0.0,3.8691058680483595e-16,0.0004029568006507254,0.5946848267077581,0.5946848266795136,0.0
2018-11-01,0.0019489433505026712,0.0,3.8560821633832116e-16,0.0019489433505022857,0.5948480854269487,0.5948480853987993,0.0
2018-11-02,-0.0011322156403339738,9.915113974808461e-08,3.872825522432933e-16,-0.001132314791474109,0.5951404518431007,0.5951404518148291,0.0004957157863080125
2018-11-05,0.0008510928113026986,0.0,1.1602476574308034e-15,0.0008510928113015384,0.5946816029779654,0.5946816029497327,0.0
2018-11-06,0.0006447912711053239,0.0,3.861498172444037e-16,0.0006447912711049377,0.5950262732055873,0.5950262731773985,0.0
2018-11-07,0.0031376757629138947,0.0,3.852153555160407e-16,0.0031376757629135096,0.5952872284679263,0.5952872284398055,0.0
2018-11-08,-0.0007995916767740872,0.0,3.841549455301e-16,-0.0007995916767744713,0.5965531139838132,0.5965531139557699,0.0
2018-11-09,-0.0012189830009852064,0.0,3.833627304557645e-16,-0.0012189830009855897,0.596230263062745,0.5962302630347593,0.0
2018-11-12,-0.0025358282109069425,0.0,1.1497225849657354e-15,-0.002535828210908092,0.5957374739154697,0.5957374738874931,0.0
2018-11-13,-0.00043899023432081546,0.0,3.840086502566843e-16,-0.0004389902343211995,0.594709727408612,0.5947097273805794,0.0
2018-11-14,-0.0005637258652550695,0.0,3.8436232011287606e-16,-0.0005637258652554538,0.5945317307981192,0.5945317307700605,0.0
2018-11-15,0.0007453204942284099,0.0,3.8574738243127457e-16,0.0007453204942280241,0.5943030289221524,0.5943030288939927,0.0
2018-11-16,0.00031912042556080767,8.753221869014429e-08,3.856586426741961e-16,0.0003190328933417319,0.5941675470003126,0.5941675469721597,0.0004376309909515236
2018-11-19,-0.002133628901822966,0.0,1.1620147280278541e-15,-0.002133628901824128,0.5942970671131795,0.5942970670849038,0.0
2018-11-20,-0.0026038527478715484,0.0,3.885913496336626e-16,-0.002603852747871937,0.5934295967502117,0.5934295967218444,0.0
2018-11-21,0.0012169579496203358,0.0,3.8880727193586584e-16,0.001216957949619947,0.5923681835247047,0.5923681834963216,0.0
2018-11-23,-0.0013516616394670924,0.0,7.772744181849162e-16,-0.0013516616394678698,0.5928636513408071,0.5928636513124366,0.0
2018-11-26,0.002059769068697443,0.0,1.1655538057584835e-15,0.0020597690686962773,0.592312595915766,0.592312595887404,0.0
2018-11-27,-0.0002339507610050388,0.0,3.8715592127237876e-16,-0.00023395076100542596,0.5931506117013614,0.5931506116730991,0.0
2018-11-28,0.004145850278157395,0.0,3.8685940895588017e-16,0.004145850278157008,0.5930554067040449,0.5930554066758041,0.0
2018-11-29,-0.00025722731057267804,0.0,3.862051635237013e-16,-0.00025722731057306424,0.5947355723442382,0.5947355723160451,0.0
2018-11-30,0.0007940049898605664,0.0,3.8702308115878876e-16,0.0007940049898601793,0.5946313004439138,0.594631300415661,0.0
2018-12-03,0.0025381441997739188,1.0535300309169324e-07,2.571708607482616e-17,0.0025380388467708013,0.5946389416509882,0.5946389416503625,0.0005265781789864152
2018-12-04,-0.0035381937306299717,0.0,8.567243645729352e-18,-0.0035381937306299804,0.5956652642703731,0.5956652642697476,0.0
2018-12-06,0.00011672770113729306,0.0,1.7184234876037486e-17,0.00011672770113727588,0.5942295698784416,0.5942295698778143,0.0
2018-12-07,-0.0020202035568605116,0.0,8.627565018499066e-18,-0.0020202035568605203,0.5942769289998203,0.5942769289991906,0.0
2018-12-10,0.0002927151120550706,0.0,2.599226842550959e-17,0.00029271511205504464,0.5934556266106789,0.5934556266100465,0.0
2018-12-11,8.479674583685187e-05,0.0,8.61788915040137e-18,8.479674583684325e-05,0.5935745934690906,0.5935745934684615,0.0
2018-12-12,0.000896584137536505,0.0,8.595731436489359e-18,0.0008965841375364965,0.593609054098839,0.5936090540982115,0.0
2018-12-13,0.0006090423495397404,0.0,8.621336130919064e-18,0.0006090423495397318,0.5939730913845189,0.5939730913838897,0.0
2018-12-14,-0.0020906084818529728,0.0,8.611335305594177e-18,-0.0020906084818529814,0.594220228449979,0.5942202284493504,0.0
2018-12-17,-0.0021445473284480796,0.0,2.5738017396142838e-17,-0.002144547328448105,0.5933701245834548,0.5933701245828285,0.0
2018-12-18,0.00012657025486446043,5.186798075540033e-07,8.634391056784859e-18,0.0001260515750568978,0.5899037979805105,0.5899037979798801,0.0025924154461187815
2018-12-19,-0.002114558731916997,0.0,8.646034059267467e-18,-0.0021145587319170056,0.5899560033519391,0.589956003351308,0.0
2018-12-20,-0.00247296989366318,0.0,8.671534935360382e-18,-0.002472969893663189,0.5890871038994328,0.5890871038987997,0.0
2018-12-21,-0.002402182802693131,0.0,8.757792942548761e-18,-0.0024021828026931395,0.5880684094778275,0.5880684094771882,0.0
2018-12-24,-0.0028093186396953027,0.0,2.6105831968280367e-17,-0.0028093186396953287,0.5870764917274217,0.5870764917267864,0.0
2018-12-26,0.005583469932996915,0.0,1.753167723762569e-17,0.005583469932996897,0.5859131899334528,0.5859131899328128,0.0
2018-12-27,0.0012850724053998885,0.0,8.673208999463414e-18,0.0012850724053998798,0.5882123936522727,0.5882123936516397,0.0
2018-12-28,0.00042879714267178863,0.0,8.729128990871512e-18,0.0004287971426717799,0.5887408913842292,0.588740891383592,0.0
2018-12-31,0.0013140518370965298,0.0,2.6178554540794997e-17,0.0013140518370965036,0.5889171625303377,0.5889171625297006,0.0
2019-01-02,8.086278998901261e-06,0.0,1.7446996375839585e-17,8.086278998883814e-06,0.5894566377896587,0.5894566377890219,0.0
2019-01-03,-0.001192507550367822,3.166709062910034e-07,8.640559387500769e-18,-0.0011928242212741217,0.5878772131963894,0.5878772131957586,0.0015827443345869108
2019-01-04,0.004628737526502434,0.0,8.688375137402061e-18,0.004628737526502425,0.5873853531224503,0.5873853531218162,0.0
2019-01-07,0.001915445193872548,0.0,2.594979176460533e-17,0.001915445193872522,0.5892864383976826,0.5892864383970511,0.0
2019-01-08,0.0013450073649785362,0.0,8.690458842169768e-18,0.0013450073649785275,0.5900716337167161,0.5900716337160817,0.0
2019-01-09,0.000711109354565907,0.0,8.651874093275827e-18,0.0007111093545658984,0.5906222498057837,0.5906222498051522,0.0
2019-01-10,0.0006204409518652094,0.0,8.732730516096455e-18,0.0006204409518652006,0.5909131552878947,0.5909131552872572,0.0
2019-01-11,-0.0001449050291239281,0.0,8.686211983007188e-18,-0.00014490502912393677,0.5911668121401216,0.5911668121394874,0.0
2019-01-14,-0.0009659204562266387,0.0,2.5974653681798772e-17,-0.0009659204562266647,0.5911075615694199,0.591107561568788,0.0
2019-01-15,0.0017154231047442395,0.0,8.669754668105371e-18,0.0017154231047442309,0.5907122221322942,0.5907122221316614,0.0
2019-01-16,0.0005489634644887561,0.0,8.614621425666059e-18,0.0005489634644887476,0.5914131215039586,0.5914131215033298,0.0
2019-01-17,0.001290762073400165,3.93322946784048e-07,1.9059376666169453e-17,0.0012903687504533618,0.593148692067928,0.5931486920665366,0.001966395028277218
2019-01-18,0.0017239479113622983,0.0,1.9033066809369654e-17,0.0017239479113622792,0.5936733965424542,0.5936733965410649,0.0
2019-01-22,-0.0017593266549887057,0.0,7.584060014956191e-17,-0.0017593266549887816,0.5943726769188684,0.5943726769174844,0.0
2019-01-23,0.000833789886096721,0.0,1.8969075714241847e-17,0.000833789886096702,0.5936577882346609,0.5936577882332762,0.0
2019-01-24,0.0007212798834862219,0.0,1.900045871299105e-17,0.0007212798834862029,0.5939963100051003,0.5939963100037132,0.0
2019-01-25,0.0008898531218940458,0.0,1.8866256800083292e-17,0.0008898531218940269,0.59428894123029,0.5942889412289126,0.0
2019-01-28,-0.0012092080852839262,0.0,5.707194357306846e-17,-0.0012092080852839832,0.5946496435104855,0.5946496435090969,0.0
2019-01-29,0.0001225240047952086,0.0,1.907147440696175e-17,0.00012252400479518952,0.5941588971676022,0.59415889716621,0.0
2019-01-30,0.003156671467711773,0.0,1.9076128909964506e-17,0.003156671467711754,0.5942086163530385,0.5942086163516458,0.0
2019-01-31,0.0021414473588703344,0.0,1.909097740886841e-17,0.0021414473588703153,0.5954855356210257,0.5954855356196321,0.0
2019-02-01,-0.00018185613196174588,6.0445086910959e-07,0.0,-0.00018246058283085548,0.5983942419149753,0.5983942419149753,0.0030210642687586303
2019-02-04,0.0006152444818703567,0.0,0.0,0.0006152444818703567,0.5983215558828202,0.5983215558828202,0.0
2019-02-05,0.0013898884670296928,0.0,0.0,0.0013898884670296928,0.5985685343768938,0.5985685343768938,0.0
2019-02-06,-0.000545239527236567,0.0,0.0,-0.000545239527236567,0.5991257049363313,0.5991257049363313,0.0
2019-02-07,-0.0011381320020649563,0.0,0.0,-0.0011381320020649563,0.598907013185823,0.598907013185823,0.0
2019-02-08,-3.50076070488599e-05,0.0,0.0,-3.50076070488599e-05,0.5984499962761556,0.5984499962761556,0.0
2019-02-11,-0.0001787248934130305,0.0,0.0,-0.0001787248934130305,0.5984359384792849,0.5984359384792849,0.0
2019-02-12,0.002119862827272299,0.0,0.0,0.002119862827272299,0.5983641561559031,0.5983641561559031,0.0
2019-02-13,-8.06239621295188e-05,0.0,0.0,-8.06239621295188e-05,0.599213767990822,0.599213767990822,0.0
2019-02-14,0.0003894541018602077,0.0,0.0,0.0003894541018602077,0.5991814524114203,0.5991814524114203,0.0
2019-02-15,0.0013249580125226268,1.5532444318550536e-07,0.0,0.0013248026880794412,0.5992053872991644,0.5992053872991644,0.000776491959809682
2019-02-19,0.00037571875733001417,0.0,0.0,0.00037571875733001417,0.5997358136935683,0.5997358136935683,0.0
2019-02-20,0.00030385117702595016,0.0,0.0,0.00030385117702595016,0.5998861439743447,0.5998861439743447,0.0
2019-02-21,-0.0006902990258151687,0.0,0.0,-0.0006902990258151687,0.6000076821109367,0.6000076821109367,0.0
2019-02-22,0.0016355366812303546,0.0,0.0,0.0016355366812303546,0.5997313770704641,0.5997313770704641,0.0
2019-02-25,-2.3478895353069285e-05,0.0,0.0,-2.3478895353069285e-05,0.6003849621232825,0.6003849621232825,0.0
2019-02-26,0.0006192610158980304,0.0,0.0,0.0006192610158980304,0.6003755793833305,0.6003755793833305,0.0
2019-02-27,-0.0002395640720925821,0.0,0.0,-0.0002395640720925821,0.6006228980532085,0.6006228980532085,0.0
2019-02-28,-0.0003429734436614465,0.0,0.0,-0.0003429734436614465,0.6005271987222441,0.6005271987222441,0.0
2019-03-01,0.0005142677002719458,0.0,0.0,0.0005142677002719458,0.6003901431535205,0.6003901431535205,0.0
2019-03-04,-0.0004029309927348679,4.6249659259826317e-07,0.0,-0.0004033934893274662,0.6000000000109813,0.6000000000109813,0.0023118631128500075
2019-03-05,-8.075247893396688e-05,0.0,0.0,-8.075247893396688e-05,0.5998390401817001,0.5998390401817001,0.0
2019-03-06,-0.0006004761797614448,0.0,0.0,-0.0006004761797614448,0.5998067235825768,0.5998067235825768,0.0
2019-03-07,-0.0006598836027127094,0.0,0.0,-0.0006598836027127094,0.5995662726677405,0.5995662726677405,0.0
2019-03-08,-2.3673122877841808e-05,0.0,0.0,-2.3673122877841808e-05,0.5993018585345502,0.5993018585345502,0.0
2019-03-11,0.0019511554438309264,0.0,0.0,0.0019511554438309264,0.599292372533647,0.599292372533647,0.0
2019-03-12,0.0010178932878646652,0.0,0.0,0.0010178932878646652,0.6000726928760787,0.6000726928760787,0.0
2019-03-13,0.0008854677992403627,0.0,0.0,0.0008854677992403627,0.6004793622516059,0.6004793622516059,0.0
2019-03-14,-0.0003559832812243698,0.0,0.0,-0.0003559832812243698,0.6008328119431439,0.6008328119431439,0.0
2019-03-15,0.0011542245383944518,0.0,0.0,0.0011542245383944518,0.6006906644956672,0.6006906644956672,0.0
2019-03-18,0.00035756388741381206,3.1483540256577733e-07,0.0,0.0003572490520112463,0.6000000002754503,0.6000000002754503,0.0015736219517649055
2019-03-19,0.00018751585484192863,0.0,0.0,0.00018751585484192863,0.6001431635866018,0.6001431635866018,0.0
2019-03-20,0.001312950627761485,0.0,0.0,0.001312950627761485,0.6002181290258878,0.6002181290258878,0.0
2019-03-21,0.0012424171219116407,0.0,0.0,0.0012424171219116407,0.6007423346282763,0.6007423346282763,0.0
2019-03-22,-0.0020068412521231246,0.0,0.0,-0.0020068412521231246,0.6012377636582791,0.6012377636582791,0.0
2019-03-25,0.0005734399689173571,0.0,0.0,0.0005734399689173571,0.6004359019434318,0.6004359019434318,0.0
2019-03-26,0.0011014466156860864,0.0,0.0,0.0011014466156860864,0.6006648966526827,0.6006648966526827,0.0
2019-03-27,-0.0004809139743664303,0.0,0.0,-0.0004809139743664303,0.6011042590166006,0.6011042590166006,0.0
2019-03-28,0.0008288433908560558,0.0,0.0,0.0008288433908560558,0.6009123321801487,0.6009123321801487,0.0
2019-03-29,0.0006926621480801957,0.0,0.0,0.0006926621480801957,0.6012428394172542,0.6012428394172542,0.0
2019-04-01,0.0008718066763780389,4.209524401362791e-07,1.1107978997206273e-14,0.0008713857239267946,0.5999999995245634,0.5999999992542692,0.0021039484926914905
2019-04-02,0.00029601240601148193,0.0,3.737870020913898e-15,0.00029601240600774404,0.6003486709425117,0.6003486706696471,0.0
2019-04-03,-0.00022374987864918865,0.0,3.737607029930045e-15,-0.00022374987865292624,0.6004669376856322,0.600466937412787,0.0
2019-04-04,0.0004695052246646135,0.0,3.7472081337312284e-15,0.0004695052246608663,0.600377522205362,0.600377521931816,0.0
2019-04-05,0.0010467747103630944,0.0,3.751669491589047e-15,0.0010467747103593426,0.6005650589975329,0.600565058723661,0.0
2019-04-08,-0.00043064876849382793,0.0,1.128257187769013e-14,-0.0004306487685051105,0.6009827401750764,0.6009827399005339,0.0
2019-04-09,-0.00029975485949335144,0.0,3.771640126425425e-15,-0.00029975485949712305,0.6008108298512312,0.6008108295759014,0.0
2019-04-10,0.0012063240078422114,0.0,3.756421843155436e-15,0.001206324007838455,0.600691135077341,0.600691134803122,0.0
2019-04-11,-0.0002488356029842631,0.0,3.76207469878689e-15,-0.00024883560298802516,0.6011722505672215,0.6011722502925901,0.0
2019-04-12,0.0005375039140569091,0.0,3.7456435140188306e-15,0.0005375039140531635,0.6010729833212143,0.6010729830477823,0.0
2019-04-15,3.8813051431201585e-05,7.63894855069215e-07,1.0977060337292125e-14,3.804915656515531e-05,0.6000000002741693,0.600000000007061,0.0038176293529204736
2019-04-16,-0.0002855697975392438,0.0,3.651942987465e-15,-0.0002855697975428957,0.600015983223007,0.600015982956415,0.0
2019-04-17,-0.00030985488730198675,0.0,3.655331578805715e-15,-0.0003098548873056421,0.5999017272404326,0.5999017269735933,0.0
2019-04-18,0.00041716349573471474,0.0,3.64795691487063e-15,0.0004171634957310668,0.599777716409236,0.5997777161429354,0.0
2019-04-22,-0.00015084502866133032,0.0,1.4586713644828434e-14,-0.00015084502867591704,0.5999446049163565,0.599944604650149,0.0
2019-04-23,0.0017247286197285608,0.0,3.645318027202772e-15,0.0017247286197249155,0.5998842494443656,0.5998842491782573,0.0
2019-04-24,-0.00018525120679597714,0.0,3.651459454087199e-15,-0.0001852512067996286,0.600573152360887,0.6005731520943303,0.0
2019-04-25,0.00013359951825952262,0.0,3.63515093884654e-15,0.00013359951825588748,0.600499144344023,0.6004991440786572,0.0
2019-04-26,0.0009729882276339179,0.0,3.628967111190331e-15,0.000972988227630289,0.6005525103357984,0.6005525100708838,0.0
2019-04-29,2.434642093787272e-05,0.0,1.0907746963772236e-14,2.4346420926964972e-05,0.600940790249782,0.6009407899843601,0.0
2019-04-30,0.0003483952651931117,3.5982917387168783e-07,2.450269558200361e-08,0.00034801093332365805,0.6017886968275253,0.600000000050039,0.0017945383522895153
2019-05-01,-0.0010914607072305803,0.0,2.4563110406480664e-08,-0.001091485270340987,0.601932647253398,0.6001395401937248,0.0
2019-05-02,-0.00042263506326206234,0.0,2.454394961697722e-08,-0.0004226596072116793,0.601494354413327,0.5997026460912874,0.0
2019-05-03,0.0019029276087651624,0.0,2.450599334069713e-08,0.0019029031027718217,0.6013223470973011,0.5995334095834303,0.0
2019-05-06,-0.00013134919506454617,0.0,7.355750169816543e-08,-0.00013142275256624434,0.6020839350168679,0.6002940358088793,0.0
2019-05-07,-0.0023956058891611677,0.0,2.4522390016793445e-08,-0.0023956304115511843,0.6020317064846394,0.6002415720134134,0.0
2019-05-08,-0.0002032672024615166,0.0,2.4549039998198364e-08,-0.0002032917515015148,0.6010737033262369,0.5992816234063684,0.0
2019-05-09,-0.000395853165409177,0.0,2.456785295316402e-08,-0.0003958777332621302,0.6009936219212739,0.5992001686556928,0.0
2019-05-10,0.001088614735121911,0.0,2.46351905951591e-08,0.0010885900999313158,0.6008398315801009,0.5990414626666543,0.0
2019-05-13,-0.0035607970582503877,0.0,7.389424855581845e-08,-0.0035608709524989437,0.6012755855202272,0.5994774921387023,0.0
2019-05-14,0.0014023841458836455,1.4565944307038652e-06,2.4721754489424116e-08,0.0014009028296984522,0.6018046880881618,0.6000000000104336,0.007278466397426839
2019-05-15,0.001279535521617576,0.0,2.4629498182530364e-08,0.0012795108921193935,0.6023590098402225,0.6005610564728978,0.0
2019-05-16,0.0010591120393854468,0.0,2.4598024746665248e-08,0.0010590874413607002,0.6028671702513472,0.6010715144448406,0.0
2019-05-17,-0.000741411944103661,0.0,2.4512161922993204e-08,-0.000741436456265584,0.6032829799950733,0.6014935921746949,0.0
2019-05-20,-0.0004885367682512555,0.0,7.348049707220185e-08,-0.0004886102487483277,0.602985955722299,0.6011979302935423,0.0
2019-05-21,0.0011068534848003141,0.0,2.4514686553688938e-08,0.0011068289701137604,0.6027926218933594,0.60100304977494,0.0
2019-05-22,-5.3928100929356875e-05,0.0,2.4476081136233576e-08,-5.395257701049311e-05,0.6032309613100424,0.601444207387097,0.0
2019-05-23,-0.001433463146096248,0.0,2.4461282326415224e-08,-0.0014334876073785745,0.6032084012020223,0.6014227275921941,0.0
2019-05-24,0.0002436143477847724,0.0,2.454711753074584e-08,0.00024358980066724166,0.6026425158808563,0.6008505763011117,0.0
2019-05-28,-0.0006857471555678439,0.0,9.843188384002909e-08,-0.0006858455874516839,0.6027441877727284,0.6009478058926476,0.0
2019-05-29,-0.0006242368712490779,2.9078386393509065e-05,1.977781324462489e-06,-0.0006552930389670495,0.7443780373094168,0.6000000006236551,0.14238071520787196
2019-05-30,0.0014495902058829768,0.0,1.973495945867553e-06,0.0014476167099371092,0.7438339921125456,0.5997687880642142,0.0
2019-05-31,-0.0015823246344594257,0.0,1.9708287468993446e-06,-0.001584295463206325,0.7442198011115241,0.600349302587872,0.0
2019-06-03,0.00013076547657264094,0.0,5.943086261824066e-06,0.0001248223903108169,0.7443322060830306,0.5997171070453118,0.0
2019-06-04,0.003248300590989347,0.0,1.9934354868504368e-06,0.0032463071555024962,0.7452937979615359,0.599773007421454,0.0
2019-06-05,0.0014065693083980747,0.0,1.9886548218562042e-06,0.0014045806535762186,0.7462418520036466,0.6010700500081437,0.0
2019-06-06,0.0008813527838499515,0.0,1.9804933987167626e-06,0.0008793722904512347,0.7462075973460847,0.6016315792397611,0.0
2019-06-07,0.0021400288107972956,0.0,1.9870822030170503e-06,0.0021380417285942785,0.7470405651780524,0.6019835643578076,0.0
2019-06-10,-1.425965965232626e-05,0.0,5.978443804945857e-06,-2.023810345727212e-05,0.7483101733290694,0.6028347074087201,0.0
2019-06-11,-3.949462248914128e-05,0.0,1.9906383386678342e-06,-4.148526082780911e-05,0.7481492466613162,0.6028326479385644,0.0
2019-06-12,6.00528551335815e-05,1.0738386944600538e-06,1.992014412457251e-06,5.69870020266642e-05,0.7454170525415431,0.6000000004321637,0.005366920028211014
2019-06-13,0.0013148630281488707,0.0,1.9850678679648153e-06,0.0013128779602809058,0.7449358139738512,0.6000258596124196,0.0
2019-06-14,0.0002513951851432011,0.0,1.9798830315104316e-06,0.00024941530211169065,0.7450837321004997,0.6005522708002382,0.0
2019-06-17,-0.00017494262953837315,0.0,5.901661187831066e-06,-0.00018084429072620422,0.7442609426268797,0.6006538537229905,0.0
2019-06-18,0.003411419929870555,0.0,1.9690510977141185e-06,0.0034094508787728406,0.7443282540513646,0.600587523918234,0.0
2019-06-19,0.002051561951542774,0.0,1.9585007243913877e-06,0.0020496034508183827,0.7449171892403649,0.6019466363597935,0.0
2019-06-20,0.002053624549170349,0.0,1.9607315918768634e-06,0.002051663817578472,0.7458961798574483,0.6027627736504372,0.0
2019-06-21,-0.0022995505857970797,0.0,1.9675160202777856e-06,-0.0023015181018173573,0.7472067284152849,0.6035780589350065,0.0
2019-06-24,0.0003338260563406363,0.0,5.958544948849107e-06,0.00032786751139178723,0.7476568144531489,0.602665554031154,0.0
2019-06-25,-0.0018481042964086738,0.0,1.9893822832736422e-06,-0.0018500936786919474,0.7480266476597925,0.6028017409808166,0.0
2019-06-26,-0.0003638241189985824,7.082946523566044e-07,1.9884760021867704e-06,-0.00036652088965312575,0.745158748805969,0.6000000006463349,0.003540264894086437
2019-06-27,0.0017441626233001808,0.0,1.988653316421244e-06,0.0017421739699837596,0.7450277283941739,0.599856036295423,0.0
2019-06-28,0.0008619060843534341,0.0,1.9855620677856906e-06,0.0008599205222856485,0.7454999604435406,0.6005539294951852,0.0
2019-07-01,0.0018404654927651643,0.0,5.954868586327561e-06,0.0018345106241788368,0.7458009123702418,0.600899110102938,0.0
2019-07-02,0.0012038558070319317,0.0,1.9663154893913194e-06,0.0012018894915425404,0.7451768989291627,0.6016358682035965,0.0
2019-07-03,0.001750035703879666,0.0,1.9632243045563988e-06,0.0017480724795751095,0.7454314212935939,0.6021160470609767,0.0
2019-07-05,-0.0017883628164307047,0.0,3.918500855510058e-06,-0.0017922813172862146,0.7458376043585568,0.6028123231324398,0.0
2019-07-08,-0.0008345262183495529,0.0,5.858691472931116e-06,-0.000840384909822484,0.7446645909584324,0.6021030984504419,0.0
2019-07-09,-0.0002316360203852589,0.0,1.951613331590798e-06,-0.0002335876337168497,0.7442420674742428,0.6017742942681145,0.0
2019-07-10,0.001039515932914243,0.0,1.9518869023062e-06,0.0010375640460119368,0.744170947871952,0.6016832040035995,0.0
2019-07-11,-0.0010017300634769196,8.734719549614808e-07,1.9573569996015095e-06,-0.0010045608924314825,0.7428870609994255,0.6000000000285152,0.004365693251977153
2019-07-12,0.0009076987327670198,0.0,1.960057669094415e-06,0.0009057386750979254,0.7426848151280774,0.5996006052841851,0.0
2019-07-15,0.0005269688556138005,0.0,5.88307821346408e-06,0.0005210857774003364,0.7431197958043069,0.5999648926100142,0.0
2019-07-16,-0.0005444176582150555,0.0,1.9574466568477414e-06,-0.0005463751048719032,0.7430727226139269,0.6001791166640418,0.0
2019-07-17,6.318157938552257e-05,0.0,1.950290391560033e-06,6.123128899396253e-05,0.7423337021655227,0.5999625035816403,0.0
2019-07-18,0.0006665547389603505,0.0,1.952730011358273e-06,0.0006646020089489922,0.7425382378935688,0.5999889470644149,0.0
2019-07-19,-0.000721199230014287,0.0,1.960019452139554e-06,-0.0007231592494664265,0.7433379900872021,0.6002565700810147,0.0
2019-07-22,0.001215344854528789,0.0,5.853599933716538e-06,0.0012094912545950725,0.7424068425464119,0.5999692441593094,0.0
2019-07-23,0.0014305787254204176,0.0,1.947382288158179e-06,0.0014286313431322595,0.7426172469385239,0.6004583399029768,0.0
2019-07-24,0.0011797186034338705,0.0,1.933664259457598e-06,0.001177784939174413,0.7421877588898385,0.6010302679494337,0.0
2019-07-25,-0.001044228743783596,6.089994844471771e-07,1.929567861228181e-06,-0.0010467673111292715,0.740858453878115,0.6000000000084579,0.003044085339512753
2019-07-26,0.0010394050149569356,0.0,1.9332308599608214e-06,0.0010374717840969747,0.7407092483405857,0.5995833955634458,0.0
2019-07-29,-0.0005065134384198442,0.0,5.781115275626949e-06,-0.0005122945536954711,0.7406741222191363,0.6000003171788805,0.0
2019-07-30,-0.0002530453976521215,0.0,1.9318526712425907e-06,-0.00025497725032336407,0.74082632356702,0.5998010785663108,0.0
2019-07-31,-0.000648818196053288,0.0,1.9341676963564723e-06,-0.0006507523637496444,0.7408951851002115,0.5997009432661891,0.0
2019-08-01,0.0007774543969164266,0.0,1.919925677616715e-06,0.0007755344712388099,0.7395967879735275,0.5994422135075073,0.0
2019-08-02,-0.0006971398303509125,0.0,1.923175279449575e-06,-0.0006990630056303622,0.7401463329860626,0.5997545375862435,0.0
2019-08-05,-0.004406945413228097,0.0,5.780676539226895e-06,-0.004412726089767324,0.7401395986997088,0.5994764695785211,0.0
2019-08-06,0.003110106800191155,0.0,1.950085942513803e-06,0.0031081567142486415,0.7400633154254032,0.5977070416218956,0.0
2019-08-07,0.0006967937221171519,0.0,1.9445917093981363e-06,0.0006948491304077538,0.7409106956466147,0.5989555008605507,0.0
2019-08-08,0.0028488931739983738,1.7413710880942592e-06,1.944154217681865e-06,0.0028452076486925977,0.7419232587774665,0.6000000008866904,0.008691233400742862
2019-08-09,-0.0012590184713679173,0.0,1.935908000146563e-06,-0.001260954379368064,0.7424598141275753,0.6011385301168761,0.0
2019-08-12,-0.0012123306562315714,0.0,5.822163029176239e-06,-0.0012181528192607477,0.7423095210689887,0.6006368873590335,0.0
2019-08-13,0.00152321563304316,0.0,1.9449125723473433e-06,0.0015212707204708127,0.7421342557665651,0.6001556379852091,0.0
2019-08-14,-0.0024851365219236287,0.0,1.9354010027030862e-06,-0.0024870719229263317,0.7420492007214492,0.600764927524124,0.0
2019-08-15,0.0018988911736270786,0.0,1.9332883332561573e-06,0.0018969578852938225,0.7409015141026009,0.5997714657749015,0.0
2019-08-16,0.0022899732022517833,0.0,1.92634722299773e-06,0.0022880468550287854,0.7411545218803376,0.6005311746015033,0.0
2019-08-19,0.00044285304193951,0.0,5.753303193097887e-06,0.0004370997387464121,0.7414420577976807,0.6014450134322987,0.0
2019-08-20,9.63547544461498e-05,0.0,1.914385279240375e-06,9.444036916690943e-05,0.7413750217737504,0.6016248963892031,0.0
2019-08-21,0.0013668385010309177,0.0,1.9180207646941393e-06,0.0013649204802662236,0.741679945555463,0.6016644297327909,0.0
2019-08-22,-0.00023276416136689489,8.53109475283336e-07,1.913047471428037e-06,-0.00023553031831360626,0.7396524654178782,0.6000000000036315,0.004264005658908158
2019-08-23,-0.0022323309872730695,0.0,1.9125898602824548e-06,-0.002234243577133352,0.7395275922905002,0.599908532489881,0.0
2019-08-26,0.0014870750572529593,0.0,5.780637296158709e-06,0.0014812944199568006,0.7396767201109329,0.5990145459044043,0.0
2019-08-27,0.000643608102681137,0.0,1.9163996481987893e-06,0.0006416917030329382,0.7395105912715053,0.5996134169529937,0.0
2019-08-28,0.0011027160898468326,0.0,1.9140810250563126e-06,0.0011008020088217763,0.7396000069403967,0.5998720921112859,0.0
2019-08-29,0.001105845947871597,0.0,1.9096190234478864e-06,0.001103936328848149,0.7397161700762184,0.6003139813645229,0.0
2019-08-30,0.0005733567428651239,0.0,1.9040714257008436e-06,0.0005714526714394231,0.739753844319634,0.6007566302434725,0.0
2019-09-03,-0.000377138276044932,0.0,7.567759401573629e-06,-0.0003847060354465056,0.7390981606946363,0.6009865516159175,0.0
2019-09-04,0.001531916588695672,0.0,1.8885021218934569e-06,0.0015300280865737784,0.7387012152279948,0.6008405603297724,0.0
2019-09-05,-0.00024925726686162185,0.0,1.8964675577376991e-06,-0.00025115373441935953,0.7398943698162923,0.6014522381014403,0.0
2019-09-06,0.0009139891508407307,6.609277371521978e-07,1.897667288728291e-06,0.0009114305558148502,0.7385297116461835,0.5999999995690185,0.0033031591899140554
2019-09-09,-0.0018366685383850222,0.0,5.681855767204698e-06,-0.001842350394152227,0.738625286412532,0.6003667960772177,0.0
2019-09-10,-0.0017264578709408128,0.0,1.9014310319212207e-06,-0.001728359301972734,0.7384393303990886,0.5996348650688397,0.0
2019-09-11,0.0004608422976364809,0.0,1.9030906461104391e-06,0.00045893920699037043,0.7378692141010805,0.5989435969350185,0.0
2019-09-12,-2.946458224659772e-05,0.0,1.897141734869559e-06,-3.136172398146728e-05,0.7376208218718877,0.5991294752264099,0.0
2019-09-13,-0.0026877316185233507,0.0,1.9064467060005244e-06,-0.0026896380652293513,0.7382894095806406,0.5991188000426022,0.0
2019-09-16,0.0013163340475388782,0.0,5.73858132895444e-06,0.0013105954662099237,0.7376783907766531,0.5980395784387618,0.0
2019-09-17,0.0005667043356025848,0.0,1.8985566992613898e-06,0.0005648057789033234,0.7371660665333144,0.5985714274872331,0.0
2019-09-18,0.0006056463919450814,0.0,1.908371835036911e-06,0.0006037380201100444,0.7381110701218255,0.5987999261641312,0.0
2019-09-19,0.0007110620087846665,0.0,1.9008733748714974e-06,0.000709161135409795,0.7378076633393402,0.599043906973721,0.0
2019-09-20,0.0012596689009958157,3.8748751081786077e-07,1.901519516194114e-06,0.0012573798939688038,0.7388109246885155,0.6000000000063452,0.001936413760379534
2019-09-23,8.772013299230722e-06,0.0,5.68436415042666e-06,3.087649148804062e-06,0.7388241341492884,0.6005046064889062,0.0
2019-09-24,-0.0008218466447714838,0.0,1.8906200999516243e-06,-0.0008237372648714354,0.738526791629777,0.6005115243333086,0.0
2019-09-25,-0.0003504332220299846,0.0,1.895800737273391e-06,-0.000352329022767258,0.7385775254951148,0.6001840716741572,0.0
2019-09-26,0.0003743138386434554,0.0,1.8841483909768476e-06,0.0003724296902524785,0.7375878842801327,0.6000450517388228,0.0
2019-09-27,-0.0006711284998432842,0.0,1.878919227974268e-06,-0.0006730074190712585,0.7373569384707317,0.6001958348286102,0.0
2019-09-30,0.0012313960325158147,0.0,5.6519723677629095e-06,0.0012257440601480519,0.7374597902505964,0.5999284626350322,0.0
2019-10-01,-0.0015436109358457051,0.0,1.874624374634205e-06,-0.0015454855602203394,0.7372714719958612,0.6004238926475644,0.0
2019-10-02,-0.0019214548100715163,0.0,1.8838718407849293e-06,-0.0019233386819123013,0.7373299195717467,0.5998072751944468,0.0
2019-10-03,0.0019014261713208584,0.0,1.8914982605783702e-06,0.00189953467306028,0.7371173463125602,0.5990379732903389,0.0
2019-10-04,0.0024893717463675483,7.220565271114857e-07,1.8899063049644896e-06,0.0024867597835354725,0.737963159419428,0.5999999991570202,0.0036062509568904146
2019-10-07,-0.0015394811849394072,0.0,5.659995911680463e-06,-0.0015451411808510877,0.7387214082866466,0.6009948411024219,0.0
2019-10-08,-0.0013156042715202823,0.0,1.8879548005711834e-06,-0.0013174922263208535,0.7382037369131154,0.600383036471419,0.0
2019-10-09,0.0008749022597269014,0.0,1.8871802051216595e-06,0.0008730150795217798,0.7376218950832722,0.5998577401093913,0.0
2019-10-10,-0.000563404557485821,0.0,1.8889774362582387e-06,-0.0005652935349220792,0.7381040040126423,0.600208651165791,0.0
2019-10-11,0.00040310871512665706,0.0,1.8956669648246939e-06,0.00040121304816183236,0.73836810235075,0.5999844139185472,0.0
2019-10-14,0.0006315776470980067,0.0,5.702662437697593e-06,0.0006258749846603091,0.7389115219163809,0.600146735932406,0.0
2019-10-15,0.0007931653356802922,0.0,1.896800050185173e-06,0.000791268535630107,0.7388689403146051,0.6004025366510874,0.0
2019-10-16,-0.00044091524455769647,0.0,1.8963866566589178e-06,-0.0004428116312143554,0.7391565967946965,0.6007203708585953,0.0
2019-10-17,0.0001426498388371245,0.0,1.9046502303780349e-06,0.00014074518860674647,0.7395848509127837,0.6005453840951872,0.0
2019-10-18,-0.00027785228505783376,5.316972244658977e-07,1.912710039604347e-06,-0.000280296692321904,0.7396278324359845,0.5999999995448673,0.0026574241919818387
2019-10-21,-0.00016684982107673823,0.0,5.758211820947e-06,-0.00017260803289768524,0.7400067821681645,0.5998902945251208,0.0
2019-10-22,0.0004419307644456629,0.0,1.9173809471089522e-06,0.00044001338349855393,0.7397957887980354,0.5998269796590819,0.0
2019-10-23,0.00048008232608749945,0.0,1.9138219177159516e-06,0.0004781685041697835,0.739713900230523,0.6000049002372584,0.0
2019-10-24,0.0007501390614997496,0.0,1.9127261085165586e-06,0.000748226335391233,0.7398269927115059,0.600197986789797,0.0
2019-10-25,0.0002712016760334092,0.0,1.9058712270430313e-06,0.00026929580480636615,0.7396274163963206,0.6004988168221792,0.0
2019-10-28,-0.0002479793782618197,0.0,5.7052284156511535e-06,-0.00025368460667747085,0.7394355019896732,0.6006082772088284,0.0
2019-10-29,-0.0007404635215983314,0.0,1.906203562863857e-06,-0.0007423697251611952,0.7396654987321672,0.6005126386431056,0.0
2019-10-30,0.0006088657787549028,0.0,1.9090668826922055e-06,0.0006069567118722106,0.7395796410505375,0.6002177586140065,0.0
2019-10-31,0.0009079861422312648,0.0,1.9136961786037696e-06,0.000906072446052661,0.7401619908866215,0.6004621698485463,0.0
2019-11-01,0.001357850969657418,2.2813370172662435e-07,1.912866686249732e-06,0.0013557099692694417,0.7396392683864909,0.6000000002902603,0.0011403526254985057
2019-11-04,-3.2346886546399184e-05,0.0,5.73949143141331e-06,-3.8086377977812495e-05,0.7402046463592408,0.6005436881948499,0.0
2019-11-05,-0.0012397214427437703,0.0,1.9061995963658954e-06,-0.0012416276423401363,0.7396867840160573,0.600534213481347,0.0
2019-11-06,0.0006176341297619617,0.0,1.8979103149949565e-06,0.0006157362194469668,0.7385869706848958,0.600039517690264,0.0
2019-11-07,-0.0012577403977956398,0.0,1.896561416393478e-06,-0.0012596369592120333,0.7387365164405719,0.6002875330438484,0.0
2019-11-08,0.00042911590763899374,0.0,1.8956996348045124e-06,0.00042722020800418925,0.7381713777237751,0.5997853043830457,0.0
2019-11-11,-0.00023194168669792226,0.0,5.671116711356256e-06,-0.0002376128034092785,0.7379552793734874,0.5999581060638183,0.0
2019-11-12,0.0003144845141054408,0.0,1.892809625531114e-06,0.0003125917044799097,0.7380438035245809,0.5998687008608093,0.0
2019-11-13,0.00026059575734013735,0.0,1.8884243092533446e-06,0.000258707333030884,0.7378506062932096,0.5999956317177156,0.0
2019-11-14,0.0011901773329242168,0.0,1.8873936156034546e-06,0.0011882899393086132,0.7378807108908115,0.6001009769517595,0.0
2019-11-15,0.0006957883108673712,4.233731296509147e-07,1.8873182759362774e-06,0.0006934776194617839,0.7377742336305118,0.5999999994871634,0.0021160587587072954
2019-11-18,-0.0003558455655163128,0.0,5.674800052095247e-06,-0.00036152036556840806,0.7383663086618822,0.6002795073942314,0.0
2019-11-19,-0.000354780686670554,0.0,1.8957113012651488e-06,-0.0003566763979718191,0.7385275498791724,0.6001406248868166,0.0
2019-11-20,7.045093179372577e-05,0.0,1.896207393027369e-06,6.855472440069841e-05,0.7384229896764202,0.5999998499854224,0.0
2019-11-21,-0.000274834901579577,0.0,1.8958963895373938e-06,-0.0002767307979691144,0.7384296025193327,0.6000291660831029,0.0
2019-11-22,0.0012605945672071056,0.0,1.8935336746166774e-06,0.001258701033532489,0.7381483058650549,0.5999203476180377,0.0
2019-11-25,0.0013724883810586272,0.0,5.655076275616227e-06,0.001366833304783011,0.7380320424225808,0.600425186382586,0.0
2019-11-26,0.0008616093600336302,0.0,1.8804725537015482e-06,0.0008597288874799287,0.7382507368430643,0.6009762404228514,0.0
2019-11-27,0.00046887131559283056,0.0,1.881015278160503e-06,0.0004669903003146701,0.7386349921601253,0.6013208768544084,0.0
2019-11-29,-0.0009963066572673798,0.0,3.7520051292049084e-06,-0.0010000586623965847,0.7384570365877704,0.6015088493717913,0.0
2019-12-02,-0.00213791295908298,4.0864734992936186e-07,5.641740556001416e-06,-0.0021439633469889107,0.7372823536392921,0.6000000001099242,0.0020426023373455726
2019-12-03,0.0007703342936047561,0.0,1.8959805986723136e-06,0.0007684383130060838,0.7375532192800688,0.5991466355769899,0.0
2019-12-04,0.0007435116482494594,0.0,1.893443547284962e-06,0.0007416182047021745,0.7376777036155515,0.5994563246637493,0.0
2019-12-05,0.0002672518391935281,0.0,1.891680668751679e-06,0.00026536015852477644,0.7378477358696165,0.5997550470507441,0.0
2019-12-06,0.0011458509280329742,0.0,1.8954995223716595e-06,0.0011439554285106025,0.7382345842506864,0.5998631191175553,0.0
2019-12-09,2.7745858224940136e-05,0.0,5.658424992118483e-06,2.2087433232821654e-05,0.7380105696486964,0.6003222281738133,0.0
2019-12-10,-7.063024418319553e-05,0.0,1.8862790949566846e-06,-7.251652327815222e-05,0.7380350880667855,0.6003367141349474,0.0
2019-12-11,0.0013834702793082353,0.0,1.8916308562493044e-06,0.001381578648451986,0.7383986687632249,0.6003096162570256,0.0
2019-12-12,0.00023371441836215023,0.0,1.8963833010738124e-06,0.00023181803506107642,0.7392989280963382,0.6008629471179499,0.0
2019-12-13,0.001447051631030856,0.0,1.894866278317873e-06,0.0014451567647525382,0.739282587101766,0.6009573487845613,0.0
2019-12-16,0.00024153909145549138,6.170328964489808e-07,5.824867731091516e-06,0.00023509719082795088,0.7417384482050221,0.6000000000817952,0.003073232547025464
2019-12-17,0.0006111697166997129,0.0,1.945400634110739e-06,0.0006092243160656021,0.7421147035316225,0.6001004572415387,0.0
2019-12-18,0.00045291289756521234,0.0,1.944952915291889e-06,0.00045096794464992044,0.7423274444653958,0.6003458816490879,0.0
2019-12-19,0.0001163131790970605,0.0,1.9389260450814055e-06,0.0001143742530519791,0.7420695769706985,0.600527975679756,0.0
2019-12-20,0.0006266741950502238,0.0,1.9399911066211426e-06,0.0006247342039436027,0.74219494925672,0.6005755984733764,0.0
2019-12-23,0.00020362364133163583,0.0,5.790423788007143e-06,0.0001978332175436287,0.7417272277184771,0.6008269155436367,0.0
2019-12-24,0.0005169028096170232,0.0,1.9321479316769797e-06,0.0005149706616853463,0.7419584579104485,0.600911658898029,0.0
2019-12-26,0.0008628589818227123,0.0,3.860471186939903e-06,0.0008589985106357724,0.7420262013801966,0.6011190030568901,0.0
2019-12-27,-8.031178185925281e-05,0.0,1.9315151435474412e-06,-8.224329700280025e-05,0.7424658098029624,0.6014652043239992,0.0
2019-12-30,-0.0005771529201990203,0.0,5.832463167508566e-06,-0.0005829853833665289,0.7433576268959233,0.6014343564865484,0.0
2019-12-31,-0.00030444998267295715,5.160104490728599e-07,1.990176614958809e-06,-0.00030695616973698883,0.7452828933288878,0.6000000004368947,0.0024571277867801167
2020-01-02,0.001982085382723581,0.0,3.98660858551417e-06,0.0019780987741380668,0.7453909005965828,0.5998796872253155,0.0
2020-01-03,-6.759201467970258e-05,0.0,1.9813933422262052e-06,-6.957340802192878e-05,0.7453152949164495,0.6006735809339365,0.0
2020-01-06,-0.0004260722647450944,0.0,5.93989643381157e-06,-0.00043201216117890595,0.7451852579216102,0.6006477780321954,0.0
2020-01-07,-0.00010230340117329555,0.0,1.985636583986732e-06,-0.00010428903775728228,0.745432591545275,0.6004811209142435,0.0
2020-01-08,0.0007957338225737341,0.0,1.9773778090773538e-06,0.0007937564447646568,0.7447900170354087,0.6004414369727618,0.0
2020-01-09,0.0014042014205248214,0.0,1.9702368126239036e-06,0.0014022311837121975,0.7445876007463408,0.6007603134247957,0.0
2020-01-10,6.645353882384956e-05,0.0,1.9670031800517123e-06,6.448653564379785e-05,0.7449125554780851,0.6013213233343102,0.0
2020-01-13,0.00023080531842858943,0.0,5.906470598414314e-06,0.0002248988478301751,0.7450731158542908,0.6013489979595424,0.0
2020-01-14,0.00018890334302611514,0.0,1.971866287565676e-06,0.00018693147673854945,0.7453907780863894,0.6014445390940951,0.0
2020-01-15,0.0007714818278241527,5.762103555764848e-07,2.0116716476470695e-06,0.0007688939458209292,0.7468520303418128,0.6000000000635767,0.0027615177507872984
2020-01-16,0.0012614606899023122,0.0,2.013995361584319e-06,0.0012594466945407279,0.7473315686337645,0.6003099072381092,0.0
2020-01-17,0.00017746500028122632,0.0,2.0074482131621817e-06,0.00017545755206806413,0.7473583934338099,0.6008146738729705,0.0
2020-01-21,0.00027403192903205673,0.0,8.005453981179101e-06,0.00026602647505087764,0.7469862439187805,0.6008867087622621,0.0
2020-01-22,0.0003663823664095922,0.0,1.9994575109165277e-06,0.0003643829088986756,0.7469612568482977,0.6010008585513912,0.0
2020-01-23,0.00012068134043264749,0.0,1.999093816147767e-06,0.00011868224661649972,0.7470820413694194,0.6011481927906325,0.0
2020-01-24,-0.0006952704261434792,0.0,1.9935759517138743e-06,-0.0006972640020951931,0.7467285671335285,0.6011975226584158,0.0
2020-01-27,-0.0015325952027797675,0.0,5.964794754277199e-06,-0.0015385599975340446,0.7460645920108213,0.600921252990076,0.0
2020-01-28,0.001891487001851803,0.0,1.988974081455359e-06,0.0018894980277703477,0.7455073821847098,0.6003122742384686,0.0
2020-01-29,0.0010233015390024337,0.0,1.986144848403766e-06,0.00102131539415403,0.7460566182894288,0.601068044355954,0.0
2020-01-30,0.00019423517840212672,4.17906573517641e-07,1.9958997907950494e-06,0.00019182137203781403,0.7457006847909479,0.6000000000629092,0.002087165414478291
2020-01-31,-0.0015162582506727704,0.0,1.998922499203197e-06,-0.0015182571731719736,0.7460004696816264,0.6000791272397931,0.0
2020-02-03,0.0007351887711210994,0.0,6.036178584170282e-06,0.0007291525925369291,0.7463533687548703,0.5994730232067269,0.0
2020-02-04,0.0012552128744226618,0.0,2.0039559244332023e-06,0.0012532089184982287,0.7460596699639374,0.5997708874803135,0.0
2020-02-05,0.001456623828317915,0.0,1.9994897341055012e-06,0.0014546243385838095,0.7462365824248409,0.6002738318351393,0.0
2020-02-06,0.0006775165921445059,0.0,1.989087984674629e-06,0.0006755275041598313,0.7460598581499686,0.6008564352687206,0.0
2020-02-07,0.00023330822274355184,0.0,1.9834554065720797e-06,0.00023132476733697977,0.7459201181285953,0.6011278734488334,0.0
2020-02-10,0.001354409004969755,0.0,5.934505247760327e-06,0.0013484744997219948,0.7456283984703942,0.6012221041082262,0.0
2020-02-11,-2.1213545463073864e-05,0.0,1.969193558973899e-06,-2.3182739022047764e-05,0.7455161780958466,0.6017650482907518,0.0
2020-02-12,0.0010282391355096543,0.0,1.970314241595397e-06,0.0010262688212680589,0.7455907247754404,0.6017577851389763,0.0
2020-02-13,0.00015570077482385744,1.0885913549593548e-06,2.0646388148347553e-06,0.00015254754465406333,0.7507186338038143,0.6000000003208773,0.005392872732254091
2020-02-14,0.0009403062717144771,0.0,2.058367777694078e-06,0.0009382479039367831,0.7503250105527018,0.6000641627810341,0.0
2020-02-18,0.0002291917403736792,0.0,8.219845244495669e-06,0.00022097189512918354,0.7504532821552367,0.6004411064431908,0.0
2020-02-19,0.0005484038578472018,0.0,2.0481750442728728e-06,0.000546355682802929,0.7500543744847439,0.600537596252824,0.0
2020-02-20,0.00053543857837841,0.0,2.0475641876727596e-06,0.0005333910141907373,0.7502299583876867,0.6007577726875754,0.0
2020-02-21,-0.0005448976550751281,0.0,2.0421662868364256e-06,-0.0005469398213619645,0.7500507967895409,0.6009726578504819,0.0
2020-02-24,-0.003581815033073638,0.0,6.1593965066721135e-06,-0.00358797442958031,0.7506349860884847,0.6007563377594631,0.0
2020-02-25,-0.00356953730753249,0.0,2.0604876309746857e-06,-0.0035715977951634647,0.7497404821502524,0.5993248850891005,0.0
2020-02-26,-0.0005606708779898656,0.0,2.0733558725082006e-06,-0.0005627442338623738,0.7492457518417931,0.5978907731486943,0.0
2020-02-27,-0.006916859547251662,0.0,2.0743539165419885e-06,-0.006918933901168205,0.7490942715186828,0.5976664356111178,0.0
2020-02-28,0.000886725566825443,3.8082740770761926e-06,2.107104031361309e-06,0.0008808101887170056,0.7538185943974492,0.6000000001080736,0.018996127617560754
2020-03-02,0.004211603190641107,0.0,6.347502546215153e-06,0.004205255688094892,0.7548138195895354,0.6003579242983,0.0
2020-03-03,-0.0001950166076614045,0.0,2.1236800009383045e-06,-0.00019714028766234278,0.757066444655251,0.6020378045867546,0.0
2020-03-04,0.005608964165027387,0.0,2.134388348124969e-06,0.0056068297766792615,0.7577718082473723,0.6019614588342496,0.0
2020-03-05,-0.004996704611276387,0.0,2.115509153179633e-06,-0.004998820120429567,0.7586150406614135,0.6041828724793002,0.0
2020-03-06,-0.0023109464157999604,0.0,2.1428449495621626e-06,-0.0023130892607495226,0.7586241208645178,0.60219643954648,0.0
2020-03-09,-0.02013991051309288,0.0,6.482644524900071e-06,-0.020146393157617782,0.759020648986265,0.6012762988803633,0.0
2020-03-10,0.003242695634048867,0.0,2.233571173697496e-06,0.0032404620628751694,0.7561356058227761,0.5930849101428589,0.0
2020-03-11,-0.014635176115930475,0.0,2.1967851270999154e-06,-0.014637372901057575,0.7547667846403758,0.594401470362082,0.0
2020-03-12,-0.0240061627200507,0.0,2.2239190995246106e-06,-0.024008386639150225,0.7507247056533415,0.5883786113880449,0.0
2020-03-13,0.01812569209581713,2.429652217829994e-06,2.2600631709538216e-06,0.018121002380428346,0.7310993335992505,0.5661147221196218,0.012140706453749636
2020-03-16,-0.019922672333272985,0.0,6.616905194870613e-06,-0.019929289238467856,0.7348531848780088,0.5738418251361573,0.0
2020-03-17,0.0010328562067964879,0.0,2.261199625830754e-06,0.0010305950071706571,0.7302504178830891,0.5651828451974441,0.0
2020-03-18,-0.025620322711754875,0.0,2.2235006641189555e-06,-0.025622546212418995,0.7279483115833784,0.5656327631026948,0.0
2020-03-19,-0.004843226082354377,0.0,2.262020482559042e-06,-0.004845488102836935,0.7193402782625978,0.5542127830357879,0.0
2020-03-20,0.0007661976162226208,0.0,2.2285106187170122e-06,0.0007639691056039039,0.7147257570891691,0.5520444819228273,0.0
2020-03-23,0.005390983794409434,0.0,6.669574318762239e-06,0.005384314220090672,0.7146816467494974,0.5523886716596162,0.0
2020-03-24,0.015266340119287805,0.0,2.222513203752996e-06,0.015264117606084052,0.7170359422972207,0.5547924784232521,0.0
2020-03-25,0.015044841840781992,0.0,2.19866092428414e-06,0.015042643179857708,0.7219904441468209,0.5614881966740789,0.0
2020-03-26,0.011798013020065681,0.0,2.1870884881504326e-06,0.011795825931577531,0.7276464425497647,0.5679889829147833,0.0
2020-03-27,-0.0055679343242104416,9.645701086618392e-07,2.194485324940867e-06,-0.005571093379644044,0.7335312399322245,0.5733338112115411,0.004808636849595663
2020-03-30,0.004840946639459841,0.0,6.6574365190312005e-06,0.004834289202940809,0.7329442960867636,0.5709466741236708,0.0
2020-03-31,-0.0033376890403412117,0.0,2.194938303087128e-06,-0.003339883978644299,0.7332479846307134,0.5730174885053532,0.0
2020-04-01,-0.010896075336816226,0.0,2.1984498035776057e-06,-0.010898273786619804,0.7320756755348432,0.5715888398736778,0.0
2020-04-02,0.004964434105087295,0.0,2.206209129537647e-06,0.004962227895957757,0.7279239428257916,0.5668706763695431,0.0
2020-04-03,-0.0034998230384324265,0.0,2.176833236465747e-06,-0.0035019998716688924,0.7279203717723765,0.5690115455103769,0.0
2020-04-06,0.0115753952194849,0.0,6.533887347322129e-06,0.011568861332137578,0.7264903630470816,0.567499104262243,0.0
2020-04-07,0.0005191609048345655,0.0,2.1476686903836732e-06,0.0005170132361441819,0.729231697425668,0.5724518830276599,0.0
2020-04-08,0.007633745443139764,0.0,2.167642155720796e-06,0.0076315778009840435,0.7309128407640282,0.5726749633964101,0.0
2020-04-09,0.014462533339901914,0.0,2.1414178613564288e-06,0.014460391922040556,0.7322370834295858,0.5759135795505664,0.0
2020-04-13,-0.003180624594164834,1.4242063264949609e-06,8.502293992819715e-06,-0.0031905510944841486,0.7380718966436031,0.5829050312746432,0.0071118090501572084
2020-04-14,0.0024429296043421223,0.0,2.130074018377235e-06,0.002440799530323745,0.7370753706231568,0.5815799672816186,0.0
2020-04-15,-0.0023926161622587127,0.0,2.1359676140461226e-06,-0.002394752129872759,0.7385265207450498,0.5826008849196826,0.0
2020-04-16,-0.0005798120335925069,0.0,2.1260500212886728e-06,-0.0005819380836137955,0.7368027106865911,0.581601059132518,0.0
2020-04-17,0.0030556393699099934,0.0,2.1153878289825637e-06,0.003053523982081011,0.7357828738842678,0.5813595623685406,0.0
2020-04-20,-0.004017373578486651,0.0,6.344378715286795e-06,-0.004023717957201938,0.7370159904805774,0.5826361084085986,0.0
2020-04-21,-0.005940398294679147,0.0,2.1178451416479192e-06,-0.005942516139820795,0.7355590346251407,0.5809563392848427,0.0
2020-04-22,0.002638345722968075,0.0,2.1303245895937577e-06,0.002636215398378481,0.7339671047538647,0.5784534097135203,0.0
2020-04-23,0.0005458633421865239,0.0,2.118639961608053e-06,0.0005437447022249158,0.734224617355934,0.5795639001585462,0.0
2020-04-24,-0.0005090536710639929,0.0,2.111223546421545e-06,-0.0005111648946104144,0.733913822199951,0.5797945033111781,0.0
2020-04-27,0.0003890003233117976,3.2868459697567914e-07,6.351888819993975e-06,0.0003823197498948279,0.7325011323207246,0.5779385043675378,0.0016432070970353319
2020-04-28,0.0006426374794190898,0.0,2.1178518474961318e-06,0.0006405196275715936,0.732709668032011,0.5781064831647934,0.0
2020-04-29,0.005277319748925598,0.0,2.117366284336081e-06,0.005275202382641261,0.7329463965182814,0.5783786577617476,0.0
2020-04-30,-0.001474948471211347,0.0,2.1145161692465107e-06,-0.0014770629873805936,0.7349529110716466,0.5805932307166513,0.0
2020-05-01,-0.0042149139712165384,0.0,2.1326494430370467e-06,-0.004217046620659575,0.7356583511072344,0.5799749417655301,0.0
2020-05-04,0.0010321932706987668,0.0,6.435739897076812e-06,0.0010257575308016901,0.7348013212155166,0.5781983170533141,0.0
2020-05-05,0.002812031648413786,0.0,2.1280710943314994e-06,0.0028099035773194547,0.7339861589815625,0.5786369690953631,0.0
2020-05-06,-0.0020568937428518267,0.0,2.1141824790911125e-06,-0.0020590079253309176,0.7341550840908446,0.5798197631171935,0.0
2020-05-07,0.0022645868220871313,0.0,2.1082508434541476e-06,0.002262478571243677,0.7328572537608705,0.5789549421887176,0.0
2020-05-08,0.002020601096261345,0.0,2.11068399931225e-06,0.002018490412262033,0.7339874326669229,0.5799075007171288,0.0
2020-05-11,-0.0006058746450207197,2.421219491347724e-07,6.3232844682324115e-06,-0.0006124400514380869,0.7358329309967272,0.5819663422697386,0.001210490575319606
2020-05-12,-0.0009063353098157766,0.0,2.103807861949315e-06,-0.000908439117677726,0.7352947081736654,0.5817167342513654,0.0
2020-05-13,-0.0018047436450703293,0.0,2.112272417983939e-06,-0.0018068559174883132,0.7355343960970959,0.5813385095842684,0.0
2020-05-14,0.0021037477081232536,0.0,2.1096030948204553e-06,0.0021016381050284333,0.734583821320549,0.580582795398656,0.0
2020-05-15,0.0012415299304835287,0.0,2.101929821253235e-06,0.0012394280006622755,0.7349053920765565,0.5814645151250704,0.0
2020-05-18,0.005220016695965855,0.0,6.308561628309961e-06,0.0052137081343375455,0.7354930498570111,0.5819847169014688,0.0
2020-05-19,-0.00017527313636524203,0.0,2.109740493868904e-06,-0.00017738287685911095,0.7381701546059887,0.5841590985535586,0.0
2020-05-20,0.004850003945080673,0.0,2.111161325971341e-06,0.004847892783754701,0.7382022093222201,0.5840874325263122,0.0
2020-05-21,-0.00025671046203399077,0.0,2.1103705029423674e-06,-0.00025882083253693316,0.7401531521062715,0.5860961053914787,0.0
2020-05-22,0.0005642373905205251,0.0,2.105271625384992e-06,0.0005621321188951401,0.7396758902769777,0.5859910616238734,0.0
2020-05-26,0.0016082296037690112,4.093750739538893e-07,8.383579259826511e-06,0.0015994366494352307,0.7412726618562219,0.588272340364388,0.0020465776804915194
2020-05-27,0.0019593666975133268,0.0,2.106381905769401e-06,0.001957260315607557,0.742704479108237,0.5889385999870708,0.0
2020-05-28,-0.0007786371189511791,0.0,2.1050887137673487e-06,-0.0007807422076649464,0.7434151608790122,0.5897436847739957,0.0
2020-05-29,0.0019398235270108367,0.0,2.120686281392501e-06,0.001937702840729444,0.7442353353573421,0.5894252368156895,0.0
2020-06-01,0.0011807287829291105,0.0,6.361992176011477e-06,0.0011743667907530989,0.7450298629680074,0.5902213866850615,0.0
2020-06-02,0.0025298511398431337,0.0,2.1243448758951787e-06,0.0025277267949672384,0.7457855830719845,0.5907084071316364,0.0
2020-06-03,0.0010991328915230772,0.0,2.1234584375754996e-06,0.0010970094330855016,0.7467549608543829,0.5917424949113714,0.0
2020-06-04,-0.0019025968500960778,0.0,2.1344839836920603e-06,-0.00190473133407977,0.7480093184158132,0.5921919876062927,0.0
2020-06-05,0.004304189359979448,0.0,2.1541820003240663e-06,0.004302035177979124,0.7486711651362715,0.5914158791126146,0.0
2020-06-08,0.0020483805010524415,0.0,6.4145321303535164e-06,0.002041965968922088,0.7492551863521857,0.5931682378469169,0.0
2020-06-09,-0.0016725885308000092,1.9268371304101377e-06,2.0309477034579465e-06,-0.0016765463156338772,0.7461912380498266,0.5979320556973965,0.00952111592609868
2020-06-10,-0.0001099845988706787,0.0,2.040192548063352e-06,-0.00011202479141874205,0.7461948585732333,0.5972608025646086,0.0
2020-06-11,-0.009681714580513758,0.0,2.04961218626667e-06,-0.009683764192700025,0.7468394107538489,0.597217721156382,0.0
2020-06-12,0.003588442899762955,0.0,2.0541045607951454e-06,0.00358638879520216,0.7432308347724398,0.5932812018343941,0.0
2020-06-15,0.003302496773701327,0.0,6.115312717389506e-06,0.003296381460983938,0.743542630530958,0.5947366877411466,0.0
2020-06-16,0.0021912048181480233,0.0,2.0421221722543956e-06,0.002189162695975769,0.745149214829874,0.5960742962553031,0.0
2020-06-17,-0.0007565190159141755,0.0,2.0277777311946174e-06,-0.00075854679364537,0.7449864358179923,0.5969586614407852,0.0
2020-06-18,0.00036633317458598845,0.0,2.025905833279264e-06,0.0003643072687527092,0.744545858788857,0.5966547329594708,0.0
2020-06-19,-0.0003506620282456398,0.0,2.0185832729019663e-06,-0.00035268061151854177,0.7441602251495616,0.5968036462277181,0.0
2020-06-22,0.00024848126742059353,0.0,6.051647182102082e-06,0.00024242962023849146,0.743920163915651,0.5966634158178336,0.0
2020-06-23,0.0001923400584871287,1.101799733292363e-06,2.02738172059953e-06,0.00018921087703323682,0.7479988656013319,0.5999999999975663,0.005495168135340734
2020-06-24,-0.003238997976900524,0.0,2.0347734625393034e-06,-0.0032410327503630634,0.7486172613856465,0.6000787986202772,0.0
2020-06-25,0.001368511209997024,0.0,2.0320027782642056e-06,0.0013664792072187598,0.747116670562918,0.598780467749631,0.0
2020-06-26,-0.0026874852096489947,0.0,2.022863848955762e-06,-0.0026895080734979505,0.7469990679406161,0.5993300069668456,0.0
2020-06-29,0.0010644270799552219,0.0,6.084603998220576e-06,0.0010583424759570013,0.7463102213511755,0.5982515240611413,0.0
2020-06-30,0.0023298221749918626,0.0,2.029163496374583e-06,0.002327793011495488,0.7468112754262121,0.5986823401908674,0.0
2020-07-01,0.0012873710584946265,0.0,2.0265425917788942e-06,0.0012853445159028477,0.7475539887478284,0.5996163795479692,0.0
2020-07-02,0.0022339482944512927,0.0,2.0283996812902976e-06,0.002231919894770002,0.7482055504852388,0.6001323737510472,0.0
2020-07-06,0.002127261780954303,0.0,8.083199639602684e-06,0.0021191785813147006,0.7485432760754033,0.6010248826526543,0.0
2020-07-07,-0.0014678272180556648,0.0,2.0293857891816276e-06,-0.0014698566038448464,0.7500218229167527,0.6018766603064939,0.0
2020-07-08,0.0006317261551120567,8.215255173941482e-07,2.02477215766478e-06,0.0006288798574369978,0.7478083674503948,0.5999999999408658,0.004102516767042735
2020-07-09,-6.679860619474974e-05,0.0,2.0346758515835925e-06,-6.883328204633333e-05,0.7487855754617745,0.6002542382961722,0.0
2020-07-10,0.0009231248040709138,0.0,2.027269523125394e-06,0.0009210975345477884,0.7482194305933443,0.6002287554051906,0.0
2020-07-13,-0.0018634064804125636,0.0,6.0768655323698045e-06,-0.0018694833459449334,0.7484690648758358,0.6005986702548373,0.0
2020-07-14,0.002536562482026969,0.0,2.0358380036758467e-06,0.002534526644023293,0.7484728601269276,0.5998566858585908,0.0
2020-07-15,0.001773155268142253,0.0,2.037864750398764e-06,0.0017711174033918542,0.7496344532676394,0.6008703264885298,0.0
2020-07-16,0.0005667954950228669,0.0,2.0375756595980625e-06,0.0005647579193632688,0.7503210396128763,0.6015780164622176,0.0
2020-07-17,0.0006597738540938808,0.0,2.0322209161701425e-06,0.0006577416331777107,0.7501570647330966,0.6018049378526764,0.0
2020-07-20,0.0022637748938138707,0.0,6.122524523134728e-06,0.0022576523692907358,0.751050136115711,0.6020687060527659,0.0
2020-07-21,0.000843700382661044,0.0,2.0372785767219954e-06,0.000841663104084322,0.7516925177304649,0.6029711816297592,0.0
2020-07-22,0.0009782157099020785,1.3006718743501614e-06,2.047686219534984e-06,0.0009748673518081934,0.7494810940549539,0.6000000000289001,0.006494642534947539
2020-07-23,-0.0009198640157506911,0.0,2.055282413059134e-06,-0.0009219192981637502,0.7504285284436701,0.6003929122903533,0.0
2020-07-24,-0.0007969952446243437,0.0,2.0603176991685074e-06,-0.0007990555623235122,0.7504294160692411,0.6000262240299401,0.0
2020-07-27,-0.00010161811352087623,0.0,6.209825105169555e-06,-0.00010782793862604578,0.750814173367186,0.5997084291413936,0.0
2020-07-28,-0.0008546913906347562,0.0,2.087539325679146e-06,-0.0008567789299604354,0.7520618431411685,0.5996714723665908,0.0
2020-07-29,0.00229710739691433,0.0,2.083200909984549e-06,0.0022950241960043457,0.7514039409561303,0.5993302745272583,0.0
2020-07-30,-0.0005352782755121768,0.0,2.0884341693271673e-06,-0.0005373667096815039,0.752705488483897,0.6002497941230138,0.0
2020-07-31,0.001665735941450634,0.0,2.101759478372515e-06,0.0016636341819722615,0.7534653976532841,0.6000369557320908,0.0
2020-08-03,0.0011824067645821936,0.0,6.26022843053216e-06,0.0011761465361516614,0.7530355662050745,0.6007033410621254,0.0
2020-08-04,0.0010386047897671547,0.0,2.08129380337213e-06,0.0010365234959637825,0.753113121258296,0.6011786736121303,0.0
2020-08-05,0.0003079037114447357,4.188210538864097e-05,2.084776723769881e-06,0.0002639368293323248,0.7521887008734025,0.6000000000382012,0.20498418484257883
2020-08-06,0.0013539550118342096,0.0,2.094765614229581e-06,0.00135186024621998,0.7530673920316711,0.6001495021929116,0.0
2020-08-07,-0.00015544539362546907,0.0,2.094295411035963e-06,-0.00015753968903650504,0.7535749713778507,0.6006914063722255,0.0
2020-08-10,0.00029832483297712265,0.0,6.237337957003233e-06,0.0002920874950201194,0.7524058077544622,0.6006305841340501,0.0
2020-08-11,-0.0016681292278234907,0.0,2.0710922684413294e-06,-0.001670200320091932,0.7519431719968815,0.6007534364006645,0.0
2020-08-12,0.00022742079173867114,0.0,2.073703716212601e-06,0.00022534708802245853,0.7514679449139215,0.6000875736304017,0.0
2020-08-13,-0.001827765251664584,0.0,2.082410710355235e-06,-0.0018298476623749393,0.7521957275200968,0.6001797456641647,0.0
2020-08-14,-0.0012629369898890192,0.0,2.091834928043461e-06,-0.0012650288248170626,0.7521528302924518,0.5994488805452792,0.0
2020-08-17,0.0005054828204469845,0.0,6.297331799880068e-06,0.0004991854886471044,0.752178698301911,0.5989436245048294,0.0
2020-08-18,0.0003823501588389588,0.0,2.1049757907628025e-06,0.000380245183048196,0.7528132530552896,0.5991500203296051,0.0
2020-08-19,-0.0007328412984118458,3.3297554908418704e-07,2.1147835414745756e-06,-0.0007352890575024045,0.7543791994738224,0.6000000009461784,0.001662588388919613
2020-08-20,0.0003664166737958129,0.0,2.1005969606379202e-06,0.000364316076835175,0.7530516965915376,0.5997081184649692,0.0
2020-08-21,0.0015254009796324382,0.0,2.102563034002334e-06,0.0015232984165984358,0.7533430994370944,0.5998559979549241,0.0
2020-08-24,0.0010710915376783703,0.0,6.262097132486298e-06,0.001064829440545884,0.7528444058380965,0.6004667089475965,0.0
2020-08-25,-0.0011506509794894865,0.0,2.0855525523835774e-06,-0.00115273653204187,0.753143282984908,0.6008979466609069,0.0
2020-08-26,0.0006471681512516584,0.0,2.096101614796224e-06,0.0006450720496368621,0.7534548620441082,0.6004394441639839,0.0
2020-08-27,-0.0018217759986551988,0.0,2.094205473172477e-06,-0.0018238702041283713,0.7535761176454961,0.6006991181039053,0.0
2020-08-28,0.0016650490930555585,0.0,2.097072399634864e-06,0.0016629520206559237,0.7530578976258703,0.5999716124525251,0.0
2020-08-31,0.0005624732199180597,0.0,6.321614048805365e-06,0.0005561516058692544,0.7544637715073405,0.6006378296530767,0.0
2020-09-01,0.002218348528391925,0.0,2.1114055556733312e-06,0.002216237122836252,0.7549987357739193,0.6008661302097662,0.0
2020-09-02,0.002264991434066969,1.1042841238008134e-06,2.10316656691095e-06,0.002261783983376257,0.7535311593963521,0.6000000000118526,0.005509880437147188
2020-09-03,-0.0033854508611546232,0.0,2.0877349646663703e-06,-0.0033875385961192896,0.7533105245893768,0.6009058721687316,0.0
2020-09-04,-0.002522822710119624,0.0,2.0950792336309494e-06,-0.0025249177893532553,0.7524922089548425,0.5995514248997832,0.0
2020-09-08,-0.0016783025973760588,0.0,8.395442770808565e-06,-0.0016866980401468673,0.7517566967125875,0.5985398661453312,0.0
2020-09-09,0.0018462048303292862,0.0,2.0920259464949886e-06,0.0018441128043827912,0.7505878837819583,0.597869989687824,0.0
2020-09-10,-0.0014982202119833564,0.0,2.0923199102364275e-06,-0.001500312531893593,0.7513516393840559,0.5986122859367965,0.0
2020-09-11,4.7639636575150844e-05,0.0,2.098311869722877e-06,4.554132470542797e-05,0.7511880360164678,0.5980112695266977,0.0
2020-09-14,0.000965940513613993,0.0,6.30915130591102e-06,0.000959631362308082,0.7515543557857908,0.5980316740086228,0.0
2020-09-15,0.0009074659731753569,0.0,2.104453453700656e-06,0.0009053615197216563,0.7520484508290262,0.5984233487088784,0.0
2020-09-16,-0.00018755708073840344,0.0,2.099200510499877e-06,-0.0001896562812489033,0.7520303317061546,0.5987886944396635,0.0
2020-09-17,-0.0008316603036921936,4.182211282095823e-05,4.831764498088764e-06,-0.0008783141810112407,0.9527188086336351,0.6000000002731555,0.20338931538257815
2020-09-18,-0.001742508557142228,0.0,4.834655412742229e-06,-0.0017473432125549703,0.9526249057756933,0.5996950606455105,0.0
2020-09-21,-0.0019524145640864908,0.0,1.4541827697174016e-05,-0.0019669563917836647,0.9528503499222832,0.5989992092910489,0.0
2020-09-22,0.0006569422898035733,0.0,4.860753914997961e-06,0.0006520815358885753,0.9530585100081322,0.5982234742132811,0.0
2020-09-23,-0.00410207506615246,0.0,4.857596306372209e-06,-0.004106932662458832,0.9530946824906438,0.5984901521254725,0.0
2020-09-24,0.0005237212993437824,0.0,4.884814295877716e-06,0.0005188364850479047,0.9534306992918355,0.5968392556927623,0.0
2020-09-25,0.0018165011879167252,0.0,4.877977860645183e-06,0.00181162321005608,0.953145587833451,0.5970532040063529,0.0
2020-09-28,0.002178044213658266,0.0,1.4607367130143648e-05,0.0021634368465281223,0.9532326743600262,0.597786740859864,0.0
2020-09-29,-0.000396458389310826,0.0,4.857464325950874e-06,-0.0004013158536367769,0.953264496993805,0.5986696011993912,0.0
2020-09-30,0.0002166729136816173,0.0,4.858072552559615e-06,0.00021181484112905768,0.9531526320371619,0.5985133357003101,0.0
2020-10-01,0.000880677813969644,1.0501699804609376e-06,4.765909102976937e-06,0.0008748617348862061,0.9479113651085409,0.6000000005912246,0.005226919330434406
2020-10-02,-0.0010465413584716727,0.0,4.762033220113369e-06,-0.0010513033916917862,0.9479838754625899,0.6003554503943139,0.0
2020-10-05,3.286519216082896e-05,0.0,1.4299115161395654e-05,1.8566076999433307e-05,0.9478847631951105,0.5999396276011496,0.0
2020-10-06,-0.0008355379294340951,0.0,4.767295077581449e-06,-0.0008403052245116766,0.9479738945280638,0.599961353864618,0.0
2020-10-07,0.0009391877038739966,0.0,4.773228470075278e-06,0.0009344144754039214,0.9480753662101894,0.5996296878946942,0.0
2020-10-08,0.002370641806045147,0.0,4.767797621048182e-06,0.0023658740084240987,0.9480574455696726,0.6000082192331553,0.0
2020-10-09,0.001247794218738765,0.0,4.754550978475985e-06,0.001243039667760289,0.9480392937503632,0.6009570723216162,0.0
2020-10-12,0.0023983662397881913,0.0,1.423395730560914e-05,0.002384132282482582,0.9478168591131563,0.6014572313433338,0.0
2020-10-13,-0.0007567031528110832,0.0,4.7267573482508565e-06,-0.0007614299101593341,0.9474726365851192,0.6024193501628068,0.0
2020-10-14,-0.00011287040873736242,0.0,4.73671365356122e-06,-0.00011760712239092364,0.9479012167503019,0.602121120040333,0.0
2020-10-15,-0.000954350410750131,1.2971835786198134e-06,4.7613541995836636e-06,-0.0009604089485283345,0.9475788567473421,0.6000000001777347,0.006478585703862269
2020-10-16,-1.9092033905125966e-05,0.0,4.771893889469813e-06,-2.386392779459578e-05,0.9479697855830094,0.5996215316517132,0.0
2020-10-19,-0.0021849458961822835,0.0,1.4312906697752382e-05,-0.002199258802880036,0.9478974784739144,0.5996167488286067,0.0
2020-10-20,-0.00029044816749631826,0.0,4.781559944904338e-06,-0.0002952297274412226,0.9478024820530635,0.5987486060750471,0.0
2020-10-21,-0.0007704991843663489,0.0,4.783644460712208e-06,-0.0007752828288270611,0.9478409383557577,0.5986348927237665,0.0
2020-10-22,-0.0009344064363287178,0.0,4.779495743930901e-06,-0.0009391859320726487,0.9472314564778951,0.5983282671709397,0.0
2020-10-23,0.0012001461096259561,0.0,4.7884340683311375e-06,0.001195357675557625,0.9475111390713865,0.5979554520832134,0.0
2020-10-26,-0.0009971611455346604,0.0,1.4348461480167807e-05,-0.0010115096070148282,0.9475861440663882,0.5984402480489717,0.0
2020-10-27,0.0015094117452188385,0.0,4.7881490741162645e-06,0.0015046235961447222,0.9475829006298093,0.598048018219322,0.0
2020-10-28,-0.003971381276099155,0.0,4.775577750891254e-06,-0.003976156853850047,0.947273852817395,0.5986566770023334,0.0
2020-10-29,-0.00041731900455949447,1.6852598861886257e-06,4.644374456819276e-06,-0.00042364863890250235,0.9390393356693628,0.6000000003215556,0.008368372420846643
2020-10-30,-0.0021047219742373574,0.0,4.6460397332501366e-06,-0.0021093680139706076,0.9389977018887166,0.5998368013614566,0.0
2020-11-02,0.001877338092311355,0.0,1.3963428301277072e-05,0.001863374664010078,0.938772336838436,0.5989955815073605,0.0
2020-11-03,0.0017967424006937668,0.0,4.647805892239808e-06,0.001792094594801527,0.9390451808081264,0.5997553506746205,0.0
2020-11-04,0.006557085431775405,0.0,4.635182940636352e-06,0.006552450248834769,0.9388443379777675,0.6004759833113139,0.0
2020-11-05,0.0024440244043768176,0.0,4.601908129601495e-06,0.002439422496247216,0.9390207012832453,0.6030814078223362,0.0
2020-11-06,-0.0013899129952100369,0.0,4.583786021159018e-06,-0.001394496781231196,0.9386682739911077,0.6040518944464995,0.0
2020-11-09,-0.0008845097265658,0.0,1.3764333474939234e-05,-0.0008982740600407393,0.9384356797873196,0.6035035652304649,0.0
2020-11-10,-0.0008121312171735181,0.0,4.599167445363108e-06,-0.0008167303846188812,0.9389000827693091,0.6031608592578023,0.0
2020-11-11,0.0014978726501708435,0.0,4.60518411788343e-06,0.00149326746605296,0.9390195272787019,0.6028410866732112,0.0
2020-11-12,0.0003178290260136549,1.9595199385680213e-06,4.596616765670879e-06,0.000311272889309416,0.9355530239140448,0.6000000000200706,0.009787174681875899
2020-11-13,0.0014674113285943504,0.0,4.598028916919781e-06,0.0014628132996774305,0.9357871354632592,0.6001310245281153,0.0
2020-11-16,0.0012851729619521564,0.0,1.3770619002735397e-05,0.001271402342949421,0.9358047574972377,0.600719695097343,0.0
2020-11-17,0.0004354501101244272,0.0,4.581599498901129e-06,0.00043086851062552607,0.9356972129628526,0.6012404495430702,0.0
2020-11-18,-0.0005790494551583654,0.0,4.577191172311314e-06,-0.0005836266463306768,0.9355517236847815,0.6014167681060555,0.0
2020-11-19,0.0015831518979083246,0.0,4.579793459254828e-06,0.0015785721044490697,0.9355135108561191,0.6011885883305167,0.0
2020-11-20,4.2786508083715054e-05,0.0,4.5719406800784475e-06,3.8214567403636605e-05,0.9355733908931391,0.6018217212474124,0.0
2020-11-23,0.00016117831191628552,0.0,1.3714963876205e-05,0.00014746334804008053,0.9355722962969195,0.6018415086425978,0.0
2020-11-24,0.0009506938573968112,0.0,4.572816190817101e-06,0.0009461210412059941,0.9357295086412976,0.6019139267116491,0.0
2020-11-25,9.575020367108967e-05,0.0,4.564635648278523e-06,9.118556802281115e-05,0.9355131791320319,0.6022947768076997,0.0
2020-11-27,0.0014538998696260012,6.620924224471902e-07,9.127931365225458e-06,0.0014441098458383287,0.9331694948318504,0.6000000000011211,0.0033091743680082938
2020-11-30,-0.00018567517202868492,0.0,1.3674731215244981e-05,-0.0001993499032439299,0.933338379771668,0.6005865868673735,0.0
2020-12-01,-0.00017308475372122267,0.0,4.559688191523332e-06,-0.000177644441912746,0.9333778634051222,0.600520625423919,0.0
2020-12-02,-0.000264607973694004,0.0,4.558026412602672e-06,-0.00026916600010660666,0.9331901361428713,0.600454208022876,0.0
2020-12-03,0.0017364973518821482,0.0,4.560998373109267e-06,0.001731936353509039,0.9333040754157549,0.6003511941787782,0.0
2020-12-04,-0.0004313337886879469,0.0,4.546406162900161e-06,-0.0004358801948508471,0.9329343667632651,0.6010467168715534,0.0
2020-12-07,0.000507150416109301,0.0,1.3644338565494767e-05,0.0004935060775438062,0.9328895320217181,0.6008772935946789,0.0
2020-12-08,0.00020577914082624542,0.0,4.547152545566612e-06,0.00020123198828067882,0.9330299393529731,0.6010878035266105,0.0
2020-12-09,-0.001392851931354101,0.0,4.549003581419022e-06,-0.0013974009349355199,0.9332498689519166,0.6011726075083281,0.0
2020-12-10,0.0014546643095119092,0.0,4.552307209261654e-06,0.0014501120023026476,0.9329374874907561,0.6006190612146554,0.0
2020-12-11,0.00028476154528590667,3.4776884468008385e-07,4.548072279673494e-06,0.0002798657041615531,0.9320092765557865,0.6000000001396216,0.001738391776460041
2020-12-14,-0.00041462646959451266,0.0,1.3647396302887952e-05,-0.0004282738658974006,0.9322034529416907,0.6001168095714173,0.0
2020-12-15,0.0018060091706192886,0.0,4.548551787638047e-06,0.0018014606188316506,0.9320034104153507,0.5999591299177732,0.0
2020-12-16,3.9027363479759875e-06,0.0,4.533366544554081e-06,-6.306301965780934e-07,0.9316187900138212,0.6006830322613733,0.0
2020-12-17,0.0008971027739329867,0.0,4.534456455745096e-06,0.0008925683174772416,0.931702635078672,0.60068731380928,0.0
2020-12-18,-0.0006871587447358726,0.0,4.52914226195961e-06,-0.0006916878869978321,0.9316753253575262,0.6010479402344747,0.0
2020-12-21,-0.0006780948634961375,0.0,1.3600084498818587e-05,-0.000691694947994956,0.9317117206720777,0.6007763312008255,0.0
2020-12-22,0.0004975860586204889,0.0,4.539987157098014e-06,0.0004930460714633909,0.931932671034732,0.600513608566577,0.0
2020-12-23,0.00018871181557309006,0.0,4.540108577936932e-06,0.00018417170699515313,0.9321429406366514,0.6007150144472553,0.0
2020-12-24,0.0011057101224512791,0.0,4.534223599044331e-06,0.0011011758988522349,0.9317913999064898,0.6007930771762539,0.0
2020-12-28,0.0005773030822442294,3.741659054685727e-07,1.812156723887802e-05,0.0005588073490998828,0.9307186020114402,0.5999999999019163,0.0018702961106853272
2020-12-29,8.42719625685505e-05,0.0,4.532787839490394e-06,7.97391747290601e-05,0.9311353956912731,0.6002418834084742,0.0
2020-12-30,0.0005842432881393754,0.0,4.530253895448182e-06,0.0005797130342439273,0.9309868240433338,0.6002782896756166,0.0
2020-12-31,0.0008328052591202277,0.0,4.524900114978983e-06,0.0008282803590052487,0.9308321153282701,0.6005144069348043,0.0
