session,gross_return,transaction_cost,borrow_cost,net_return,gross,net,turnover
2007-01-03,0.0,0.0,0.0,0.0,0.0,0.0,0.0
2007-01-04,0.0,0.0,0.0,0.0,0.0,0.0,0.0
2007-01-05,0.0,0.0,0.0,0.0,0.0,0.0,0.0
2007-01-08,0.0,0.0,0.0,0.0,0.0,0.0,0.0
2007-01-09,0.0,0.0,0.0,0.0,0.0,0.0,0.0
2007-01-10,0.0,0.0,0.0,0.0,0.0,0.0,0.0
2007-01-11,0.0,0.0,0.0,0.0,0.0,0.0,0.0
2007-01-12,0.0,0.0,0.0,0.0,0.0,0.0,0.0
2007-01-16,0.0,0.0,0.0,0.0,0.0,0.0,0.0
2007-01-17,0.0,0.0,0.0,0.0,0.0,0.0,0.0
2007-01-18,0.0,0.0,0.0,0.0,0.0,0.0,0.0
2007-01-19,0.0,0.0,0.0,0.0,0.0,0.0,0.0
2007-01-22,0.0,0.0,0.0,0.0,0.0,0.0,0.0
2007-01-23,0.0,0.0,0.0,0.0,0.0,0.0,0.0
2007-01-24,0.0,0.0,0.0,0.0,0.0,0.0,0.0
2007-01-25,0.0,0.0,0.0,0.0,0.0,0.0,0.0
2007-01-26,0.0,0.0,0.0,0.0,0.0,0.0,0.0
2007-01-29,0.0,0.0,0.0,0.0,0.0,0.0,0.0
2007-01-30,0.0,0.0,0.0,0.0,0.0,0.0,0.0
2007-01-31,0.0,0.0,0.0,0.0,0.0,0.0,0.0
2007-02-01,0.0,0.0,0.0,0.0,0.0,0.0,0.0
2007-02-02,0.0,0.0,0.0,0.0,0.0,0.0,0.0
2007-02-05,0.0,0.0,0.0,0.0,0.0,0.0,0.0
2007-02-06,0.0,0.0,0.0,0.0,0.0,0.0,0.0
2007-02-07,0.0,0.0,0.0,0.0,0.0,0.0,0.0
2007-02-08,0.0,0.0,0.0,0.0,0.0,0.0,0.0
2007-02-09,0.0,0.0,0.0,0.0,0.0,0.0,0.0
2007-02-12,0.0,0.0,0.0,0.0,0.0,0.0,0.0
2007-02-13,0.0,0.0,0.0,0.0,0.0,0.0,0.0
2007-02-14,0.0,0.0,0.0,0.0,0.0,0.0,0.0
2007-02-15,0.0,0.0,0.0,0.0,0.0,0.0,0.0
2007-02-16,0.0,0.0,0.0,0.0,0.0,0.0,0.0
2007-02-20,0.0,0.0,0.0,0.0,0.0,0.0,0.0
2007-02-21,0.0,0.0,0.0,0.0,0.0,0.0,0.0
2007-02-22,0.0,0.0,0.0,0.0,0.0,0.0,0.0
2007-02-23,0.0,0.0,0.0,0.0,0.0,0.0,0.0
2007-02-26,0.0,0.0,0.0,0.0,0.0,0.0,0.0
2007-02-27,0.0,0.0,0.0,0.0,0.0,0.0,0.0
2007-02-28,0.0,0.0,0.0,0.0,0.0,0.0,0.0
2007-03-01,0.0,0.0,0.0,0.0,0.0,0.0,0.0
2007-03-02,0.0,0.0,0.0,0.0,0.0,0.0,0.0
2007-03-05,0.0,0.0,0.0,0.0,0.0,0.0,0.0
2007-03-06,0.0,0.0,0.0,0.0,0.0,0.0,0.0
2007-03-07,0.0,0.0,0.0,0.0,0.0,0.0,0.0
2007-03-08,0.0,0.0,0.0,0.0,0.0,0.0,0.0
2007-03-09,0.0,0.0,0.0,0.0,0.0,0.0,0.0
2007-03-12,0.0,0.0,0.0,0.0,0.0,0.0,0.0
2007-03-13,0.0,0.0,0.0,0.0,0.0,0.0,0.0
2007-03-14,0.0,0.0,0.0,0.0,0.0,0.0,0.0
2007-03-15,0.0,0.0,0.0,0.0,0.0,0.0,0.0
2007-03-16,0.0,0.0,0.0,0.0,0.0,0.0,0.0
2007-03-19,0.0,0.0,0.0,0.0,0.0,0.0,0.0
2007-03-20,0.0,0.0,0.0,0.0,0.0,0.0,0.0
2007-03-21,0.0,0.0,0.0,0.0,0.0,0.0,0.0
2007-03-22,0.0,0.0,0.0,0.0,0.0,0.0,0.0
2007-03-23,0.0,0.0,0.0,0.0,0.0,0.0,0.0
2007-03-26,0.0,0.0,0.0,0.0,0.0,0.0,0.0
2007-03-27,0.0,0.0,0.0,0.0,0.0,0.0,0.0
2007-03-28,0.0,0.0,0.0,0.0,0.0,0.0,0.0
2007-03-29,0.0,0.0,0.0,0.0,0.0,0.0,0.0
2007-03-30,0.0,0.0,0.0,0.0,0.0,0.0,0.0
2007-04-02,0.0,0.0,0.0,0.0,0.0,0.0,0.0
2007-04-03,0.0,0.0,0.0,0.0,0.0,0.0,0.0
2007-04-04,0.0,0.0,0.0,0.0,0.0,0.0,0.0
2007-04-05,0.0,0.0,0.0,0.0,0.0,0.0,0.0
2007-04-09,0.0,0.0,0.0,0.0,0.0,0.0,0.0
2007-04-10,0.0,0.0,0.0,0.0,0.0,0.0,0.0
2007-04-11,0.0,0.0,0.0,0.0,0.0,0.0,0.0
2007-04-12,0.0,0.0,0.0,0.0,0.0,0.0,0.0
2007-04-13,0.0,0.0,0.0,0.0,0.0,0.0,0.0
2007-04-16,0.0,0.0,0.0,0.0,0.0,0.0,0.0
2007-04-17,0.0,0.0,0.0,0.0,0.0,0.0,0.0
2007-04-18,0.0,0.0,0.0,0.0,0.0,0.0,0.0
2007-04-19,0.0,0.0,0.0,0.0,0.0,0.0,0.0
2007-04-20,0.0,0.0,0.0,0.0,0.0,0.0,0.0
2007-04-23,0.0,0.0,0.0,0.0,0.0,0.0,0.0
2007-04-24,0.0,0.0,0.0,0.0,0.0,0.0,0.0
2007-04-25,0.0,0.0,0.0,0.0,0.0,0.0,0.0
2007-04-26,0.0,0.0,0.0,0.0,0.0,0.0,0.0
2007-04-27,0.0,0.0,0.0,0.0,0.0,0.0,0.0
2007-04-30,0.0,0.0,0.0,0.0,0.0,0.0,0.0
2007-05-01,0.0,0.0,0.0,0.0,0.0,0.0,0.0
2007-05-02,0.0,0.0,0.0,0.0,0.0,0.0,0.0
2007-05-03,0.0,0.0,0.0,0.0,0.0,0.0,0.0
2007-05-04,0.0,0.0,0.0,0.0,0.0,0.0,0.0
2007-05-07,0.0,0.0,0.0,0.0,0.0,0.0,0.0
2007-05-08,0.0,0.0,0.0,0.0,0.0,0.0,0.0
2007-05-09,0.0,0.0,0.0,0.0,0.0,0.0,0.0
2007-05-10,0.0,0.0,0.0,0.0,0.0,0.0,0.0
2007-05-11,0.0,0.0,0.0,0.0,0.0,0.0,0.0
2007-05-14,0.0,0.0,0.0,0.0,0.0,0.0,0.0
2007-05-15,0.0,0.0,0.0,0.0,0.0,0.0,0.0
2007-05-16,0.0,0.0,0.0,0.0,0.0,0.0,0.0
2007-05-17,0.0,0.0,0.0,0.0,0.0,0.0,0.0
2007-05-18,0.0,0.0,0.0,0.0,0.0,0.0,0.0
2007-05-21,0.0,0.0,0.0,0.0,0.0,0.0,0.0
2007-05-22,0.0,0.0,0.0,0.0,0.0,0.0,0.0
2007-05-23,0.0,0.0,0.0,0.0,0.0,0.0,0.0
2007-05-24,0.0,0.0,0.0,0.0,0.0,0.0,0.0
2007-05-25,0.0,0.0,0.0,0.0,0.0,0.0,0.0
2007-05-29,0.0,0.0,0.0,0.0,0.0,0.0,0.0
2007-05-30,0.0,0.0,0.0,0.0,0.0,0.0,0.0
2007-05-31,0.0,0.0,0.0,0.0,0.0,0.0,0.0
2007-06-01,0.0,0.0,0.0,0.0,0.0,0.0,0.0
2007-06-04,0.0,0.0,0.0,0.0,0.0,0.0,0.0
2007-06-05,0.0,0.0,0.0,0.0,0.0,0.0,0.0
2007-06-06,0.0,0.0,0.0,0.0,0.0,0.0,0.0
2007-06-07,0.0,0.0,0.0,0.0,0.0,0.0,0.0
2007-06-08,0.0,0.0,0.0,0.0,0.0,0.0,0.0
2007-06-11,0.0,0.0,0.0,0.0,0.0,0.0,0.0
2007-06-12,0.0,0.0,0.0,0.0,0.0,0.0,0.0
2007-06-13,0.0,0.0,0.0,0.0,0.0,0.0,0.0
2007-06-14,0.0,0.0,0.0,0.0,0.0,0.0,0.0
2007-06-15,0.0,0.0,0.0,0.0,0.0,0.0,0.0
2007-06-18,0.0,0.0,0.0,0.0,0.0,0.0,0.0
2007-06-19,0.0,0.0,0.0,0.0,0.0,0.0,0.0
2007-06-20,0.0,0.0,0.0,0.0,0.0,0.0,0.0
2007-06-21,0.0,0.0,0.0,0.0,0.0,0.0,0.0
2007-06-22,0.0,0.0,0.0,0.0,0.0,0.0,0.0
2007-06-25,0.0,0.0,0.0,0.0,0.0,0.0,0.0
2007-06-26,0.0,0.0,0.0,0.0,0.0,0.0,0.0
2007-06-27,0.0,0.0,0.0,0.0,0.0,0.0,0.0
2007-06-28,0.0,0.0,0.0,0.0,0.0,0.0,0.0
2007-06-29,0.0,0.0,0.0,0.0,0.0,0.0,0.0
2007-07-02,0.0,0.0,0.0,0.0,0.0,0.0,0.0
2007-07-03,0.0,0.0,0.0,0.0,0.0,0.0,0.0
2007-07-05,0.0,0.0,0.0,0.0,0.0,0.0,0.0
2007-07-06,0.0,0.0,0.0,0.0,0.0,0.0,0.0
2007-07-09,0.0,0.0,0.0,0.0,0.0,0.0,0.0
2007-07-10,0.0,0.0,0.0,0.0,0.0,0.0,0.0
2007-07-11,0.0,0.0,0.0,0.0,0.0,0.0,0.0
2007-07-12,0.0,0.0,0.0,0.0,0.0,0.0,0.0
2007-07-13,0.0,0.0,0.0,0.0,0.0,0.0,0.0
2007-07-16,0.0,0.0,0.0,0.0,0.0,0.0,0.0
2007-07-17,0.0,0.0,0.0,0.0,0.0,0.0,0.0
2007-07-18,0.0,0.0,0.0,0.0,0.0,0.0,0.0
2007-07-19,0.0,0.0,0.0,0.0,0.0,0.0,0.0
2007-07-20,0.0,0.0,0.0,0.0,0.0,0.0,0.0
2007-07-23,0.0,0.0,0.0,0.0,0.0,0.0,0.0
2007-07-24,0.0,0.0,0.0,0.0,0.0,0.0,0.0
2007-07-25,0.0,0.0,0.0,0.0,0.0,0.0,0.0
2007-07-26,0.0,0.0,0.0,0.0,0.0,0.0,0.0
2007-07-27,0.0,0.0,0.0,0.0,0.0,0.0,0.0
2007-07-30,0.0,0.0,0.0,0.0,0.0,0.0,0.0
2007-07-31,0.0,0.0,0.0,0.0,0.0,0.0,0.0
2007-08-01,0.0,0.0,0.0,0.0,0.0,0.0,0.0
2007-08-02,0.0,0.0,0.0,0.0,0.0,0.0,0.0
2007-08-03,0.0,0.0,0.0,0.0,0.0,0.0,0.0
2007-08-06,0.0,0.0,0.0,0.0,0.0,0.0,0.0
2007-08-07,0.0,0.0,0.0,0.0,0.0,0.0,0.0
2007-08-08,0.0,0.0,0.0,0.0,0.0,0.0,0.0
2007-08-09,0.0,0.0,0.0,0.0,0.0,0.0,0.0
2007-08-10,0.0,0.0,0.0,0.0,0.0,0.0,0.0
2007-08-13,0.0,0.0,0.0,0.0,0.0,0.0,0.0
2007-08-14,0.0,0.0,0.0,0.0,0.0,0.0,0.0
2007-08-15,0.0,0.0,0.0,0.0,0.0,0.0,0.0
2007-08-16,0.0,0.0,0.0,0.0,0.0,0.0,0.0
2007-08-17,0.0,0.0,0.0,0.0,0.0,0.0,0.0
2007-08-20,0.0,0.0,0.0,0.0,0.0,0.0,0.0
2007-08-21,0.0,0.0,0.0,0.0,0.0,0.0,0.0
2007-08-22,0.0,0.0,0.0,0.0,0.0,0.0,0.0
2007-08-23,0.0,0.0,0.0,0.0,0.0,0.0,0.0
2007-08-24,0.0,0.0,0.0,0.0,0.0,0.0,0.0
2007-08-27,0.0,0.0,0.0,0.0,0.0,0.0,0.0
2007-08-28,0.0,0.0,0.0,0.0,0.0,0.0,0.0
2007-08-29,0.0,0.0,0.0,0.0,0.0,0.0,0.0
2007-08-30,0.0,0.0,0.0,0.0,0.0,0.0,0.0
2007-08-31,0.0,0.0,0.0,0.0,0.0,0.0,0.0
2007-09-04,0.0,0.0,0.0,0.0,0.0,0.0,0.0
2007-09-05,0.0,0.0,0.0,0.0,0.0,0.0,0.0
2007-09-06,0.0,0.0,0.0,0.0,0.0,0.0,0.0
2007-09-07,0.0,0.0,0.0,0.0,0.0,0.0,0.0
2007-09-10,0.0,0.0,0.0,0.0,0.0,0.0,0.0
2007-09-11,0.0,0.0,0.0,0.0,0.0,0.0,0.0
2007-09-12,0.0,0.0,0.0,0.0,0.0,0.0,0.0
2007-09-13,0.0,0.0,0.0,0.0,0.0,0.0,0.0
2007-09-14,0.0,0.0,0.0,0.0,0.0,0.0,0.0
2007-09-17,0.0,0.0,0.0,0.0,0.0,0.0,0.0
2007-09-18,0.0,0.0,0.0,0.0,0.0,0.0,0.0
2007-09-19,0.0,0.0,0.0,0.0,0.0,0.0,0.0
2007-09-20,0.0,0.0,0.0,0.0,0.0,0.0,0.0
2007-09-21,0.0,0.0,0.0,0.0,0.0,0.0,0.0
2007-09-24,0.0,0.0,0.0,0.0,0.0,0.0,0.0
2007-09-25,0.0,0.0,0.0,0.0,0.0,0.0,0.0
2007-09-26,0.0,0.0,0.0,0.0,0.0,0.0,0.0
2007-09-27,0.0,0.0,0.0,0.0,0.0,0.0,0.0
2007-09-28,0.0,0.0,0.0,0.0,0.0,0.0,0.0
2007-10-01,0.0,0.0,0.0,0.0,0.0,0.0,0.0
2007-10-02,0.0,0.0,0.0,0.0,0.0,0.0,0.0
2007-10-03,0.0,0.0,0.0,0.0,0.0,0.0,0.0
2007-10-04,0.0,0.0,0.0,0.0,0.0,0.0,0.0
2007-10-05,0.0,0.0,0.0,0.0,0.0,0.0,0.0
2007-10-08,0.0,0.0,0.0,0.0,0.0,0.0,0.0
2007-10-09,0.0,0.0,0.0,0.0,0.0,0.0,0.0
2007-10-10,0.0,0.0,0.0,0.0,0.0,0.0,0.0
2007-10-11,0.0,0.0,0.0,0.0,0.0,0.0,0.0
2007-10-12,0.0,0.0,0.0,0.0,0.0,0.0,0.0
2007-10-15,0.0,0.0,0.0,0.0,0.0,0.0,0.0
2007-10-16,0.0,0.0,0.0,0.0,0.0,0.0,0.0
2007-10-17,0.0,0.0,0.0,0.0,0.0,0.0,0.0
2007-10-18,0.0,0.0,0.0,0.0,0.0,0.0,0.0
2007-10-19,0.0,0.0,0.0,0.0,0.0,0.0,0.0
2007-10-22,0.0,0.0,0.0,0.0,0.0,0.0,0.0
2007-10-23,0.0,0.0,0.0,0.0,0.0,0.0,0.0
2007-10-24,0.0,0.0,0.0,0.0,0.0,0.0,0.0
2007-10-25,0.0,0.0,0.0,0.0,0.0,0.0,0.0
2007-10-26,0.0,0.0,0.0,0.0,0.0,0.0,0.0
2007-10-29,0.0,0.0,0.0,0.0,0.0,0.0,0.0
2007-10-30,0.0,0.0,0.0,0.0,0.0,0.0,0.0
2007-10-31,0.0,0.0,0.0,0.0,0.0,0.0,0.0
2007-11-01,0.0,0.0,0.0,0.0,0.0,0.0,0.0
2007-11-02,0.0,0.0,0.0,0.0,0.0,0.0,0.0
2007-11-05,0.0,0.0,0.0,0.0,0.0,0.0,0.0
2007-11-06,0.0,0.0,0.0,0.0,0.0,0.0,0.0
2007-11-07,0.0,0.0,0.0,0.0,0.0,0.0,0.0
2007-11-08,0.0,0.0,0.0,0.0,0.0,0.0,0.0
2007-11-09,0.0,0.0,0.0,0.0,0.0,0.0,0.0
2007-11-12,0.0,0.0,0.0,0.0,0.0,0.0,0.0
2007-11-13,0.0,0.0,0.0,0.0,0.0,0.0,0.0
2007-11-14,0.0,0.0,0.0,0.0,0.0,0.0,0.0
2007-11-15,0.0,0.0,0.0,0.0,0.0,0.0,0.0
2007-11-16,0.0,0.0,0.0,0.0,0.0,0.0,0.0
2007-11-19,0.0,0.0,0.0,0.0,0.0,0.0,0.0
2007-11-20,0.0,0.0,0.0,0.0,0.0,0.0,0.0
2007-11-21,0.0,0.0,0.0,0.0,0.0,0.0,0.0
2007-11-23,0.0,0.0,0.0,0.0,0.0,0.0,0.0
2007-11-26,0.0,0.0,0.0,0.0,0.0,0.0,0.0
2007-11-27,0.0,0.0,0.0,0.0,0.0,0.0,0.0
2007-11-28,0.0,0.0,0.0,0.0,0.0,0.0,0.0
2007-11-29,0.0,0.0,0.0,0.0,0.0,0.0,0.0
2007-11-30,0.0,0.0,0.0,0.0,0.0,0.0,0.0
2007-12-03,0.0,0.0,0.0,0.0,0.0,0.0,0.0
2007-12-04,0.0,0.0,0.0,0.0,0.0,0.0,0.0
2007-12-05,0.0,0.0,0.0,0.0,0.0,0.0,0.0
2007-12-06,0.0,0.0,0.0,0.0,0.0,0.0,0.0
2007-12-07,0.0,0.0,0.0,0.0,0.0,0.0,0.0
2007-12-10,0.0,0.0,0.0,0.0,0.0,0.0,0.0
2007-12-11,0.0,0.0,0.0,0.0,0.0,0.0,0.0
2007-12-12,0.0,0.0,0.0,0.0,0.0,0.0,0.0
2007-12-13,0.0,0.0,0.0,0.0,0.0,0.0,0.0
2007-12-14,0.0,0.0,0.0,0.0,0.0,0.0,0.0
2007-12-17,0.0,0.0,0.0,0.0,0.0,0.0,0.0
2007-12-18,0.0,0.0,0.0,0.0,0.0,0.0,0.0
2007-12-19,0.0,0.0,0.0,0.0,0.0,0.0,0.0
2007-12-20,0.0,0.0,0.0,0.0,0.0,0.0,0.0
2007-12-21,0.0,0.0,0.0,0.0,0.0,0.0,0.0
2007-12-24,0.0,0.0,0.0,0.0,0.0,0.0,0.0
2007-12-26,0.0,0.0,0.0,0.0,0.0,0.0,0.0
2007-12-27,0.0,0.0,0.0,0.0,0.0,0.0,0.0
2007-12-28,0.0,0.0,0.0,0.0,0.0,0.0,0.0
2007-12-31,0.0,0.0,0.0,0.0,0.0,0.0,0.0
2008-01-02,0.0,0.0,0.0,0.0,0.0,0.0,0.0
2008-01-03,0.0,0.0,0.0,0.0,0.0,0.0,0.0
2008-01-04,0.0,0.0,0.0,0.0,0.0,0.0,0.0
2008-01-07,0.0,0.0,0.0,0.0,0.0,0.0,0.0
2008-01-08,0.0,0.0,0.0,0.0,0.0,0.0,0.0
2008-01-09,0.0,0.0,0.0,0.0,0.0,0.0,0.0
2008-01-10,0.0,0.0,0.0,0.0,0.0,0.0,0.0
2008-01-11,0.0,0.0,0.0,0.0,0.0,0.0,0.0
2008-01-14,0.0,0.0,0.0,0.0,0.0,0.0,0.0
2008-01-15,0.0,0.0,0.0,0.0,0.0,0.0,0.0
2008-01-16,8.443826647442981e-05,4.0409927879810976e-05,1.947045264742347e-15,4.402833859267179e-05,0.1000000000313277,0.09999999996026054,0.1000000000313277
2008-01-17,0.00016877570333460618,0.0,1.923227406013771e-15,0.00016877570333268294,0.10008003193940324,0.10008003186920547,0.0
2008-01-18,8.436427338053458e-05,0.0,1.898822042567747e-15,8.436427337863576e-05,0.10023189093397002,0.10023189086466301,0.0
2008-01-22,0.0004217671095460087,0.0,7.597108849695497e-15,0.0004217671095384116,0.10030779281331813,0.1003077927439945,0.0
2008-01-23,-4.8202433737576214e-05,0.0,1.8796785714178947e-15,-4.8202433739455895e-05,0.10068709341781906,0.1006870933492108,0.0
2008-01-24,-0.00031324691876903025,0.0,1.896908644238133e-15,-0.00031324691877092717,0.10064374225802454,0.10064374218878737,0.0
2008-01-25,0.0002651501084855062,0.0,1.913322926677434e-15,0.00026515010848359284,0.10036193340623413,0.10036193333639788,0.0
2008-01-28,-4.8213302666698034e-05,0.0,5.7297732076864755e-15,-4.8213302672427805e-05,0.10060040930517333,0.1006004092354611,0.0
2008-01-29,-6.03006486404654e-05,0.0,1.9301532017721593e-15,-6.030064864239555e-05,0.10055704419044897,0.10055704411999841,0.0
2008-01-30,7.238381217804453e-05,0.0,1.935059395138248e-15,7.238381217610948e-05,0.10050280392625045,0.10050280385562081,0.0
2008-01-31,9.581748145646745e-05,2.273223387669143e-07,1.9243919758196353e-15,9.559015911577615e-05,0.10000000003512015,0.09999999996487986,0.0005679082143423969
2008-02-01,0.00010935203776156417,0.0,1.945009792805202e-15,0.00010935203775961917,0.10008625025674862,0.10008625018575577,0.0
2008-02-04,1.203891593746537e-05,0.0,5.885963406433636e-15,1.2038915931579406e-05,0.10018464689984702,0.10018464682823444,0.0
2008-02-05,0.0002281056333807497,0.0,1.9568441384082196e-15,0.00022810563337879284,0.10019547957064233,0.10019547949921749,0.0
2008-02-06,3.6052411402102e-05,0.0,1.912621297789003e-15,3.605241140018938e-05,0.10040068324098249,0.10040068317117183,0.0
2008-02-07,-0.00013208226753070194,0.0,1.9016925294633773e-15,-0.00013208226753260363,0.10043311479601537,0.10043311472660359,0.0
2008-02-08,0.00018001957370113368,0.0,1.909364970825824e-15,0.00018001957369922432,0.1003142822666232,0.10031428219693136,0.0
2008-02-11,3.60741219779113e-05,0.0,5.742911031650531e-15,3.607412197216839e-05,0.10047621415527803,0.10047621408540593,0.0
2008-02-12,3.612847912973827e-05,0.0,1.9250723442165825e-15,3.612847912781319e-05,0.10050866251590067,0.10050866244563551,0.0
2008-02-13,3.591691643174238e-05,0.0,1.9326990782288962e-15,3.591691642980968e-05,0.10054115859616151,0.100541158525618,0.0
2008-02-14,-7.16307271086116e-05,2.295411465687052e-07,1.942854551021548e-15,-7.186026825712316e-05,0.1000000000354571,0.09999999996454291,0.0005734631888356795
2008-02-15,-0.0001074169187253204,0.0,1.93212015350345e-15,-0.00010741691872725252,0.09993555070343359,0.0999355506329112,0.0
2008-02-19,-7.16066731425437e-05,0.0,7.755147811382391e-15,-7.160667315029885e-05,0.09983885816745759,0.09983885809669187,0.0
2008-02-20,-0.00011935505135375161,0.0,1.9557521352493127e-15,-0.00011935505135570736,0.09977439600749283,0.0997743959361079,0.0
2008-02-21,0.00027456107348746014,0.0,1.9626831298227757e-15,0.00027456107348549746,0.09966693670873286,0.09966693663709492,0.0
2008-02-22,-0.00010730264922851494,0.0,1.950750242702733e-15,-0.00010730264923046569,0.09991406526878781,0.09991406519758543,0.0
2008-02-25,-0.00015527037352923364,0.0,5.902519889889565e-15,-0.00015527037353513617,0.09981747329948772,0.09981747322767372,0.0
2008-02-26,0.00014330049597578574,0.0,1.983173463338944e-15,0.00014330049597380257,0.09967767991711292,0.0996776798447271,0.0
2008-02-27,0.000119307721942199,0.0,2.003886738460902e-15,0.00011930772194019511,0.09980667806738669,0.09980667799424478,0.0
2008-02-28,0.00023883909382381565,0.0,2.006026225293452e-15,0.00023883909382180964,0.09991406526989854,0.09991406519667861,0.0
2008-02-29,0.0003456378446829761,5.1612436983224145e-08,2.0047179471741124e-15,0.00034558623224398814,0.1000000000365861,0.09999999996341391,0.00012898960995352815
2008-03-03,3.541418006547863e-06,0.0,5.918138404745435e-15,3.5414180006297247e-06,0.10031097178933239,0.10031097171732835,0.0
2008-03-04,-2.3844646162871294e-05,0.0,1.9842617749746812e-15,-2.3844646164855557e-05,0.10031415795339602,0.10031415788097048,0.0
2008-03-05,-5.9646795892466974e-05,0.0,1.9639220262918708e-15,-5.96467958944309e-05,0.10029270475054673,0.10029270467886357,0.0
2008-03-06,0.0002984420497513665,0.0,1.985881640002756e-15,0.0002984420497493806,0.10023903689282566,0.10023903682034101,0.0
2008-03-07,-4.7746544567816324e-05,0.0,1.959530132200112e-15,-4.7746544569775856e-05,0.10050748328231066,0.10050748321078778,0.0
2008-03-10,0.00010730445316159889,0.0,5.8337145118497264e-15,0.00010730445315576518,0.1004645335715233,0.10046453350054643,0.0
2008-03-11,-0.00050115853697634,0.0,1.932899576044553e-15,-0.000501158536978273,0.10056104737606901,0.10056104730551814,0.0
2008-03-12,0.0003224515267373478,0.0,1.9804420697493465e-15,0.00032245152673536737,0.10011005985192392,0.1001100597796378,0.0
2008-03-13,-4.7703146792123474e-05,0.0,1.9795204186695385e-15,-4.7703146794103e-05,0.100400137201126,0.1004001371288735,0.0
2008-03-14,0.0002972183750595622,1.429689077461656e-07,1.984853079428863e-15,0.0002970754061498312,0.10000000003622359,0.09999999996377643,0.00035722137356625216
2008-03-17,0.00022600987072130893,0.0,5.8718382171821824e-15,0.00022600987071543709,0.1002674314223845,0.10026743135094382,0.0
2008-03-18,-0.0003566515928873886,0.0,1.9308961028646736e-15,-0.0003566515928893195,0.10047073391457605,0.10047073384409834,0.0
2008-03-19,0.00010699696554157022,0.0,1.9736267428048043e-15,0.00010699696553959659,0.10014980090924447,0.10014980083720709,0.0
2008-03-20,-0.00011887687306010417,0.0,1.9211926379410027e-15,-0.00011887687306202536,0.10024607184738474,0.10024607177726125,0.0
2008-03-24,-0.00041628972994429823,0.0,7.687366176335865e-15,-0.0004162897299519856,0.10013909919732382,0.10013909912717663,0.0
2008-03-25,7.147197230099486e-05,0.0,1.9461817942082464e-15,7.147197229904868e-05,0.09976434033853672,0.09976434026750113,0.0
2008-03-26,0.00021403971251654667,0.0,1.9689667528501855e-15,0.0002140397125145777,0.09982867735921165,0.09982867728734439,0.0
2008-03-27,0.00010705505047305375,0.0,1.9702272520951796e-15,0.00010705505047108353,0.10002130853966444,0.10002130846775116,0.0
2008-03-28,4.754163842297538e-05,0.0,1.963626959198856e-15,4.754163842101175e-05,0.10011764549031325,0.10011764541864086,0.0
2008-03-31,2.380182052547268e-05,6.419543737024404e-08,5.855229746947482e-15,2.3737625082247204e-05,0.10000000003561933,0.09999999996438068,0.00016042530196105909
2008-04-01,-0.000361725363542288,0.0,1.944305040367517e-15,-0.0003617253635442323,0.10002142758472679,0.10002142751375964,0.0
2008-04-02,-8.341087166227842e-05,0.0,1.9753077807131095e-15,-8.341087166425373e-05,0.09969576470902321,0.09969576463692446,0.0
2008-04-03,-7.13439552405866e-05,0.0,1.9905652317327685e-15,-7.134395524257716e-05,0.09962066328427208,0.09962066321161644,0.0
2008-04-04,0.00017854973389346826,0.0,1.9998254269313887e-15,0.00017854973389146842,0.09955642207828516,0.0995564220052915,0.0
2008-04-07,-0.0001904072445615323,0.0,6.023744354337442e-15,-0.00019040724456755603,0.09971716733879421,0.09971716726550531,0.0
2008-04-08,5.956818321634273e-05,0.0,2.0143534861415423e-15,5.9568183214328375e-05,0.0995457143196258,0.09954571424610187,0.0
2008-04-09,0.00019052377232807165,0.0,2.0068958600593278e-15,0.00019052377232606476,0.09959934955027228,0.09959934947702054,0.0
2008-04-10,-3.576372519121187e-05,0.0,2.004352696371934e-15,-3.5763725193216224e-05,0.09977086460102942,0.09977086452787055,0.0
2008-04-11,0.00016654511313876294,0.0,2.006739064131693e-15,0.0001665451131367562,0.09973866790223268,0.09973866782898672,0.0
2008-04-14,-5.951412823658396e-05,4.45844116084237e-08,4.262191241840455e-15,-5.9558712652454574e-05,0.10000000002558089,0.0999999999737242,0.00011142299002830924
2008-04-15,-0.00013110147414743126,0.0,1.4176440589798969e-15,-0.0001311014741488489,0.09994643857844449,0.09994643852670049,0.0
2008-04-16,-0.00021440053497569992,0.0,1.4253133990158614e-15,-0.00021440053497712524,0.09982842475821793,0.09982842470619399,0.0
2008-04-17,-0.00017887765543950776,0.0,1.4611120001151996e-15,-0.0001788776554409689,0.09963538610462092,0.09963538605129035,0.0
2008-04-18,-5.9518315578818735e-05,0.0,1.4589587212342926e-15,-5.951831558027769e-05,0.09947430217904371,0.09947430212579172,0.0
2008-04-21,-9.539276803269805e-05,0.0,4.423005243146853e-15,-9.539276803712105e-05,0.09942070121669316,0.09942070116287993,0.0
2008-04-22,3.5800932235856425e-05,0.0,1.4755786628159493e-15,3.5800932234380846e-05,0.0993347842687345,0.09933478421487586,0.0
2008-04-23,-9.73106688437805e-14,0.0,1.4656534391828382e-15,-9.877632228296334e-14,0.09936702776838253,0.09936702771488619,0.0
2008-04-24,-0.00027425602666273166,0.0,1.4709855306264785e-15,-0.00027425602666420265,0.09936702776848964,0.0993670277147987,0.0
2008-04-25,1.1967080955873282e-05,0.0,1.4714254570665254e-15,1.1967080954401857e-05,0.09911995598712041,0.0991199559334134,0.0
2008-04-28,0.00010833828306559827,3.480542981620004e-07,2.265735374295304e-15,0.00010799022876517053,0.10000000002274352,0.09999999999517706,0.0008692632863590705
2008-04-29,-2.4085602166526295e-05,0.0,7.560260529606373e-16,-2.4085602167282323e-05,0.10009752875081199,0.10009752872321705,0.0
2008-04-30,0.0001924981513638632,0.0,7.496539580202049e-16,0.00019249815136311354,0.10007585353560704,0.10007585350824465,0.0
2008-05-01,-0.00017846752195447695,0.0,7.510098142307295e-16,-0.00017846752195522795,0.10024905392946835,0.10024905390205652,0.0
2008-05-02,-0.00013258014304556035,0.0,7.626444181325466e-16,-0.000132580143046323,0.1000884489453932,0.10008844891755668,0.0
2008-05-05,0.00010846548051994847,0.0,2.299626384625379e-15,0.00010846548051764885,0.09996912272307702,0.09996912269509825,0.0
2008-05-06,6.0262350311456065e-05,0.0,7.652402984144188e-16,6.026235031069082e-05,0.1000667344171201,0.10006673438918884,0.0
2008-05-07,0.00012059765995035168,0.0,7.706588931327501e-16,0.00012059765994958101,0.10012096324307065,0.1001209632149416,0.0
2008-05-08,8.429650272026148e-05,0.0,7.553010436906854e-16,8.429650271950618e-05,0.10022947346250619,0.10022947343493771,0.0
2008-05-09,3.612314622513902e-05,0.0,7.589224622119202e-16,3.61231462243801e-05,0.10030531457813789,0.1003053145504372,0.0
2008-05-12,-0.00019210779110328865,1.3520962172178725e-07,2.264956697594675e-15,-0.0001922430007272754,0.10000000002287243,0.09999999999531545,0.00033781318384955294
2008-05-13,-0.00016804361579689464,0.0,7.641949627738575e-16,-0.00016804361579765884,0.09982708329014546,0.09982708326225237,0.0
2008-05-14,-7.210021351091432e-05,0.0,7.653516623845439e-16,-7.210021351167967e-05,0.09967578955447033,0.09967578952653501,0.0
2008-05-15,8.40266106530021e-05,0.0,7.667318415129977e-16,8.402661065223536e-05,0.09961087130609705,0.09961087127811133,0.0
2008-05-16,2.393265534119977e-05,0.0,7.761062468032941e-16,2.3932655340423665e-05,0.09968652159655711,0.09968652156822924,0.0
2008-05-19,0.0001082633046267622,0.0,2.3440610176996377e-15,0.00010826330462441814,0.09970806797326506,0.09970806794474563,0.0
2008-05-20,0.00014416734799334533,0.0,7.82628691472365e-16,0.0001441673479925627,0.09980552600187673,0.09980552597331077,0.0
2008-05-21,-0.00010814989356178885,0.0,7.759201200840422e-16,-0.00010814989356256477,0.09993528594448382,0.09993528591616274,0.0
2008-05-22,-0.00027623393055667303,0.0,7.640436371414681e-16,-0.00027623393055743707,0.0998379335123684,0.09983793348448079,0.0
2008-05-23,0.00019224471596468608,0.0,7.653603741539987e-16,0.00019224471596392072,0.09958920950063352,0.09958920947269786,0.0
2008-05-27,-0.0001080968795466492,0.0,3.0284949924812905e-15,-0.00010809687954967768,0.09976227544599586,0.09976227541836084,0.0
2008-05-28,-0.00018018504334740251,0.0,7.595075159097198e-16,-0.00018018504334816203,0.09966495203684889,0.09966495200912687,0.0
2008-05-29,-3.600166955478115e-05,0.0,7.642466426071337e-16,-3.6001669555545396e-05,0.09950269589124187,0.09950269586334688,0.0
2008-05-30,0.00014407338462877928,0.0,7.665418949445348e-16,0.00014407338462801275,0.09947027531775243,0.09947027528977366,0.0
2008-06-02,0.00019637612856374868,0.0,2.3062720710230504e-15,0.00019637612856144242,0.0995999989935022,0.09959999896544255,0.0
2008-06-03,0.00014451020987431927,0.0,7.62572454029128e-16,0.0001445102098735567,0.09977678134380505,0.09977678131597113,0.0
2008-06-04,-3.619458629004597e-05,0.0,7.578972488856198e-16,-3.619458629080387e-05,0.09990685399307432,0.09990685396541109,0.0
2008-06-05,-0.00013231857015607053,0.0,7.559837613708132e-16,-0.0001323185701568265,0.09987427431475338,0.09987427428715998,0.0
2008-06-06,0.00013233608106585256,0.0,7.719472845799103e-16,0.0001323360810650806,0.09975515520467869,0.09975515517650262,0.0
2008-06-09,-0.0005056110435193072,0.0,2.245176828120949e-15,-0.0005056110435215524,0.09987427431482637,0.09987427428751006,0.0
2008-06-10,-0.0002112902344780931,1.2019595323205035e-05,1.8470225752640106e-15,-0.00022330982980314516,0.129231289537121,0.12923128946970472,0.02981235897492751
2008-06-11,0.0001889507484456286,0.0,1.8287917302748423e-15,0.0001889507484437998,0.12904881717136144,0.12904881710461055,0.0
2008-06-12,-0.0005038307798940451,0.0,1.807209079505912e-15,-0.0005038307798958524,0.12921335295928119,0.12921335289331803,0.0
2008-06-13,0.00012824923600373328,0.0,1.8128948137387614e-15,0.00012824923600192038,0.12877440268729787,0.12877440262112724,0.0
2008-06-16,6.066657822975576e-05,0.0,5.489855906544949e-15,6.0666578224265904e-05,0.12888612237720665,0.12888612231041338,0.0
2008-06-17,0.00018756873548902658,0.0,1.83656175728793e-15,0.00018756873548719002,0.12893896666977406,0.1289389666027396,0.0
2008-06-18,0.00010962205706005121,0.0,1.8349291871333818e-15,0.00010962205705821628,0.12910231984633408,0.12910231977935913,0.0
2008-06-19,-0.0002001741786598086,0.0,1.8228617538003176e-15,-0.00020017417866163148,0.12919777897666215,0.12919777891012774,0.0
2008-06-20,0.00019444593779603618,0.0,1.8261383340349857e-15,0.00019444593779421003,0.1290234319576288,0.1290234318909748,0.0
2008-06-23,-0.00010899925265626092,0.0,5.37847769065319e-15,-0.0001089992526616394,0.12919275688745244,0.12919275682201437,0.0
2008-06-24,0.00018182552206144872,1.1757045318828594e-05,0.0,0.00017006847674262013,0.15826160896514066,0.15826160896514066,0.029163779828886495
2008-06-25,8.532132606159614e-05,0.0,0.0,8.532132606159614e-05,0.15841649283557463,0.15841649283557463,0.0
2008-06-26,0.0002909851635964421,0.0,0.0,0.0002909851635964421,0.1584882917304206,0.1584882917304206,0.0
2008-06-27,7.385668288551598e-05,0.0,0.0,7.385668288551598e-05,0.15873308792046034,0.15873308792046034,0.0
2008-06-30,2.243017801116791e-05,0.0,0.0,2.243017801116791e-05,0.15879521651539596,0.15879521651539596,0.0
2008-07-01,-5.232375564697745e-06,0.0,0.0,-5.232375564697745e-06,0.15881408446522188,0.15881408446522188,0.0
2008-07-02,1.2241402162512066e-05,0.0,0.0,1.2241402162512066e-05,0.15880968304156218,0.15880968304156218,0.0
2008-07-03,0.000170047636664017,0.0,0.0,0.000170047636664017,0.1588199802644748,0.1588199802644748,0.0
2008-07-07,4.789374592445236e-05,0.0,0.0,4.789374592445236e-05,0.15896299661924665,0.15896299661924665,0.0
2008-07-08,-1.3388220846024463e-05,0.0,0.0,-1.3388220846024463e-05,0.15900327510271217,0.15900327510271217,0.0
2008-07-09,0.0001889516435898816,1.3506681970913278e-05,0.0,0.00017544496161896834,0.19128780289688682,0.19128780289688682,0.03351330075899482
2008-07-10,-4.103467438256643e-05,0.0,0.0,-4.103467438256643e-05,0.19144316680142504,0.19144316680142504,0.0
2008-07-11,-0.00014545225238069112,0.0,0.0,-0.00014545225238069112,0.19140998657351507,0.19140998657351507,0.0
2008-07-14,0.000229379891556806,0.0,0.0,0.000229379891556806,0.19129235822550145,0.19129235822550145,0.0
2008-07-15,0.00016472839967569865,0.0,0.0,0.00016472839967569865,0.1914778169561693,0.1914778169561693,0.0
2008-07-16,-7.659394213872605e-05,0.0,0.0,-7.659394213872605e-05,0.1916109815854882,0.1916109815854882,0.0
2008-07-17,-0.0002841546577429693,0.0,0.0,-0.0002841546577429693,0.19154905914090203,0.19154905914090203,0.0
2008-07-18,-6.159093159214027e-05,0.0,0.0,-6.159093159214027e-05,0.19131926874448876,0.19131926874448876,0.0
2008-07-21,-3.145234754874266e-05,0.0,0.0,-3.145234754874266e-05,0.19126945827701705,0.19126945827701705,0.0
2008-07-22,-4.44770576465157e-05,0.0,0.0,-4.44770576465157e-05,0.1912440210028835,0.1912440210028835,0.0
2008-07-23,-4.714776221527772e-06,3.438148582203521e-06,0.0,-8.152924803731293e-06,0.19977022057783708,0.19977022057783708,0.008562172317631928
2008-07-24,0.00025577942133255487,0.0,0.0,0.00025577942133255487,0.19976713448804134,0.19976713448804134,0.0
2008-07-25,-0.00011096775339369268,0.0,0.0,-0.00011096775339369268,0.19997176524697616,0.19997176524697616,0.0
2008-07-28,0.000205117354314743,0.0,0.0,0.000205117354314743,0.1998829780585993,0.1998829780585993,0.0
2008-07-29,-8.441456944472986e-05,0.0,0.0,-8.441456944472986e-05,0.20004706228875893,0.20004706228875893,0.0
2008-07-30,4.586992300861183e-05,0.0,0.0,4.586992300861183e-05,0.1999795289051445,0.1999795289051445,0.0
2008-07-31,0.00020515694407416713,0.0,0.0,0.00020515694407416713,0.20001622409935324,0.20001622409935324,0.0
2008-08-01,-1.1248376996659882e-05,0.0,0.0,-1.1248376996659882e-05,0.20018031266221778,0.20018031266221778,0.0
2008-08-04,9.81717540139136e-06,0.0,0.0,9.81717540139136e-06,0.20017131588764617,0.20017131588764617,0.0
2008-08-05,-2.6648957282102406e-05,0.0,0.0,-2.6648957282102406e-05,0.20017916786904488,0.20017916786904488,0.0
2008-08-06,-3.155280674208132e-05,6.316532842316364e-08,0.0,-3.161597207050448e-05,0.20000000003355553,0.20000000003355553,0.00015785287627910483
2008-08-07,0.00028301252944641636,0.0,0.0,0.00028301252944641636,0.19997476962354466,0.19997476962354466,0.0
2008-08-08,-0.00010635567593015039,0.0,0.0,-0.00010635567593015039,0.20020112272685012,0.20020112272685012,0.0
2008-08-11,-0.00011117025982606978,0.0,0.0,-0.00011117025982606978,0.20011605052873843,0.20011605052873843,0.0
2008-08-12,0.00011591055167130607,0.0,0.0,0.00011591055167130607,0.2000271173355188,0.2000271173355188,0.0
2008-08-13,7.515786512482867e-05,0.0,0.0,7.515786512482867e-05,0.20011983188707577,0.20011983188707577,0.0
2008-08-14,1.4281985014422527e-05,0.0,0.0,1.4281985014422527e-05,0.20017994465491948,0.20017994465491948,0.0
2008-08-15,9.436309665845395e-05,0.0,0.0,9.436309665845395e-05,0.2001913675098231,0.2001913675098231,0.0
2008-08-18,1.933252866216329e-05,0.0,0.0,1.933252866216329e-05,0.20026683280797977,0.20026683280797977,0.0
2008-08-19,0.0001596817830675486,0.0,0.0,0.0001596817830675486,0.20028229337346476,0.20028229337346476,0.0
2008-08-20,0.00013245391613485327,1.6410809058355105e-07,0.0,0.0001322898080442697,0.20000000003272878,0.20000000003272878,0.00040997330191691606
2008-08-21,-6.254384707109961e-05,0.0,0.0,-6.254384707109961e-05,0.20010598196692078,0.20010598196692078,0.0
2008-08-22,-0.0001587743901332602,0.0,0.0,-0.0001587743901332602,0.20005595038861643,0.20005595038861643,0.0
2008-08-25,0.00014669560963433077,0.0,0.0,0.00014669560963433077,0.19992891959076117,0.19992891959076117,0.0
2008-08-26,-1.4276683942149725e-05,0.0,0.0,-1.4276683942149725e-05,0.20004626929096678,0.20004626929096678,0.0
2008-08-27,6.0133181465616305e-05,0.0,0.0,6.0133181465616305e-05,0.20003484844133324,0.20003484844133324,0.0
2008-08-28,-4.814397100237127e-05,0.0,0.0,-4.814397100237127e-05,0.20008294999845844,0.20008294999845844,0.0
2008-08-29,4.627325110674213e-06,0.0,0.0,4.627325110674213e-06,0.20004443696102833,0.20004443696102833,0.0
2008-09-02,0.00019865363647458934,0.0,0.0,0.00019865363647458934,0.20004813859836396,0.20004813859836396,0.0
2008-09-03,3.622606291078462e-05,0.0,0.0,3.622606291078462e-05,0.20020702038219185,0.20020702038219185,0.0
2008-09-04,6.014214753068039e-05,9.443973686721568e-08,0.0,6.004770779381317e-05,0.20000000003228915,0.20000000003228915,0.00023599265114550294
2008-09-05,-1.433659855197063e-05,0.0,0.0,-1.433659855197063e-05,0.20004812974818,0.20004812974818,0.0
2008-09-08,-4.820417246688047e-05,0.0,0.0,-4.820417246688047e-05,0.20003666099493242,0.20003666099493242,0.0
2008-09-09,0.0001348415433429836,0.0,0.0,0.0001348415433429836,0.19999809756525364,0.19999809756525364,0.0
2008-09-10,6.765498742237375e-05,0.0,0.0,6.765498742237375e-05,0.2001059565125883,0.2001059565125883,0.0
2008-09-11,-5.7929297524199045e-05,0.0,0.0,-5.7929297524199045e-05,0.20016006967301447,0.20016006967301447,0.0
2008-09-12,5.566630435666346e-05,0.0,0.0,5.566630435666346e-05,0.20011373282345768,0.20011373282345768,0.0
2008-09-15,0.0008192226572566814,0.0,0.0,0.0008192226572566814,0.20015825705735749,0.20015825705735749,0.0
2008-09-16,-0.00013678669631810402,0.0,0.0,-0.00013678669631810402,0.2008129691803906,0.2008129691803906,0.0
2008-09-17,0.0009168389176417739,0.0,0.0,0.0009168389176417739,0.20070363607138972,0.20070363607138972,0.0
2008-09-18,-0.0006030965050692484,5.749108415250012e-07,0.0,-0.0006036714159107733,0.20000000003094187,0.20000000003094187,0.0014357907856630409
2008-09-19,-0.0009066645627713364,0.0,0.0,-0.0009066645627713364,0.1995173464448998,0.1995173464448998,0.0
2008-09-22,0.00011503486379955085,0.0,0.0,0.00011503486379955085,0.19879091856339062,0.19879091856339062,0.0
2008-09-23,0.0003968192140553094,0.0,0.0,0.0003968192140553094,0.19888307493975244,0.19888307493975244,0.0
2008-09-24,-8.899008190461758e-05,0.0,0.0,-8.899008190461758e-05,0.19920084743009145,0.19920084743009145,0.0
2008-09-25,-7.028603666281208e-05,0.0,0.0,-7.028603666281208e-05,0.19912957790563424,0.19912957790563424,0.0
2008-09-26,0.0001734464756075957,0.0,0.0,0.0001734464756075957,0.19907328394110504,0.19907328394110504,0.0
2008-09-29,0.0010055697293740442,0.0,0.0,0.0010055697293740442,0.19921217776658093,0.19921217776658093,0.0
2008-09-30,-0.0007610364410735116,0.0,0.0,-0.0007610364410735116,0.20001661684068814,0.20001661684068814,0.0
2008-10-01,0.00029551552458679137,0.0,0.0,0.00029551552458679137,0.19940733664942234,0.19940733664942234,0.0
2008-10-02,0.0001718159270368879,0.0,0.0,0.0001718159270368879,0.1996438543156705,0.1996438543156705,0.0
2008-10-03,0.00027479004281116175,0.0,0.0,0.00027479004281116175,0.19978134462577585,0.19978134462577585,0.0
2008-10-06,0.00018136742339561188,0.0,0.0,0.00018136742339561188,0.20000117633677914,0.20000117633677914,0.0
2008-10-07,2.187368169981852e-06,0.0,0.0,2.187368169981852e-06,0.20014624375164317,0.20014624375164317,0.0
2008-10-08,-0.0005166466842552387,0.0,0.0,-0.0005166466842552387,0.20014799332246327,0.20014799332246327,0.0
2008-10-09,0.00021153149877070986,0.0,0.0,0.00021153149877070986,0.1997345388254234,0.1997345388254234,0.0
2008-10-10,0.00024213207934694995,0.0,0.0,0.00024213207934694995,0.19990378437707496,0.19990378437707496,0.0
2008-10-13,-0.0008322994070098801,0.0,0.0,-0.0008322994070098801,0.2000974664408005,0.2000974664408005,0.0
2008-10-14,0.00019756475615012847,0.0,0.0,0.00019756475615012847,0.19943115346455853,0.19943115346455853,0.0
2008-10-15,0.00035639714158249605,0.0,0.0,0.00035639714158249605,0.1995892864120085,0.1995892864120085,0.0
2008-10-16,-0.00010300808187505109,8.831393103557462e-08,0.0,-0.00010309639580608667,0.19965378245469237,0.19965378245469237,0.00022066641664550413
2008-10-17,-0.00014562721902092464,0.0,0.0,-0.00014562721902092464,0.1995713494596527,0.1995713494596527,0.0
2008-10-20,0.00016735973193731805,0.0,0.0,0.00016735973193731805,0.19945476828385744,0.19945476828385744,0.0
2008-10-21,0.00020266159875398048,0.0,0.0,0.00020266159875398048,0.19958872490029775,0.19958872490029775,0.0
2008-10-22,1.2812973027634725e-05,0.0,0.0,1.2812973027634725e-05,0.19975090466136047,0.19975090466136047,0.0
2008-10-23,7.057494877231736e-05,0.0,0.0,7.057494877231736e-05,0.19976115810005737,0.19976115810005737,0.0
2008-10-24,-2.509261778402471e-05,0.0,0.0,-2.509261778402471e-05,0.199817630929763,0.199817630929763,0.0
2008-10-27,-9.831989608511731e-05,0.0,0.0,-9.831989608511731e-05,0.19979755175557937,0.19979755175557937,0.0
2008-10-28,9.736231385348844e-05,0.0,0.0,9.736231385348844e-05,0.19971886819786175,0.19971886819786175,0.0
2008-10-29,-4.87932375910187e-05,0.0,0.0,-4.87932375910187e-05,0.19979677783512473,0.19979677783512473,0.0
2008-10-30,0.00021340639244063267,9.017784616146176e-08,0.0,0.0002133162145944712,0.1995323973537862,0.1995323973537862,0.0002253340701975498
2008-10-31,-6.08214344173627e-05,0.0,0.0,-6.08214344173627e-05,0.19970320381474663,0.19970320381474663,0.0
2008-11-03,0.00015895597723148208,0.0,0.0,0.00015895597723148208,0.1996545256549675,0.1996545256549675,0.0
2008-11-04,7.867283734791487e-06,0.0,0.0,7.867283734791487e-06,0.1997817251328475,0.1997817251328475,0.0
2008-11-05,0.0002222164215261287,0.0,0.0,0.0002222164215261287,0.19978802062753723,0.19978802062753723,0.0
2008-11-06,0.00018774745408998576,0.0,0.0,0.00018774745408998576,0.19996580136425662,0.19996580136425662,0.0
2008-11-07,-0.00017902738767407785,0.0,0.0,-0.00017902738767407785,0.20011597755303825,0.20011597755303825,0.0
2008-11-10,0.00028856862235489056,0.0,0.0,0.00028856862235489056,0.19997275076453958,0.19997275076453958,0.0
2008-11-11,7.164388304133355e-05,0.0,0.0,7.164388304133355e-05,0.2002035469251677,0.2002035469251677,0.0
2008-11-12,0.0001767075829963239,0.0,0.0,0.0001767075829963239,0.20026084334377078,0.20026084334377078,0.0
2008-11-13,-0.00024851409685121083,2.986042165109743e-07,0.0,-0.0002488127010677218,0.19965627891240462,0.19965627891240462,0.0007458594368674604
2008-11-14,-2.3684668223554065e-05,0.0,0.0,-2.3684668223554065e-05,0.19945739234809146,0.19945739234809146,0.0
2008-11-17,0.00022094890680491802,0.0,0.0,0.00022094890680491802,0.19943843131294453,0.19943843131294453,0.0
2008-11-18,-1.7818982583678385e-06,0.0,0.0,-1.7818982583678385e-06,0.19961527544285879,0.19961527544285879,0.0
2008-11-19,0.00012033400838107161,0.0,0.0,0.00012033400838107161,0.19961384923617076,0.19961384923617076,0.0
2008-11-20,0.0002543833280695008,0.0,0.0,0.0002543833280695008,0.19971015132152892,0.19971015132152892,0.0
2008-11-21,-0.00018738413073068942,0.0,0.0,-0.00018738413073068942,0.19991367994236803,0.19991367994236803,0.0
2008-11-24,-0.00022680865429096424,0.0,0.0,-0.00022680865429096424,0.19976372836422843,0.19976372836422843,0.0
2008-11-25,0.00010464520492144682,0.0,0.0,0.00010464520492144682,0.19958218667711813,0.19958218667711813,0.0
2008-11-26,0.00035100481814985687,0.0,0.0,0.00035100481814985687,0.19966593779906278,0.19966593779906278,0.0
2008-11-28,-0.00024448069802849605,1.1334737871880984e-07,0.0,-0.0002445940454072149,0.1996635414367072,0.1996635414367072,0.00028321890425231366
2008-12-01,0.00043796834858676563,0.0,0.0,0.00043796834858676563,0.19946784938688886,0.19946784938688886,0.0
2008-12-02,7.499051932560811e-05,0.0,0.0,7.499051932560811e-05,0.19981830364301176,0.19981830364301176,0.0
2008-12-03,-6.905056115325492e-05,0.0,0.0,-6.905056115325492e-05,0.19987830518442964,0.19987830518442964,0.0
2008-12-04,-1.964856568996617e-05,0.0,0.0,-1.964856568996617e-05,0.19982305251718405,0.19982305251718405,0.0
2008-12-05,-0.00011844615265633402,0.0,0.0,-0.00011844615265633402,0.19980732987894054,0.19980732987894054,0.0
2008-12-08,-0.00012030724995466223,0.0,0.0,-0.00012030724995466223,0.1997125389081551,0.1997125389081551,0.0
2008-12-09,0.0002644720866992654,0.0,0.0,0.0002644720866992654,0.19961624693991606,0.19961624693991606,0.0
2008-12-10,-6.526596071481363e-05,0.0,0.0,-6.526596071481363e-05,0.1998278701328207,0.1998278701328207,0.0
2008-12-11,0.00012838516635960958,0.0,0.0,0.00012838516635960958,0.1997756427213555,0.1997756427213555,0.0
2008-12-12,9.046744113704887e-05,1.782334658932423e-07,0.0,9.028920767115562e-05,0.19943306426135862,0.19943306426135862,0.000445302209025486
2008-12-15,4.9091678122524355e-05,0.0,0.0,4.9091678122524355e-05,0.19950551850730358,0.19950551850730358,0.0
2008-12-16,0.00011227680762516346,0.0,0.0,0.00011227680762516346,0.19954481419563663,0.19954481419563663,0.0
2008-12-17,-0.000277212501517402,0.0,0.0,-0.000277212501517402,0.19963467665907525,0.19963467665907525,0.0
2008-12-18,-1.7916237925668285e-05,0.0,0.0,-1.7916237925668285e-05,0.19941274386311855,0.19941274386311855,0.0
2008-12-19,-2.924736476550502e-05,0.0,0.0,-2.924736476550502e-05,0.19939840009437101,0.19939840009437101,0.0
2008-12-22,-5.842311999249932e-05,0.0,0.0,-5.842311999249932e-05,0.19937498392248537,0.19937498392248537,0.0
2008-12-23,-8.474057983301292e-05,0.0,0.0,-8.474057983301292e-05,0.1993282061782003,0.1993282061782003,0.0
2008-12-24,0.00013186077822257688,0.0,0.0,0.00013186077822257688,0.1992603510360518,0.1992603510360518,0.0
2008-12-26,0.00011790868824865639,0.0,0.0,0.00011790868824865639,0.19936592326848115,0.19936592326848115,0.0
2008-12-29,-0.0001313646383754151,4.8513320659332857e-08,0.0,-0.00013141315169607444,0.19958155476552106,0.19958155476552106,0.00012124091275531046
2008-12-30,0.00044212369316044093,0.0,0.0,0.00044212369316044093,0.1994764039500778,0.1994764039500778,0.0
2008-12-31,-0.0002643357813786082,0.0,0.0,-0.0002643357813786082,0.19983017798694172,0.19983017798694172,0.0
2009-01-02,-0.0005112369461179668,0.0,0.0,-0.0005112369461179668,0.19961860854643093,0.19961860854643093,0.0
2009-01-05,0.00020140932163207706,0.0,0.0,0.00020140932163207706,0.19920921471088035,0.19920921471088035,0.0
2009-01-06,6.91597129230494e-05,0.0,0.0,6.91597129230494e-05,0.19937046896160535,0.19937046896160535,0.0
2009-01-07,8.091675530588692e-05,0.0,0.0,8.091675530588692e-05,0.19942583644093076,0.19942583644093076,0.0
2009-01-08,-8.492195287467979e-05,0.0,0.0,-8.492195287467979e-05,0.19949061106327537,0.19949061106327537,0.0
2009-01-09,0.00013620217192502555,0.0,0.0,0.00013620217192502555,0.19942262446911801,0.19942262446911801,0.0
2009-01-12,-1.9626803799921705e-05,0.0,0.0,-1.9626803799921705e-05,0.19953164999694564,0.19953164999694564,0.0
2009-01-13,0.00014200499440254332,1.5620270819011893e-08,0.0,0.0001419893741317243,0.1994768966114896,0.1994768966114896,3.904244184693706e-05
2009-01-14,0.00014004159757771505,0.0,0.0,0.00014004159757771505,0.19959056186693006,0.19959056186693006,0.0
2009-01-15,-8.47949093586209e-05,0.0,0.0,-8.47949093586209e-05,0.1997026367882115,0.1997026367882115,0.0
2009-01-16,-1.7697077640028958e-05,0.0,0.0,-1.7697077640028958e-05,0.1996347698910706,0.1996347698910706,0.0
2009-01-20,-0.0001262935874089091,0.0,0.0,-0.0001262935874089091,0.19962060551478494,0.19962060551478494,0.0
2009-01-21,1.9692039796771514e-05,0.0,0.0,1.9692039796771514e-05,0.19951950996204718,0.19951950996204718,0.0
2009-01-22,6.9076047997681e-05,0.0,0.0,6.9076047997681e-05,0.19953527274531216,0.19953527274531216,0.0
2009-01-23,-4.543179555307819e-05,0.0,0.0,-4.543179555307819e-05,0.1995905618660785,0.1995905618660785,0.0
2009-01-26,-0.00015194215473181342,0.0,0.0,-0.00015194215473181342,0.19955419617596779,0.19955419617596779,0.0
2009-01-27,6.320271307450202e-05,0.0,0.0,6.320271307450202e-05,0.1994325562335538,0.1994325562335538,0.0
2009-01-28,-7.895082598701275e-05,1.4545189850800983e-08,1.811203187218204e-17,-7.896537117688166e-05,0.19951950662134593,0.19951950662068485,3.6355589961178936e-05
2009-01-29,-0.00018952047603781414,0.0,1.8744728291349126e-17,-0.0001895204760378329,0.19945630593661384,0.19945630593592967,0.0
2009-01-30,0.00014599399995765267,0.0,1.8402647113044813e-17,0.00014599399995763427,0.19930455775522565,0.19930455775455397,0.0
2009-02-02,0.000153398717817296,0.0,5.456770240800545e-17,0.00015339871781724145,0.19942143742184912,0.1994214374211852,0.0
2009-02-03,-0.00019355170953904035,0.0,1.8027728881583095e-17,-0.00019355170953905837,0.19954422631119662,0.19954422631053856,0.0
2009-02-04,-0.000101075566331225,0.0,1.813461459373825e-17,-0.00010107556633124314,0.1993892667351016,0.1993892667344397,0.0
2009-02-05,-1.958816740184926e-05,0.0,1.7911333305401616e-17,-1.958816740186717e-05,0.19930833637173548,0.19930833637108172,0.0
2009-02-06,-0.00021135408445993462,0.0,1.7833198656170498e-17,-0.00021135408445995246,0.19929265198215976,0.19929265198150883,0.0
2009-02-09,9.464323487830171e-05,0.0,5.4587529788645925e-17,9.464323487824712e-05,0.19912338343811406,0.19912338343744992,0.0
2009-02-10,0.0002037487544242362,0.0,1.8294634793311055e-17,0.0002037487544242179,0.19919917381880073,0.19919917381813296,0.0
2009-02-11,-4.539285062538966e-05,6.896990699147683e-08,6.751983740445398e-16,-4.546182053305634e-05,0.19953465213708313,0.1995346521124384,0.00017234941064514508
2009-02-12,0.00011887989823541354,0.0,6.804958728941711e-16,0.00011887989823473304,0.19949832884387253,0.19949832881903445,0.0
2009-02-13,-0.00010332782461035902,0.0,6.78788168686573e-16,-0.00010332782461103781,0.1995934810893283,0.19959348106455252,0.0
2009-02-17,0.0002615127639823987,0.0,2.6827907598492166e-15,0.0002615127639797159,0.19951076827809278,0.19951076825361233,0.0
2009-02-18,-0.00014479886001439354,0.0,6.420728975420737e-16,-0.0001447988600150356,0.19972005169829476,0.19972005167485907,0.0
2009-02-19,-3.557162806545099e-05,0.0,6.428312239083617e-16,-3.557162806609382e-05,0.19960415529244524,0.1996041552689819,0.0
2009-02-20,8.315341509771776e-05,0.0,6.351207962472557e-16,8.315341509708264e-05,0.19957568289606056,0.1995756828728786,0.0
2009-02-23,-3.3569577653393696e-05,0.0,1.8951550801100322e-15,-3.3569577655288854e-05,0.1996422353773668,0.19964223535430906,0.0
2009-02-24,-0.0001363886194957073,0.0,6.138324963440371e-16,-0.0001363886194963211,0.19961536680261685,0.19961536678021194,0.0
2009-02-25,-0.00023358441119634312,0.0,6.363096465036713e-16,-0.00023358441119697944,0.19950618855757674,0.19950618853435143,0.0
2009-02-26,6.941044960748037e-05,7.960648736401287e-08,7.331972594494971e-16,6.933084311938316e-05,0.19951808168835336,0.1995180816615917,0.0001989196974880869
2009-02-27,0.00012475811928504792,0.0,7.238698147980621e-16,0.00012475811928432405,0.1995736555278201,0.1995736555013989,0.0
2009-03-02,0.00028392535036260663,0.0,2.1444409346684785e-15,0.0002839253503604622,0.19967350275610307,0.1996735027300124,0.0
2009-03-03,-0.00010523792910883609,0.0,6.851626547392824e-16,-0.00010523792910952125,0.19990067123727223,0.1999006712122638,0.0
2009-03-04,-0.00010722241782650008,0.0,6.84132299897621e-16,-0.00010722241782718421,0.19981646157874167,0.19981646155377086,0.0
2009-03-05,0.00014088231417298678,0.0,7.012366988979494e-16,0.00014088231417228554,0.1997306547652549,0.19973065473965976,0.0
2009-03-06,-9.314375065916086e-05,0.0,6.766251722650684e-16,-9.314375065983748e-05,0.1998433826803091,0.19984338265561227,0.0
2009-03-09,-9.543446058338035e-05,0.0,2.031408957710033e-15,-9.543446058541176e-05,0.19976884614926155,0.19976884612454612,0.0
2009-03-10,-5.967744813492623e-05,0.0,6.681756159076852e-16,-5.9677448135594407e-05,0.1996924692314329,0.1996924692070445,0.0
2009-03-11,4.7659362205545564e-05,0.0,7.033667992581215e-16,4.7659362204842195e-05,0.19964470607117304,0.19964470604550014,0.0
2009-03-12,-7.654986365763598e-06,2.4605531419974508e-08,7.062343323588153e-16,-7.679591897889805e-06,0.19962135138112885,0.19962135135535133,6.149729514443036e-05
2009-03-13,6.181020160002534e-05,0.0,7.310553100679312e-16,6.181020159929428e-05,0.199615229359167,0.19961522933248346,0.0
2009-03-16,-0.00015283175191928313,0.0,2.2047608234831615e-15,-0.00015283175192148788,0.19966469824565894,0.19966469821883437,0.0
2009-03-17,4.133915235062986e-05,0.0,7.326695860151376e-16,4.133915234989719e-05,0.19954236290255836,0.19954236287581592,0.0
2009-03-18,0.0004031611406856986,0.0,7.518586705715994e-16,0.00040316114068494674,0.19957545177560432,0.19957545174816146,0.0
2009-03-19,-0.00018424076729794416,0.0,7.680796032820569e-16,-0.00018424076729871224,0.19989802180240282,0.19989802177436797,0.0
2009-03-20,0.00016255398867211525,0.0,7.624517855462469e-16,0.00016255398867135278,0.19975058323561803,0.19975058320778855,0.0
2009-03-23,-6.174672158509846e-05,0.0,2.2441662610642284e-15,-6.174672158734263e-05,0.19988064582753162,0.19988064580022763,0.0
2009-03-24,-0.00015280292785846663,0.0,7.963578520864659e-16,-0.00015280292785926298,0.19983123803152697,0.19983123800245992,0.0
2009-03-25,1.958497286570154e-05,0.0,7.807467596260425e-16,1.9584972864920792e-05,0.19970895121555982,0.19970895118706253,0.0
2009-03-26,0.00010932784042503677,3.780500126273316e-08,7.871689746536025e-16,0.00010929003542298686,0.19963013866860502,0.19963013863987333,9.448591870246659e-05
2009-03-27,6.934969575914584e-05,0.0,8.021532441621542e-16,6.93496957583437e-05,0.19971763936169973,0.19971763933242112,0.0
2009-03-30,7.357293571730139e-05,0.0,2.3559027965940964e-15,7.357293571494549e-05,0.1997731348507231,0.19977313482205963,0.0
2009-03-31,9.947686159174617e-05,0.0,7.5897164884341995e-16,9.94768615909872e-05,0.19983200555818273,0.19983200553048025,0.0
2009-04-01,-5.3354212725062376e-06,0.0,7.709000778131177e-16,-5.3354212732771375e-06,0.19991159584206267,0.19991159581392481,0.0
2009-04-02,-0.00023222129679634982,0.0,7.825010538420556e-16,-0.00023222129679713232,0.19990732701101863,0.19990732698245733,0.0
2009-04-03,-0.00016138418168537273,0.0,8.104575992403187e-16,-0.0001613841816861832,0.19972148529754985,0.19972148526796818,0.0
2009-04-06,4.989182666868031e-05,0.0,2.4577380697648014e-15,4.989182666622257e-05,0.19959231215814896,0.19959231212824646,0.0
2009-04-07,3.571797631696627e-05,0.0,8.121324812022708e-16,3.571797631615413e-05,0.19963224396724646,0.19963224393760365,0.0
2009-04-08,4.343082736456682e-05,0.0,7.927450121356697e-16,4.343082736377407e-05,0.19966083046204305,0.1996608304331079,0.0
2009-04-09,-0.00018424325234899872,3.984110149887981e-08,8.015339584754374e-16,-0.00018428309345129912,0.19959601146677725,0.19959601143752126,9.957687832973239e-05
2009-04-13,0.000255874492646795,0.0,3.331306876176733e-15,0.0002558744926434637,0.19944852320640566,0.19944852317600748,0.0
2009-04-14,4.003365512215144e-05,0.0,8.382014918353247e-16,4.003365512131324e-05,0.19965331150946938,0.19965331147887502,0.0
2009-04-15,4.75911848079049e-05,0.0,8.225930900639901e-16,4.759118480708231e-05,0.1996853510295471,0.19968535099952245,0.0
2009-04-16,-7.779563554111326e-05,0.0,8.366469813730647e-16,-7.779563554194991e-05,0.19972343713986218,0.19972343710932453,0.0
2009-04-17,-0.00021592727311742,0.0,8.469781451724359e-16,-0.00021592727311826697,0.19966117427264138,0.19966117424172666,0.0
2009-04-20,0.0001388521746749429,0.0,2.5526003103784963e-15,0.0001388521746723903,0.19948832196904084,0.19948832193798424,0.0
2009-04-21,-9.704977614213612e-06,0.0,8.151546537141187e-16,-9.704977615028766e-06,0.199599459323426,0.19959945929367284,0.0
2009-04-22,6.50866915962124e-05,0.0,8.330404232112347e-16,6.508669159537935e-05,0.1995916913793613,0.19959169134895532,0.0
2009-04-23,-2.8203893951473018e-05,0.0,8.268983280397187e-16,-2.8203893952299915e-05,0.19964378391734247,0.1996437838871607,0.0
2009-04-24,-3.447484578036553e-13,1.4559425857116851e-07,1.278578659916668e-15,-1.4559460459820497e-07,0.1999849639298966,0.19998496388322853,0.00036375382064823825
2009-04-27,9.756840436291659e-05,0.0,3.896535147423025e-15,9.756840435902005e-05,0.19998499304702758,0.19998499299961975,0.0
2009-04-28,-7.364537874284385e-05,0.0,1.2806250659365674e-15,-7.364537874412447e-05,0.20006304161898805,0.20006304157224528,0.0
2009-04-29,2.593860060289771e-05,0.0,1.2756227286632944e-15,2.5938600601622087e-05,0.20000412561964087,0.20000412557308062,0.0
2009-04-30,8.338768953230852e-05,0.0,1.3032361768163877e-15,8.338768953100528e-05,0.20002487585588766,0.20002487580831954,0.0
2009-05-01,-4.2600225803145556e-05,0.0,1.3085707732522802e-15,-4.2600225804454127e-05,0.2000915783712037,0.20009157832344085,0.0
2009-05-04,-0.0001545475572113275,0.0,3.952690062939141e-15,-0.0001545475572152802,0.20005750064042785,0.20005750059233682,0.0
2009-05-05,-2.1233787988400663e-06,0.0,1.3673437574108465e-15,-2.12337880020741e-06,0.1999338523735148,0.19993385232360675,0.0
2009-05-06,3.7898919198609307e-05,0.0,1.358529552296891e-15,3.7898919197250774e-05,0.19993215352609042,0.1999321534765041,0.0
2009-05-07,-0.00014330973322965534,0.0,1.3858588059627142e-15,-0.0001433097332310412,0.19996247408464066,0.1999624740340568,0.0
2009-05-08,9.361413441987696e-05,6.089490010955568e-08,4.754290539162437e-16,9.355323951929199e-05,0.2000000000242325,0.2000000000068793,0.00015219557051157618
2009-05-11,0.0001453230891320454,0.0,1.4719211817647292e-15,0.0001453230891305735,0.2000748965044948,0.20007489648658644,0.0
2009-05-12,7.538791406092703e-05,0.0,4.79793411710614e-16,7.538791406044723e-05,0.2001911272002122,0.20019112718269974,0.0
2009-05-13,-1.7677997790009264e-05,0.0,4.792466736566438e-16,-1.767799779048851e-05,0.2002514185775203,0.20025141856002776,0.0
2009-05-14,5.763228338129187e-05,0.0,4.637994881710649e-16,5.763228338082807e-05,0.20023728037336616,0.2002372803564375,0.0
2009-05-15,-1.1955739131186206e-05,0.0,4.686670481825601e-16,-1.1955739131654873e-05,0.20028336986899736,0.20028336985189102,0.0
2009-05-18,-3.01015029082605e-05,0.0,1.3950597435483181e-15,-3.010150290965556e-05,0.2002738085511428,0.20027380853416957,0.0
2009-05-19,3.8009539561540664e-05,0.0,4.822549750510133e-16,3.800953956105841e-05,0.20024973486683986,0.20024973484923755,0.0
2009-05-20,4.4024464457779085e-05,0.0,4.819711599258138e-16,4.4024464457297116e-05,0.2002801318507968,0.20028013183320487,0.0
2009-05-21,-6.584876774601188e-05,0.0,4.805364132333662e-16,-6.584876774649241e-05,0.20031533753974526,0.20031533752220565,0.0
2009-05-22,4.56069104789081e-05,1.0510394840493438e-07,4.745527962923383e-16,4.5501806530028605e-05,0.20000000002453436,0.20000000000721316,0.00026267579767381977
2009-05-26,-0.00010926827220119955,0.0,1.8939885461272504e-15,-0.00010926827220309355,0.20003650491263011,0.20003650489534747,0.0
2009-05-27,-2.385873716921872e-05,0.0,4.851049327345828e-16,-2.3858737169703827e-05,0.19994908473186787,0.19994908471416156,0.0
2009-05-28,-3.377852655600692e-05,0.0,4.770386311996087e-16,-3.3778526556483956e-05,0.19992999607163242,0.19992999605422054,0.0
2009-05-29,0.00016493941452526016,0.0,4.832476139637992e-16,0.0001649394145247769,0.19990296997308243,0.1999029699554439,0.0
2009-06-01,-0.00016090720409717577,0.0,1.476304533617166e-15,-0.00016090720409865208,0.2000349157460462,0.20003491572808452,0.0
2009-06-02,-3.590814413760928e-05,0.0,5.071722955602002e-16,-3.590814413811645e-05,0.1999061748861791,0.19990617486766735,0.0
2009-06-03,0.00022275166792852297,0.0,5.065300490514611e-16,0.00022275166792801643,0.19987744397008544,0.1998774439515971,0.0
2009-06-04,-9.54340490314914e-05,0.0,4.976196557024802e-16,-9.543404903198902e-05,0.20005563291178327,0.20005563289362013,0.0
2009-06-05,-0.0006782895801774017,0.0,5.043795925996693e-16,-0.000678289580177906,0.19997928369576237,0.1999792836773525,0.0
2009-06-08,-0.0002426166096755562,2.7155627581713424e-07,0.0,-0.00024288816595137335,0.20000000005943783,0.20000000005943783,0.000678515378734576
2009-06-09,0.00020656055865513366,0.0,0.0,0.00020656055865513366,0.19980591394174585,0.19980591394174585,0.0
2009-06-10,9.835932754912859e-06,0.0,0.0,9.835932754912859e-06,0.19997116834415285,0.19997116834415285,0.0
2009-06-11,-5.34629732452179e-05,0.0,0.0,-5.34629732452179e-05,0.1999790372965445,0.1999790372965445,0.0
2009-06-12,0.0001954464915003043,0.0,0.0,0.0001954464915003043,0.1999362635104061,0.1999362635104061,0.0
2009-06-15,7.214465275070602e-05,0.0,0.0,7.214465275070602e-05,0.20009260260475215,0.20009260260475215,0.0
2009-06-16,0.0001299065834043579,0.0,0.0,0.0001299065834043579,0.2001503074830715,0.2001503074830715,0.0
2009-06-17,0.00010809406259158121,0.0,0.0,0.00010809406259158121,0.20025419972757688,0.20025419972757688,0.0
2009-06-18,-0.00018992011695414943,0.0,0.0,-0.00018992011695414943,0.20034063815668787,0.20034063815668787,0.0
2009-06-19,8.185328306332604e-05,0.0,0.0,8.185328306332604e-05,0.20018873790825023,0.20018873790825023,0.0
2009-06-22,0.00013179522322123556,1.0171362144995139e-07,0.0,0.0001316935095997856,0.20000000005873605,0.20000000005873605,0.00025419966888258483
2009-06-23,2.515719889183819e-13,0.0,0.0,2.515719889183819e-13,0.2001054426939189,0.2001054426939189,0.0
2009-06-24,-1.1908639093418298e-05,0.0,0.0,-1.1908639093418298e-05,0.2001054426941201,0.2001054426941201,0.0
2009-06-25,0.0001917503529684229,0.0,0.0,0.0001917503529684229,0.20009591692508544,0.20009591692508544,0.0
2009-06-26,4.795804552057404e-05,0.0,0.0,4.795804552057404e-05,0.2002492694099628,0.2002492694099628,0.0
2009-06-29,1.160674998330236e-13,0.0,0.0,1.160674998330236e-13,0.20028762205258777,0.20028762205258777,0.0
2009-06-30,-3.3745705723301164e-05,0.0,0.0,-3.3745705723301164e-05,0.20028762205268058,0.20028762205268058,0.0
2009-07-01,0.00010057679374935664,0.0,0.0,0.00010057679374935664,0.20026063428338978,0.20026063428338978,0.0
2009-07-02,0.0001297078200030427,0.0,0.0,0.0001297078200030427,0.20034106141552566,0.20034106141552566,0.0
2009-07-06,1.4242816127463824e-05,0.0,0.0,1.4242816127463824e-05,0.20044476998138333,0.20044476998138333,0.0
2009-07-07,-1.1852134330797512e-05,2.438421889997591e-07,0.0,-1.209597651979727e-05,0.20000000006808033,0.20000000006808033,0.0006093100169128757
2009-07-08,0.00017696922435560828,0.0,0.0,0.00017696922435560828,0.1999905670149523,0.1999905670149523,0.0
2009-07-09,-6.962598545309144e-05,0.0,0.0,-6.962598545309144e-05,0.20013211901343742,0.20013211901343742,0.0
2009-07-10,9.545660132742784e-05,0.0,0.0,9.545660132742784e-05,0.20007642354613964,0.20007642354613964,0.0
2009-07-13,-3.789720339001209e-05,0.0,0.0,-3.789720339001209e-05,0.20015277424389155,0.20015277424389155,0.0
2009-07-14,-7.156180006244193e-05,0.0,0.0,-7.156180006244193e-05,0.20012246112211357,0.20012246112211357,0.0
2009-07-15,-0.0002822858272687071,0.0,0.0,-0.0002822858272687071,0.20006521634906294,0.20006521634906294,0.0
2009-07-16,0.0001988649117017026,0.0,0.0,0.0001988649117017026,0.19983934233586637,0.19983934233586637,0.0
2009-07-17,-3.576875837561773e-05,0.0,0.0,-3.576875837561773e-05,0.1999984345765355,0.1999984345765355,0.0
2009-07-20,-5.5563633952409716e-05,0.0,0.0,-5.5563633952409716e-05,0.19996981849027987,0.19996981849027987,0.0
2009-07-21,0.00011928726214181945,4.990865346127436e-09,0.0,0.00011928227127647333,0.19993783967315015,0.19993783967315015,1.2476237110925685e-05
2009-07-22,-2.592468659038212e-05,0.0,0.0,-2.592468659038212e-05,0.20003326651293143,0.20003326651293143,0.0
2009-07-23,-0.00020084551724452494,0.0,0.0,-0.00020084551724452494,0.20001252708841996,0.20001252708841996,0.0
2009-07-24,3.78753235764341e-05,0.0,0.0,3.78753235764341e-05,0.19985182091351905,0.19985182091351905,0.0
2009-07-27,-7.149005790666424e-05,0.0,0.0,-7.149005790666424e-05,0.19988212563690988,0.19988212563690988,0.0
2009-07-28,-3.798276033207286e-05,0.0,0.0,-3.798276033207286e-05,0.19982492107418198,0.19982492107418198,0.0
2009-07-29,-5.9595333813189765e-05,0.0,0.0,-5.9595333813189765e-05,0.19979452706148695,0.19979452706148695,0.0
2009-07-30,3.374749644524171e-05,0.0,0.0,3.374749644524171e-05,0.19974683570702587,0.19974683570702587,0.0
2009-07-31,0.00010155585917556973,0.0,0.0,0.00010155585917556973,0.19977384133647075,0.19977384133647075,0.0
2009-08-03,-0.00011484657812333541,0.0,0.0,-0.00011484657812333541,0.19985510073918014,0.19985510073918014,0.0
2009-08-04,-6.187526173108495e-05,1.7576334873422183e-09,0.0,-6.18770193645723e-05,0.19975880235669785,0.19975880235669785,4.3939238867918284e-06
2009-08-05,-5.753597471996957e-05,0.0,0.0,-5.753597471996957e-05,0.19970928451023162,0.19970928451023162,0.0
2009-08-06,-4.839332956968399e-13,0.0,0.0,-4.839332956968399e-13,0.1996632363544311,0.1996632363544311,0.0
2009-08-07,-0.00016732285133899306,0.0,0.0,-0.00016732285133899306,0.1996632363540438,0.1996632363540438,0.0
2009-08-10,0.00015543262131036253,0.0,0.0,0.00015543262131036253,0.19952929931399166,0.19952929931399166,0.0
2009-08-11,0.00010751877811832201,0.0,0.0,0.00010751877811832201,0.19965369923747522,0.19965369923747522,0.0
2009-08-12,7.945617061814336e-05,0.0,0.0,7.945617061814336e-05,0.19973974224256594,0.19973974224256594,0.0
2009-08-13,0.00012370412428518003,0.0,0.0,0.00012370412428518003,0.1998033228062771,0.1998033228062771,0.0
2009-08-14,0.00011535498513813268,0.0,0.0,0.00011535498513813268,0.19990229819182187,0.19990229819182187,0.0
2009-08-17,6.392934111597407e-05,0.0,0.0,6.392934111597407e-05,0.19999458280483284,0.19999458280483284,0.0
2009-08-18,1.9672367544137412e-05,4.698096099652967e-08,0.0,1.962538658314088e-05,0.2000000000757825,0.2000000000757825,0.00011743147231103868
2009-08-19,4.235265792114208e-06,0.0,0.0,4.235265792114208e-06,0.2000157470569679,0.2000157470569679,0.0
2009-08-20,-2.0961006674163405e-06,0.0,0.0,-2.0961006674163405e-06,0.200019135188559,0.200019135188559,0.0
2009-08-21,-0.00017702522527936006,0.0,0.0,-0.00017702522527936006,0.2000174583446195,0.2000174583446195,0.0
2009-08-24,0.00011945107705209614,0.0,0.0,0.00011945107705209614,0.19987581618072744,0.19987581618072744,0.0
2009-08-25,8.17366331665532e-15,0.0,0.0,8.17366331665532e-15,0.19997138046100385,0.19997138046100385,0.0
2009-08-26,8.150718439203409e-05,0.0,0.0,8.150718439203409e-05,0.19997138046101043,0.19997138046101043,0.0
2009-08-27,-1.1994550324200279e-05,0.0,0.0,-1.1994550324200279e-05,0.20003658322672824,0.20003658322672824,0.0
2009-08-28,0.00012930764258001275,0.0,0.0,0.00012930764258001275,0.2000269879101767,0.2000269879101767,0.0
2009-08-31,7.164077136955829e-05,0.0,0.0,7.164077136955829e-05,0.20013041716030516,0.20013041716030516,0.0
2009-09-01,2.0028771944100088e-05,7.51080973576796e-08,0.0,1.995366384674241e-05,0.20000000007741872,0.20000000007741872,0.0001877162518394565
2009-09-02,0.00019453902274863907,0.0,0.0,0.00019453902274863907,0.20001603779658067,0.20001603779658067,0.0
2009-09-03,-9.541623577881093e-05,0.0,0.0,-9.541623577881093e-05,0.20017163562495283,0.20017163562495283,0.0
2009-09-04,-4.775382716386125e-05,0.0,0.0,-4.775382716386125e-05,0.20009531173061634,0.20009531173061634,0.0
2009-09-08,1.2018405703872404e-05,0.0,0.0,1.2018405703872404e-05,0.20005711139617302,0.20005711139617302,0.0
2009-09-09,-5.3595487635163874e-05,0.0,0.0,-5.3595487635163874e-05,0.20006672531880412,0.20006672531880412,0.0
2009-09-10,8.163586902773106e-05,0.0,0.0,8.163586902773106e-05,0.20002385020695945,0.20002385020695945,0.0
2009-09-11,-5.768743097329865e-05,0.0,0.0,-5.768743097329865e-05,0.2000891516242114,0.2000891516242114,0.0
2009-09-14,-5.9634448322273e-05,0.0,0.0,-5.9634448322273e-05,0.20004300416023227,0.20004300416023227,0.0
2009-09-15,4.7677474726831275e-05,0.0,0.0,4.7677474726831275e-05,0.19999529632107316,0.19999529632107316,0.0
2009-09-16,-0.0001311060146905095,3.0744503029892996e-08,0.0,-0.0001311367591935394,0.19995659198326723,0.19995659198326723,7.684472340965809e-05
2009-09-17,0.0001648899831202179,0.0,0.0,0.0001648899831202179,0.1998516938720304,0.1998516938720304,0.0
2009-09-18,-0.00011720231143775419,0.0,0.0,-0.00011720231143775419,0.19998360856131064,0.19998360856131064,0.0
2009-09-21,0.00010120681255117282,0.0,0.0,0.00010120681255117282,0.1998898338004272,0.1998898338004272,0.0
2009-09-22,-8.921075299534008e-05,0.0,0.0,-8.921075299534008e-05,0.19997080220548383,0.19997080220548383,0.0
2009-09-23,0.0001985065525656442,0.0,0.0,0.0001985065525656442,0.19989942463068316,0.19989942463068316,0.0
2009-09-24,-1.97217470509046e-05,0.0,0.0,-1.97217470509046e-05,0.20005821831601847,0.20005821831601847,0.0
2009-09-25,7.913637279036091e-06,0.0,0.0,7.913637279036091e-06,0.20004244175540328,0.20004244175540328,0.0
2009-09-28,9.827075943748686e-06,0.0,0.0,9.827075943748686e-06,0.2000487722792604,0.2000487722792604,0.0
2009-09-29,-1.185528676787802e-05,0.0,0.0,-1.185528676787802e-05,0.20005663338347493,0.20005663338347493,0.0
2009-09-30,0.00010722371190988773,1.886212080614428e-08,0.0,0.00010720484978908159,0.20000000007993182,0.20000000007993182,4.714963310208098e-05
2009-10-01,3.9074839486698634e-05,0.0,0.0,3.9074839486698634e-05,0.2000857736265352,0.2000857736265352,0.0
2009-10-02,3.585344613543562e-05,0.0,0.0,3.585344613543562e-05,0.2001170289252381,0.2001170289252381,0.0
2009-10-05,4.359519339373238e-05,0.0,0.0,4.359519339373238e-05,0.2001457064580678,0.2001457064580678,0.0
2009-10-06,-0.00010322294636096383,0.0,0.0,-0.00010322294636096383,0.2001805747405921,0.2001805747405921,0.0
2009-10-07,0.0001748482496794374,0.0,0.0,0.0001748482496794374,0.20009800650002302,0.20009800650002302,0.0
2009-10-08,-0.00013904010271436566,0.0,0.0,-0.00013904010271436566,0.20023784351324453,0.20023784351324453,0.0
2009-10-09,-0.00012132047882224966,0.0,0.0,-0.00012132047882224966,0.20012662903758746,0.20012662903758746,0.0
2009-10-12,0.0001192465906400396,0.0,0.0,0.0001192465906400396,0.20002957624273357,0.20002957624273357,0.0
2009-10-13,5.970426283593423e-05,0.0,0.0,5.970426283593423e-05,0.2001249586143569,0.2001249586143569,0.0
2009-10-14,-0.0001527762409924437,9.341451308819814e-08,0.0,-0.00015286965550553188,0.19993925514135935,0.19993925514135935,0.00023345657164078326
2009-10-15,-5.9441863993658744e-05,0.0,0.0,-5.9441863993658744e-05,0.19981702486012146,0.19981702486012146,0.0
2009-10-16,0.00010304837502483045,0.0,0.0,0.00010304837502483045,0.19976945766506035,0.19976945766506035,0.0
2009-10-19,-2.175238403185052e-05,0.0,0.0,-2.175238403185052e-05,0.1998519116253466,0.1998519116253466,0.0
2009-10-20,2.583007736024489e-05,0.0,0.0,2.583007736024489e-05,0.19983450611823464,0.19983450611823464,0.0
2009-10-21,-4.767542158340708e-05,0.0,0.0,-4.767542158340708e-05,0.19985517392099164,0.19985517392099164,0.0
2009-10-22,1.1869625381628542e-05,0.0,0.0,1.1869625381628542e-05,0.19981702486030803,0.19981702486030803,0.0
2009-10-23,-0.00016659459794898365,0.0,0.0,-0.00016659459794898365,0.19982652261972483,0.19982652261972483,0.0
2009-10-26,-0.00010722988930408682,0.0,0.0,-0.00010722988930408682,0.1996931958294482,0.1996931958294482,0.0
2009-10-27,0.00020255143874841448,0.0,0.0,0.00020255143874841448,0.1996073698163138,0.1996073698163138,0.0
2009-10-28,0.00014297879625911633,6.768799407416104e-08,0.0,0.00014291110826504216,0.19993862863101078,0.19993862863101078,0.0001691709873463676
2009-10-29,-6.157551268790319e-05,0.0,0.0,-6.157551268790319e-05,0.20005301762880878,0.20005301762880878,0.0
2009-10-30,0.0001628164123032694,0.0,0.0,0.0001628164123032694,0.20000375745002533,0.20000375745002533,0.0
2009-11-02,1.4120867849466058e-05,0.0,0.0,1.4120867849466058e-05,0.20013398876429808,0.20013398876429808,0.0
2009-11-03,-1.1910844876177775e-05,0.0,0.0,-1.1910844876177775e-05,0.20014528340704985,0.20014528340704985,0.0
2009-11-04,-3.3765691883981334e-05,0.0,0.0,-3.3765691883981334e-05,0.20013575634812167,0.20013575634812167,0.0
2009-11-05,9.553755787237649e-05,0.0,0.0,9.553755787237649e-05,0.20010874746654794,0.20010874746654794,0.0
2009-11-06,9.352608006905455e-05,0.0,0.0,9.352608006905455e-05,0.20018515982312854,0.20018515982312854,0.0
2009-11-09,9.291142915570587e-13,0.0,0.0,9.291142915570587e-13,0.20025995637448313,0.20025995637448313,0.0
2009-11-10,-8.930595870785526e-05,0.0,0.0,-8.930595870785526e-05,0.20025995637522612,0.20025995637522612,0.0
2009-11-11,0.00010717448916236438,1.1161477008338032e-07,0.0,0.000107062874392281,0.19990959699873243,0.19990959699873243,0.0002789314462409709
2009-11-12,-1.1829000457803605e-05,0.0,0.0,-1.1829000457803605e-05,0.19999535940985122,0.19999535940985122,0.0
2009-11-13,2.3763583737802703e-05,0.0,0.0,2.3763583737802703e-05,0.19998589604264932,0.19998589604264932,0.0
2009-11-16,5.957719987163829e-05,0.0,0.0,5.957719987163829e-05,0.20000490679303654,0.20000490679303654,0.0
2009-11-17,2.3843499242143545e-05,0.0,0.0,2.3843499242143545e-05,0.20005256542123326,0.20005256542123326,0.0
2009-11-18,-1.3603021402331936e-13,0.0,0.0,-1.3603021402331936e-13,0.20007163851251414,0.20007163851251414,0.0
2009-11-19,3.565910291197895e-05,0.0,0.0,3.565910291197895e-05,0.20007163851240534,0.20007163851240534,0.0
2009-11-20,2.383038160110763e-05,0.0,0.0,2.383038160110763e-05,0.2001001622230399,0.2001001622230399,0.0
2009-11-23,-1.1850564755392415e-05,0.0,0.0,-1.1850564755392415e-05,0.20011922368717477,0.20011922368717477,0.0
2009-11-24,8.33760903386955e-05,0.0,0.0,8.33760903386955e-05,0.2001097445359052,0.2001097445359052,0.0
2009-11-25,4.7443636553187365e-05,1.201013218807777e-07,0.0,4.732353523130659e-05,0.1998762906386084,0.1998762906386084,0.0003001400594659226
2009-11-27,9.306401688520126e-05,0.0,0.0,9.306401688520126e-05,0.19991427362499048,0.19991427362499048,0.0
2009-11-30,1.1929210322286489e-05,0.0,0.0,1.1929210322286489e-05,0.1999887258877128,0.1999887258877128,0.0
2009-12-01,2.4989240445576526e-05,0.0,0.0,2.4989240445576526e-05,0.19999826927661682,0.19999826927661682,0.0
2009-12-02,-0.00010545877549450229,0.0,0.0,-0.00010545877549450229,0.2000182602126644,0.2000182602126644,0.0
2009-12-03,-5.9813404704115467e-05,0.0,0.0,-5.9813404704115467e-05,0.19993388621999056,0.19993388621999056,0.0
2009-12-04,-0.00020742233471235556,0.0,0.0,-0.00020742233471235556,0.1998860286792145,0.1998860286792145,0.0
2009-12-07,0.00017165405229529055,0.0,0.0,0.00017165405229529055,0.19972003273998193,0.19972003273998193,0.0
2009-12-08,9.562429215229318e-05,0.0,0.0,9.562429215229318e-05,0.19985738046303958,0.19985738046303958,0.0
2009-12-09,-2.8202950922149615e-05,0.0,0.0,-2.8202950922149615e-05,0.19993388621884492,0.19993388621884492,0.0
2009-12-10,-7.932447290323384e-05,3.5475581780080824e-08,0.0,-7.935994848501392e-05,0.200000000107874,0.200000000107874,8.867875076624929e-05
2009-12-11,-0.00010761953118893632,0.0,0.0,-0.00010761953118893632,0.19993654258869087,0.19993654258869087,0.0
2009-12-14,-0.00012937486785001944,0.0,0.0,-0.00012937486785001944,0.19985043086717982,0.19985043086717982,0.0
2009-12-15,-2.3939268190459985e-05,0.0,0.0,-2.3939268190459985e-05,0.19974689822789152,0.19974689822789152,0.0
2009-12-16,9.348494519967779e-05,0.0,0.0,9.348494519967779e-05,0.19972774029564105,0.19972774029564105,0.0
2009-12-17,0.00019129084479974087,0.0,0.0,0.00019129084479974087,0.1998025467107107,0.1998025467107107,0.0
2009-12-18,-7.171743163543335e-05,0.0,0.0,-7.171743163543335e-05,0.199955587882182,0.199955587882182,0.0
2009-12-21,-0.00015540085820440263,0.0,0.0,-0.00015540085820440263,0.1998982066365151,0.1998982066365151,0.0
2009-12-22,-0.00011959898017993565,0.0,0.0,-0.00011959898017993565,0.19977385080617283,0.19977385080617283,0.0
2009-12-23,5.420400457032953e-13,0.0,0.0,5.420400457032953e-13,0.19967813312707905,0.19967813312707905,0.0
2009-12-24,-9.814791315213959e-05,1.274448412408254e-07,0.0,-9.827535799338041e-05,0.19999664184871332,0.19999664184871332,0.00031850872120041396
2009-12-28,-0.00016590058706968157,0.0,0.0,-0.00016590058706968157,0.19991814096243363,0.19991814096243363,0.0
2009-12-29,7.486031747775756e-05,0.0,0.0,7.486031747775756e-05,0.1997853848880048,0.1997853848880048,0.0
2009-12-30,-1.419227384871148e-05,0.0,0.0,-1.419227384871148e-05,0.19984528472402163,0.19984528472402163,0.0
2009-12-31,-9.834363740050475e-05,0.0,0.0,-9.834363740050475e-05,0.19983392854801116,0.19983392854801116,0.0
2010-01-04,8.846356614188771e-05,0.0,0.0,8.846356614188771e-05,0.19975522956647593,0.19975522956647593,0.0
2010-01-05,9.843441098580665e-05,0.0,0.0,9.843441098580665e-05,0.19982601581065135,0.19982601581065135,0.0
2010-01-06,1.2045411116609162e-05,0.0,0.0,1.2045411116609162e-05,0.1999047727130819,0.1999047727130819,0.0
2010-01-07,-2.4090531371419367e-05,0.0,0.0,-2.4090531371419367e-05,0.19991441007294108,0.19991441007294108,0.0
2010-01-08,9.615373700906677e-05,0.0,0.0,9.615373700906677e-05,0.1998951351215933,0.1998951351215933,0.0
2010-01-11,0.0007463067842158247,3.8871567807478886e-05,0.0,0.0007074352164083459,0.29155026467111433,0.29155026467111433,0.09157820387345514
2010-01-12,0.00010194357463632134,0.0,0.0,0.00010194357463632134,0.2920899367477165,0.2920899367477165,0.0
2010-01-13,-0.0002463197371596959,0.0,0.0,-0.0002463197371596959,0.29216209627388534,0.29216209627388534,0.0
2010-01-14,-0.0004088980861018396,0.0,0.0,-0.0004088980861018396,0.29198769886996506,0.29198769886996506,0.0
2010-01-15,3.0447194288905732e-05,0.0,0.0,3.0447194288905732e-05,0.29169807556868294,0.29169807556868294,0.0
2010-01-19,0.00016714903171836026,0.0,0.0,0.00016714903171836026,0.29171964071839296,0.29171964071839296,0.0
2010-01-20,0.0001074597668754229,0.0,0.0,0.0001074597668754229,0.2918380093094366,0.2918380093094366,0.0
2010-01-21,-7.700779393837078e-05,0.0,0.0,-7.700779393837078e-05,0.29191410005517254,0.29191410005517254,0.0
2010-01-22,-0.0001755591741705851,0.0,0.0,-0.0001755591741705851,0.29185956772268434,0.29185956772268434,0.0
2010-01-25,-2.6302850822521537e-05,0.0,0.0,-2.6302850822521537e-05,0.29173522534375157,0.29173522534375157,0.0
2010-01-26,-0.00018419307504816118,3.7819370334184324e-05,0.0,-0.0002220124453823455,0.38208691844881126,0.38208691844881126,0.09103155987919027
2010-01-27,-0.0003188678315238768,0.0,0.0,-0.0003188678315238768,0.3819875313597059,0.3819875313597059,0.0
2010-01-28,-0.0003150789041529886,0.0,0.0,-0.0003150789041529886,0.3817904042064679,0.3817904042064679,0.0
2010-01-29,-6.74766557229035e-05,0.0,0.0,-6.74766557229035e-05,0.3815955580125632,0.3815955580125632,0.0
2010-02-01,1.7866971380662103e-05,0.0,0.0,1.7866971380662103e-05,0.38155382733308696,0.38155382733308696,0.0
2010-02-02,-0.0002304781973768153,0.0,0.0,-0.0002304781973768153,0.3815648768957323,0.3815648768957323,0.0
2010-02-03,-0.00013437814372541652,0.0,0.0,-0.00013437814372541652,0.3814223082243944,0.3814223082243944,0.0
2010-02-04,-0.0005898414054694781,0.0,0.0,-0.0005898414054694781,0.3813391737309648,0.3813391737309648,0.0
2010-02-05,-0.0001569800754296425,0.0,0.0,-0.0001569800754296425,0.3809740465925848,0.3809740465925848,0.0
2010-02-08,0.00033788501044644987,0.0,0.0,0.00033788501044644987,0.3808768565948328,0.3808768565948328,0.0
2010-02-09,-0.0002647055446176457,8.183015790121178e-06,0.0,-0.0002728885604077669,0.40000000021349547,0.40000000021349547,0.02011958612628273
2010-02-10,0.0003008109765945554,0.0,0.0,0.0003008109765945554,0.3998444076336641,0.3998444076336641,0.0
2010-02-11,0.0007493927233657759,0.0,0.0,0.0007493927233657759,0.40002488673341824,0.40002488673341824,0.0
2010-02-12,-7.68887409215409e-05,0.0,0.0,-7.68887409215409e-05,0.40047416703011574,0.40047416703011574,0.0
2010-02-16,0.0001828440006967057,0.0,0.0,0.0001828440006967057,0.4004280666990723,0.4004280666990723,0.0
2010-02-17,0.00036034409271873543,0.0,0.0,0.00036034409271873543,0.4005376747888809,0.4005376747888809,0.0
2010-02-18,-0.00038278315104163486,0.0,0.0,-0.00038278315104163486,0.40075360968571366,0.40075360968571366,0.0
2010-02-19,0.0003109563755518852,0.0,0.0,0.0003109563755518852,0.400524140427213,0.400524140427213,0.0
2010-02-22,4.246709487331831e-05,0.0,0.0,4.246709487331831e-05,0.40071049332011643,0.40071049332011643,0.0
2010-02-23,-1.4268469598081662e-05,0.0,0.0,-1.4268469598081662e-05,0.400735942323708,0.400735942323708,0.0
2010-02-24,0.0004045909974221599,6.184444362930331e-07,0.0,0.0004039725529858669,0.39981485720574556,0.39981485720574556,0.0015387318225327656
2010-02-25,0.00047937845357520683,0.0,0.0,0.00047937845357520683,0.40005783581789034,0.40005783581789034,0.0
2010-02-26,0.0009152334687037477,0.0,0.0,0.0009152334687037477,0.4003452973619201,0.4003452973619201,0.0
2010-03-01,-3.604059807749035e-05,0.0,0.0,-3.604059807749035e-05,0.4008936195726013,0.4008936195726013,0.0
2010-03-02,0.0009541857551827782,0.0,0.0,0.0009541857551827782,0.4008720266421164,0.4008720266421164,0.0
2010-03-03,-5.5954315272829714e-05,0.0,0.0,-5.5954315272829714e-05,0.4014431610515084,0.4014431610515084,0.0
2010-03-04,0.00017972357016279774,0.0,0.0,0.00017972357016279774,0.4014096673393154,0.4014096673393154,0.0
2010-03-05,8.386145618239484e-05,0.0,0.0,8.386145618239484e-05,0.40151722879963647,0.40151722879963647,0.0
2010-03-08,0.0003692400666642864,0.0,0.0,0.0003692400666642864,0.40156741422770625,0.40156741422770625,0.0
2010-03-09,0.0001605648022865806,0.0,0.0,0.0001605648022865806,0.4017882979564481,0.4017882979564481,0.0
2010-03-10,-7.048447713171235e-05,1.2160401948124043e-06,0.0,-7.170051732652475e-05,0.3994707916018355,0.3994707916018355,0.0030196303684032755
2010-03-11,4.476997054330319e-06,0.0,0.0,4.476997054330319e-06,0.39942894638679494,0.39942894638679494,0.0
2010-03-12,0.0008355865135628311,0.0,0.0,0.0008355865135628311,0.39943163512959534,0.39943163512959534,0.0
2010-03-15,5.6230434923957155e-05,0.0,0.0,5.6230434923957155e-05,0.39993304298611093,0.39993304298611093,0.0
2010-03-16,0.0001883763870428721,0.0,0.0,0.0001883763870428721,0.39996678311486517,0.39996678311486517,0.0
2010-03-17,0.0004116764999929058,0.0,0.0,0.0004116764999929058,0.4000797939158013,0.4000797939158013,0.0
2010-03-18,-0.000224987167376116,0.0,0.0,-0.000224987167376116,0.40032666533535516,0.40032666533535516,0.0
2010-03-19,0.0003153855952251601,0.0,0.0,0.0003153855952251601,0.4001917161686071,0.4001917161686071,0.0
2010-03-22,-0.00024242093934244739,0.0,0.0,-0.00024242093934244739,0.4003808274182602,0.4003808274182602,0.0
2010-03-23,5.0992940124756224e-05,0.0,0.0,5.0992940124756224e-05,0.400235431928284,0.400235431928284,0.0
2010-03-24,-0.0003505336058572071,6.138486542456333e-07,0.0,-0.00035114745451145273,0.3993608790428963,0.3993608790428963,0.0015283882224463308
2010-03-25,-0.0005069319847068691,0.0,0.0,-0.0005069319847068691,0.3991505061212306,0.3991505061212306,0.0
2010-03-26,1.21696940492194e-05,0.0,0.0,1.21696940492194e-05,0.3988457618101501,0.3988457618101501,0.0
2010-03-29,7.164956966945518e-05,0.0,0.0,7.164956966945518e-05,0.3988530775842745,0.3988530775842745,0.0
2010-03-30,-0.00010078114506098244,0.0,0.0,-0.00010078114506098244,0.39889614641671034,0.39889614641671034,0.0
2010-03-31,0.00017262124545094345,0.0,0.0,0.00017262124545094345,0.3988355603761151,0.3988355603761151,0.0
2010-04-01,8.655797771090237e-05,0.0,0.0,8.655797771090237e-05,0.3989393162199408,0.3989393162199408,0.0
2010-04-05,-0.00044592326130778485,0.0,0.0,-0.00044592326130778485,0.398991338314283,0.398991338314283,0.0
2010-04-06,1.4454402463548546e-05,0.0,0.0,1.4454402463548546e-05,0.3987232150093713,0.3987232150093713,0.0
2010-04-07,0.0002625434906866447,0.0,0.0,0.0002625434906866447,0.3987319059803907,0.3987319059803907,0.0
2010-04-08,0.0002564234877083649,2.5249816179192235e-07,0.0,0.00025617098954657295,0.39941729889787275,0.39941729889787275,0.0006297162361671715
2010-04-09,5.217393690051783e-05,0.0,0.0,5.217393690051783e-05,0.3995713637939235,0.3995713637939235,0.0
2010-04-12,0.0003857194537278988,0.0,0.0,0.0003857194537278988,0.39960268888534883,0.39960268888534883,0.0
2010-04-13,9.204481140433447e-05,0.0,0.0,9.204481140433447e-05,0.3998341845158434,0.3998341845158434,0.0
2010-04-14,0.0004053382176983452,0.0,0.0,0.0004053382176983452,0.39988942158085583,0.39988942158085583,0.0
2010-04-15,0.0006783524662486885,0.0,0.0,0.0006783524662486885,0.40013257077547293,0.40013257077547293,0.0
2010-04-16,0.0003204910876634282,0.0,0.0,0.0003204910876634282,0.4005392164763956,0.4005392164763956,0.0
2010-04-19,-0.00039191197223869287,0.0,0.0,-0.00039191197223869287,0.4007312767613091,0.4007312767613091,0.0
2010-04-20,0.0002885274052111512,0.0,0.0,0.0002885274052111512,0.4004963240933201,0.4004963240933201,0.0
2010-04-21,0.0003040750930801469,0.0,0.0,0.0003040750930801469,0.4006692474402195,0.4006692474402195,0.0
2010-04-22,-0.0003474717576323107,6.945349097569453e-07,0.0,-0.0003481662925420676,0.3991210052455022,0.3991210052455022,0.0017304283508154106
2010-04-23,-0.00026422972511291773,0.0,0.0,-0.00026422972511291773,0.398912421346659,0.398912421346659,0.0
2010-04-26,0.00027141953653288817,0.0,0.0,0.00027141953653288817,0.3987535541635504,0.3987535541635504,0.0
2010-04-27,-0.00053337894899438,0.0,0.0,-0.00053337894899438,0.3989166999142774,0.3989166999142774,0.0
2010-04-28,-0.00011474310084184371,0.0,0.0,-0.00011474310084184371,0.3985959236401076,0.3985959236401076,0.0
2010-04-29,9.884896337950311e-05,0.0,0.0,9.884896337950311e-05,0.39852690875254493,0.39852690875254493,0.0
2010-04-30,0.0004987082842652913,0.0,0.0,0.0004987082842652913,0.3985863578676321,0.3985863578676321,0.0
2010-05-03,0.00017540981151822308,0.0,0.0,0.00017540981151822308,0.3988861383302334,0.3988861383302334,0.0
2010-05-04,-0.0005351663078521926,0.0,0.0,-0.0005351663078521926,0.39899156110722045,0.39899156110722045,0.0
2010-05-05,-0.000562500700312365,0.0,0.0,-0.000562500700312365,0.3986697494172162,0.3986697494172162,0.0
2010-05-06,-0.004083009886700344,3.445694474423597e-07,0.0,-0.004083354456147786,0.3974707216715698,0.3974707216715698,0.0008605886863667644
2010-05-07,0.001104903830770263,0.0,0.0,0.001104903830770263,0.39500063940596913,0.39500063940596913,0.0
2010-05-10,0.0032920989533006175,0.0,0.0,0.0032920989533006175,0.3956683677415071,0.3956683677415071,0.0
2010-05-11,0.00013647446379066417,0.0,0.0,0.00013647446379066417,0.39765135907182886,0.39765135907182886,0.0
2010-05-12,0.0003294862367374904,0.0,0.0,0.0003294862367374904,0.3977335530622339,0.3977335530622339,0.0
2010-05-13,0.0004782963493402896,0.0,0.0,0.0004782963493402896,0.3979319262061279,0.3979319262061279,0.0
2010-05-14,-0.0004105155896125193,0.0,0.0,-0.0004105155896125193,0.39821975550017724,0.39821975550017724,0.0
2010-05-17,2.1813722462006973e-05,0.0,0.0,2.1813722462006973e-05,0.3979726138727984,0.3979726138727984,0.0
2010-05-18,0.00010622519502954188,0.0,0.0,0.00010622519502954188,0.39798574604465237,0.39798574604465237,0.0
2010-05-19,-0.000522418928050087,0.0,0.0,-0.000522418928050087,0.3980496883339072,0.3980496883339072,0.0
2010-05-20,-0.0016381052814799315,2.580094909412153e-07,0.0,-0.0016383632909708727,0.39709059381023704,0.39709059381023704,0.0006444599160357334
2010-05-21,0.0006651578922463064,0.0,0.0,0.0006651578922463064,0.3961014465983643,0.3961014465983643,0.0
2010-05-24,0.0003038148818582396,0.0,0.0,0.0003038148818582396,0.3965028674790087,0.3965028674790087,0.0
2010-05-25,-0.0005370928083603133,0.0,0.0,-0.0005370928083603133,0.3966861632010592,0.3966861632010592,0.0
2010-05-26,0.0003779458832486747,0.0,0.0,0.0003779458832486747,0.3963619535474569,0.3963619535474569,0.0
2010-05-27,0.0003147358798531759,0.0,0.0,0.0003147358798531759,0.3965900098691379,0.3965900098691379,0.0
2010-05-28,0.0005188678321723536,0.0,0.0,0.0005188678321723536,0.39677986488910727,0.39677986488910727,0.0
2010-06-01,0.00012283628889901184,0.0,0.0,0.00012283628889901184,0.3970926940959225,0.3970926940959225,0.0
2010-06-02,-0.00046246791752453887,0.0,0.0,-0.00046246791752453887,0.39716674389592727,0.39716674389592727,0.0
2010-06-03,0.0007295933844875039,0.0,0.0,0.0007295933844875039,0.3968878238637959,0.3968878238637959,0.0
2010-06-04,-0.00032458827094954546,9.047998659375639e-08,0.0,-0.00032467875093613924,0.3971015472739869,0.3971015472739869,0.0002259824371445146
2010-06-07,-0.0003933111946292147,0.0,0.0,-0.0003933111946292147,0.3969058258908268,0.3969058258908268,0.0
2010-06-08,-0.00010562599990326288,0.0,0.0,-0.00010562599990326288,0.3966685288691589,0.3966685288691589,0.0
2010-06-09,0.00029048462280142976,0.0,0.0,0.00029048462280142976,0.39660479464725673,0.39660479464725673,0.0
2010-06-10,5.1129154647245454e-05,0.0,0.0,5.1129154647245454e-05,0.39678002077538804,0.39678002077538804,0.0
2010-06-11,0.0004723475859348957,0.0,0.0,0.0004723475859348957,0.39681086132614096,0.39681086132614096,0.0
2010-06-14,0.0001053330358318536,0.0,0.0,0.0001053330358318536,0.39709564174431267,0.39709564174431267,0.0
2010-06-15,0.0001249364432976295,0.0,0.0,0.0001249364432976295,0.3971591408021354,0.3971591408021354,0.0
2010-06-16,0.000302041156564924,0.0,0.0,0.000302041156564924,0.3972344481863213,0.3972344481863213,0.0
2010-06-17,0.0003950830250442625,0.0,0.0,0.0003950830250442625,0.3974164532177185,0.3974164532177185,0.0
2010-06-18,0.000407032541184912,2.299746790173948e-07,0.0,0.0004068025665058946,0.39810652674664987,0.39810652674664987,0.0005742143195068689
2010-06-21,0.0002393137229054841,0.0,0.0,0.0002393137229054841,0.3983515088716544,0.3983515088716544,0.0
2010-06-22,-0.00019920856046151192,0.0,0.0,-0.00019920856046151192,0.3984954571631451,0.3984954571631451,0.0
2010-06-23,0.00017703802168958803,0.0,0.0,0.00017703802168958803,0.39837560843416275,0.39837560843416275,0.0
2010-06-24,-0.00028265802592766537,0.0,0.0,-0.00028265802592766537,0.39848209997319445,0.39848209997319445,0.0
2010-06-25,8.3987016667109e-05,0.0,0.0,8.3987016667109e-05,0.39831202803881544,0.39831202803881544,0.0
2010-06-28,0.0003853910779749111,0.0,0.0,0.0003853910779749111,0.3983625577727033,0.3983625577727033,0.0
2010-06-29,2.8657017823113543e-05,0.0,0.0,2.8657017823113543e-05,0.39859433415056533,0.39859433415056533,0.0
2010-06-30,0.0002856781443189062,0.0,0.0,0.0002856781443189062,0.3986115681495754,0.3986115681495754,0.0
2010-07-01,-0.0001516507923347235,0.0,0.0,-0.0001516507923347235,0.3987833226143044,0.3987833226143044,0.0
2010-07-02,0.00021180565421276436,1.219212839078329e-07,0.0,0.00021168373292885652,0.3983874646694461,0.3983874646694461,0.00030466913051196975
2010-07-06,4.5596769046245646e-05,0.0,0.0,4.5596769046245646e-05,0.3985149111996283,0.3985149111996283,0.0
2010-07-07,0.0005749607822872307,0.0,0.0,0.0005749607822872307,0.39854233572583725,0.39854233572583725,0.0
2010-07-08,0.0005139532695553272,0.0,0.0,0.0005139532695553272,0.3988879515794394,0.3988879515794394,0.0
2010-07-09,0.0001924666622851111,0.0,0.0,0.0001924666622851111,0.399196736381136,0.399196736381136,0.0
2010-07-12,-0.00027379466151998257,0.0,0.0,-0.00027379466151998257,0.3993123487284521,0.3993123487284521,0.0
2010-07-13,0.0008509594876518147,0.0,0.0,0.0008509594876518147,0.39914783861430186,0.39914783861430186,0.0
2010-07-14,0.0004142451673791907,0.0,0.0,0.0004142451673791907,0.3996587047353366,0.3996587047353366,0.0
2010-07-15,0.00012011348162522173,0.0,0.0,0.00012011348162522173,0.3999072902403339,0.3999072902403339,0.0
2010-07-16,0.00045951740044901216,0.0,0.0,0.00045951740044901216,0.3999793608083542,0.3999793608083542,0.0
2010-07-19,2.720434233552601e-05,7.40078579331877e-07,0.0,2.6464263756194134e-05,0.39877617025270246,0.39877617025270246,0.001838395642370469
2010-07-20,0.00033988067478496616,0.0,0.0,0.00033988067478496616,0.3987928208366432,0.3987928208366432,0.0
2010-07-21,0.000579120826117935,0.0,0.0,0.000579120826117935,0.39899709011120416,0.39899709011120416,0.0
2010-07-22,0.0005898356814126096,0.0,0.0,0.0005898356814126096,0.3993449419646255,0.3993449419646255,0.0
2010-07-23,0.00012487846989976087,0.0,0.0,0.00012487846989976087,0.3996990209016845,0.3996990209016845,0.0
2010-07-26,-2.5609867266435227e-06,0.0,0.0,-2.5609867266435227e-06,0.3997739762091295,0.3997739762091295,0.0
2010-07-27,0.0008708500364224948,0.0,0.0,0.0008708500364224948,0.39977243903431303,0.39977243903431303,0.0
2010-07-28,0.0003943767151322847,0.0,0.0,0.0003943767151322847,0.40029469242325894,0.40029469242325894,0.0
2010-07-29,-0.0002352258355732406,0.0,0.0,-0.0002352258355732406,0.40053110899531735,0.40053110899531735,0.0
2010-07-30,-9.27209303502814e-05,0.0,0.0,-9.27209303502814e-05,0.4003900652473972,0.4003900652473972,0.0
2010-08-02,0.0005372905724105685,8.730964520540589e-07,0.0,0.0005364174759585144,0.3984987454089484,0.3984987454089484,0.002164249792294279
2010-08-03,0.0007048941854070079,0.0,0.0,0.0007048941854070079,0.3988221008366716,0.3988221008366716,0.0
2010-08-04,0.000282997736979436,0.0,0.0,0.000282997736979436,0.39924556914184106,0.39924556914184106,0.0
2010-08-05,0.0002676302384132613,0.0,0.0,0.0002676302384132613,0.39941553318681416,0.39941553318681416,0.0
2010-08-06,0.0006402920381206429,0.0,0.0,0.0006402920381206429,0.3995762247449347,0.3995762247449347,0.0
2010-08-09,0.0003407238114776179,0.0,0.0,0.0003407238114776179,0.3999604253071679,0.3999604253071679,0.0
2010-08-10,0.0003046967773550502,0.0,0.0,0.0003046967773550502,0.40016480344159766,0.40016480344159766,0.0
2010-08-11,0.00012394265420666504,0.0,0.0,0.00012394265420666504,0.40034751562112086,0.40034751562112086,0.0
2010-08-12,0.00010200522716379804,0.0,0.0,0.00010200522716379804,0.40042182893104755,0.40042182893104755,0.0
2010-08-13,0.00014762171231062828,0.0,0.0,0.00014762171231062828,0.40048298280057565,0.40048298280057565,0.0
2010-08-16,0.00027525631229946795,1.1736504761628777e-06,0.0,0.00027408266182330507,0.3981809260030793,0.3981809260030793,0.0029113568683849095
2010-08-17,0.0006080726184936303,0.0,0.0,0.0006080726184936303,0.3983470023086567,0.3983470023086567,0.0
2010-08-18,0.0005380720762274977,0.0,0.0,0.0005380720762274977,0.39871262869499324,0.39871262869499324,0.0
2010-08-19,0.0005290228881877934,0.0,0.0,0.0005290228881877934,0.3990359906472437,0.3990359906472437,0.0
2010-08-20,0.0004497214905453794,0.0,0.0,0.0004497214905453794,0.3993537462631747,0.3993537462631747,0.0
2010-08-23,0.00010852643438328719,0.0,0.0,0.00010852643438328719,0.3996237483659475,0.3996237483659475,0.0
2010-08-24,2.6095101707482327e-05,0.0,0.0,2.6095101707482327e-05,0.3996888979893695,0.3996888979893695,0.0
2010-08-25,-9.947027102556897e-05,0.0,0.0,-9.947027102556897e-05,0.3997045627598589,0.3997045627598589,0.0
2010-08-26,-0.0005404014623353216,0.0,0.0,-0.0005404014623353216,0.39964484526990623,0.39964484526990623,0.0
2010-08-27,-0.00037154745207191437,0.0,0.0,-0.00037154745207191437,0.39932023704761166,0.39932023704761166,0.0
2010-08-30,-5.190177559463666e-06,5.574304714986922e-07,0.0,-5.7476080309623585e-06,0.39801024856661593,0.39801024856661593,0.001390761108952601
2010-08-31,-4.618475984789225e-06,0.0,0.0,-4.618475984789225e-06,0.3980073459792746,0.3980073459792746,0.0
2010-09-01,0.00046255158543518076,0.0,0.0,0.00046255158543518076,0.39800456567781833,0.39800456567781833,0.0
2010-09-02,5.577266463704764e-05,0.0,0.0,5.577266463704764e-05,0.39828289088062485,0.39828289088062485,0.0
2010-09-03,-0.0001720464038090892,0.0,0.0,-0.0001720464038090892,0.39831644837556723,0.39831644837556723,0.0
2010-09-07,-0.0002767300633023449,0.0,0.0,-0.0002767300633023449,0.39821291307140244,0.39821291307140244,0.0
2010-09-08,-0.0009931996161149982,0.0,0.0,-0.0009931996161149982,0.39804633439541454,0.39804633439541454,0.0
2010-09-09,-1.9947101469588053e-05,0.0,0.0,-1.9947101469588053e-05,0.3974478798610032,0.3974478798610032,0.0
2010-09-10,-0.00022282575154274702,0.0,0.0,-0.00022282575154274702,0.39743586045296975,0.39743586045296975,0.0
2010-09-13,0.00041041262828933817,0.0,0.0,0.00041041262828933817,0.39730156372095216,0.39730156372095216,0.0
2010-09-14,-3.505746569001698e-05,1.8163331544963622e-07,0.0,-3.523909900546661e-05,0.39780154066590007,0.39780154066590007,0.0004536440415505716
2010-09-15,0.00043526910106927774,0.0,0.0,0.00043526910106927774,0.3977805006266541,0.3977805006266541,0.0
2010-09-16,-5.072392283580096e-05,0.0,0.0,-5.072392283580096e-05,0.3980425141204148,0.3980425141204148,0.0
2010-09-17,-8.071310758564812e-05,0.0,0.0,-8.071310758564812e-05,0.39801197892648577,0.39801197892648577,0.0
2010-09-20,-6.455728439430497e-06,0.0,0.0,-6.455728439430497e-06,0.3979633866805444,0.3979633866805444,0.0
2010-09-21,0.0002460945766291091,0.0,0.0,0.0002460945766291091,0.39795950007056735,0.39795950007056735,0.0
2010-09-22,0.0005425741324496,0.0,0.0,0.0005425741324496,0.39810762252037946,0.39810762252037946,0.0
2010-09-23,0.00019708901131252412,0.0,0.0,0.00019708901131252412,0.39843401666190026,0.39843401666190026,0.0
2010-09-24,-1.905346537393557e-05,0.0,0.0,-1.905346537393557e-05,0.398552555344124,0.398552555344124,0.0
2010-09-27,0.0006645738219662697,0.0,0.0,0.0006645738219662697,0.39854109546771255,0.39854109546771255,0.0
2010-09-28,0.00021182773160922192,4.09578603267457e-07,0.0,0.00021141815300595448,0.39792137546569734,0.39792137546569734,0.0010191683820193337
2010-09-29,4.5076433475675175e-05,0.0,0.0,4.5076433475675175e-05,0.39804904840268746,0.39804904840268746,0.0
2010-09-30,0.000292530490060758,0.0,0.0,0.000292530490060758,0.39807618098167297,0.39807618098167297,0.0
2010-10-01,5.7592816616105636e-05,0.0,0.0,5.7592816616105636e-05,0.3982522105574115,0.3982522105574115,0.0
2010-10-04,-0.00026583468710850524,0.0,0.0,-0.00026583468710850524,0.3982868649116561,0.3982868649116561,0.0
2010-10-05,0.0006966660417578555,0.0,0.0,0.0006966660417578555,0.3981268661554416,0.3981268661554416,0.0
2010-10-06,0.00041551959603984984,0.0,0.0,0.00041551959603984984,0.398545878817345,0.398545878817345,0.0
2010-10-07,0.00030601701876593695,0.0,0.0,0.00030601701876593695,0.3987956909889626,0.3987956909889626,0.0
2010-10-08,0.0004092168990259693,0.0,0.0,0.0004092168990259693,0.39897961345587035,0.39897961345587035,0.0
2010-10-11,0.0005126686535117709,0.0,0.0,0.0005126686535117709,0.399225460549918,0.399225460549918,0.0
2010-10-12,-1.552603450325351e-05,1.007497007299607e-06,0.0,-1.6533531510553115e-05,0.3976379371458303,0.3976379371458303,0.002496581058406583
2010-10-13,0.00039925341634803685,0.0,0.0,0.00039925341634803685,0.3976289853226855,0.3976289853226855,0.0
2010-10-14,-0.0006606901975447963,0.0,0.0,-0.0006606901975447963,0.39786938802660354,0.39786938802660354,0.0
2010-10-15,-6.367835436196545e-05,0.0,0.0,-6.367835436196545e-05,0.39747130322290347,0.39747130322290347,0.0
2010-10-18,-0.0005024946856191921,0.0,0.0,-0.0005024946856191921,0.39743293274366787,0.39743293274366787,0.0
2010-10-19,-3.948268774452502e-05,0.0,0.0,-3.948268774452502e-05,0.39712999376941777,0.39712999376941777,0.0
2010-10-20,-9.773539106887256e-05,0.0,0.0,-9.773539106887256e-05,0.39710618990137064,0.39710618990137064,0.0
2010-10-21,7.597528364833011e-05,0.0,0.0,7.597528364833011e-05,0.3970472600795383,0.3970472600795383,0.0
2010-10-22,0.00023134775031153075,0.0,0.0,0.00023134775031153075,0.3970930661048547,0.3970930661048547,0.0
2010-10-25,0.000586074436660765,0.0,0.0,0.000586074436660765,0.3972325150064687,0.3972325150064687,0.0
2010-10-26,-0.00028080198709055454,1.6400690723203938e-07,0.0,-0.0002809659939977866,0.3976465880348613,0.3976465880348613,0.0004094467465099304
2010-10-27,-0.0009298370038535653,0.0,0.0,-0.0009298370038535653,0.3974774636984505,0.3974774636984505,0.0
2010-10-28,0.00011273641063783012,0.0,0.0,0.00011273641063783012,0.39691669452461303,0.39691669452461303,0.0
2010-10-29,0.00043849962306565036,0.0,0.0,0.00043849962306565036,0.39698467630776585,0.39698467630776585,0.0
2010-11-01,7.791101743635377e-05,0.0,0.0,7.791101743635377e-05,0.3972489824017851,0.3972489824017851,0.0
2010-11-02,0.00023736242692158494,0.0,0.0,0.00023736242692158494,0.3972959396883368,0.3972959396883368,0.0
2010-11-03,0.0006103850787122717,0.0,0.0,0.0006103850787122717,0.39743896503796383,0.39743896503796383,0.0
2010-11-04,0.0005383523587010197,0.0,0.0,0.0005383523587010197,0.39780653494353235,0.39780653494353235,0.0
2010-11-05,-0.000528580711656934,0.0,0.0,-0.000528580711656934,0.3981305527800734,0.3981305527800734,0.0
2010-11-08,-0.0006571479281324376,0.0,0.0,-0.0006571479281324376,0.3978122479495434,0.3978122479495434,0.0
2010-11-09,-0.001821577734956071,4.641570203456876e-07,0.0,-0.0018220418919764167,0.3976839525860616,0.3976839525860616,0.0011580641996516566
2010-11-10,-0.00061686417601756,0.0,0.0,-0.00061686417601756,0.39658496927885983,0.39658496927885983,0.0
2010-11-11,-0.0015420035401739827,0.0,0.0,-0.0015420035401739827,0.396212514409071,0.396212514409071,0.0
2010-11-12,-0.0004507340717923199,0.0,0.0,-0.0004507340717923199,0.39528003408080986,0.39528003408080986,0.0
2010-11-15,-0.002761502458215566,0.0,0.0,-0.002761502458215566,0.3950073432772408,0.3950073432772408,0.0
2010-11-16,-0.0011944015084058507,0.0,0.0,-0.0011944015084058507,0.3933320281817439,0.3933320281817439,0.0
2010-11-17,0.0008536132853743376,0.0,0.0,0.0008536132853743376,0.3926065565366755,0.3926065565366755,0.0
2010-11-18,0.0007681717899496431,0.0,0.0,0.0007681717899496431,0.3931245934462767,0.3931245934462767,0.0
2010-11-19,0.0001655144826084281,0.0,0.0,0.0001655144826084281,0.39359042017865076,0.39359042017865076,0.0
2010-11-22,0.0009709201514842626,0.0,0.0,0.0009709201514842626,0.39369077313663575,0.39369077313663575,0.0
2010-11-23,-0.0007247370115892514,1.7377678235542104e-07,0.0,-0.0007249107883716069,0.39384453310025025,0.39384453310025025,0.0004343468779941656
2010-11-24,-0.000931203653450013,0.0,0.0,-0.000931203653450013,0.39340497960257403,0.39340497960257403,0.0
2010-11-26,0.0002521203184328891,0.0,0.0,0.0002521203184328891,0.3928395896101889,0.3928395896101889,0.0
2010-11-29,-0.0007192437554198376,0.0,0.0,-0.0007192437554198376,0.3929926285019821,0.3929926285019821,0.0
2010-11-30,5.386116236027993e-05,0.0,0.0,5.386116236027993e-05,0.3925557280025824,0.3925557280025824,0.0
2010-12-01,-0.00029255405022980484,0.0,0.0,-0.00029255405022980484,0.3925884438950253,0.3925884438950253,0.0
2010-12-02,0.0006072551682750018,0.0,0.0,0.0006072551682750018,0.3924106911818543,0.3924106911818543,0.0
2010-12-03,0.0008216663346447215,0.0,0.0,0.0008216663346447215,0.39277942901186963,0.39277942901186963,0.0
2010-12-06,0.00030654012832998233,0.0,0.0,0.00030654012832998233,0.39327795209312144,0.39327795209312144,0.0
2010-12-07,-0.002035887215101049,0.0,0.0,-0.002035887215101049,0.39346387975325864,0.39346387975325864,0.0
2010-12-08,-0.00186929780259378,5.623385798349303e-08,0.0,-0.0018693540364517636,0.3920859551412087,0.3920859551412087,0.0001405663574916005
2010-12-09,0.0005271870302559008,0.0,0.0,0.0005271870302559008,0.39094747658200424,0.39094747658200424,0.0
2010-12-10,-0.0005836644364967977,0.0,0.0,-0.0005836644364967977,0.3912683919906535,0.3912683919906535,0.0
2010-12-13,-0.0005437920151173596,0.0,0.0,-0.0005437920151173596,0.39091288950552927,0.39091288950552927,0.0
2010-12-14,-0.0017050498366035915,0.0,0.0,-0.0017050498366035915,0.39058149258733355,0.39058149258733355,0.0
2010-12-15,-0.0003251311025646461,0.0,0.0,-0.0003251311025646461,0.3895406289364486,0.3895406289364486,0.0
2010-12-16,0.00022739634751678788,0.0,0.0,0.00022739634751678788,0.3893420850552728,0.3893420850552728,0.0
2010-12-17,0.001550265476405633,0.0,0.0,0.001550265476405633,0.3894809148653216,0.3894809148653216,0.0
2010-12-20,-0.0005323006773861732,0.0,0.0,-0.0005323006773861732,0.39042591652224884,0.39042591652224884,0.0
2010-12-21,0.0006334199109118022,0.0,0.0,0.0006334199109118022,0.3901012670135432,0.3901012670135432,0.0
2010-12-22,0.00032898986241803067,5.753058201545232e-08,0.0,0.0003289323318360152,0.39034353671239813,0.39034353671239813,0.0001438077531133869
2010-12-23,-0.00018590772616884326,0.0,0.0,-0.00018590772616884326,0.39054406400515823,0.39054406400515823,0.0
2010-12-27,0.0003313911212646413,0.0,0.0,0.0003313911212646413,0.39043074037015796,0.39043074037015796,0.0
2010-12-28,-0.0005220303627116768,0.0,0.0,-0.0005220303627116768,0.3906326792898302,0.3906326792898302,0.0
2010-12-29,8.337018258408031e-05,0.0,0.0,8.337018258408031e-05,0.3903144048974787,0.3903144048974787,0.0
2010-12-30,0.0003190832666840108,0.0,0.0,0.0003190832666840108,0.39036523025954156,0.39036523025954156,0.0
2010-12-31,0.0005695114320632292,0.0,0.0,0.0005695114320632292,0.3905596924637193,0.3905596924637193,0.0
2011-01-03,0.0007798317731674381,0.0,0.0,0.0007798317731674381,0.39090657813066837,0.39090657813066837,0.0
2011-01-04,0.0008499748827354394,0.0,0.0,0.0008499748827354394,0.39138119840989544,0.39138119840989544,0.0
2011-01-05,-0.0011697173920462009,0.0,0.0,-0.0011697173920462009,0.3918980697767281,0.3918980697767281,0.0
2011-01-06,-0.0009101832801497769,1.085481945397831e-07,0.0,-0.0009102918283443167,0.3914572420425569,0.3914572420425569,0.00027131267276737925
2011-01-07,0.00040693396879392914,0.0,0.0,0.00040693396879392914,0.3909028944729219,0.3909028944729219,0.0
2011-01-10,-0.0003188168426819168,0.0,0.0,-0.0003188168426819168,0.3911506559528925,0.3911506559528925,0.0
2011-01-11,0.00018235602879943116,0.0,0.0,0.00018235602879943116,0.390956482621626,0.390956482621626,0.0
2011-01-12,-0.00015140285101497266,0.0,0.0,-0.00015140285101497266,0.39106752512955045,0.39106752512955045,0.0
2011-01-13,-0.0008665397095173648,0.0,0.0,-0.0008665397095173648,0.39097531705621424,0.39097531705621424,0.0
2011-01-14,-0.000889103135722958,0.0,0.0,-0.000889103135722958,0.3904471152765505,0.3904471152765505,0.0
2011-01-18,0.000869675948294377,0.0,0.0,0.000869675948294377,0.3899046776123257,0.3899046776123257,0.0
2011-01-19,-8.230480253802813e-05,0.0,0.0,-8.230480253802813e-05,0.39043480180411394,0.39043480180411394,0.0
2011-01-20,-0.0004891636162842343,0.0,0.0,-0.0004891636162842343,0.3903846275312588,0.3903846275312588,0.0
2011-01-21,0.0007254192228622495,1.6669378655964694e-07,0.0,0.0007252525290756898,0.38966965714914276,0.38966965714914276,0.0004166227811854134
2011-01-24,0.0007324442185694004,0.0,0.0,0.0007324442185694004,0.39011214655109566,0.39011214655109566,0.0
2011-01-25,-8.547106339116685e-05,0.0,0.0,-8.547106339116685e-05,0.3905585284335009,0.3905585284335009,0.0
2011-01-26,0.0006514336661657145,0.0,0.0,0.0006514336661657145,0.39050643437031657,0.39050643437031657,0.0
2011-01-27,-0.00036574320754237047,0.0,0.0,-0.00036574320754237047,0.3909032205184239,0.3909032205184239,0.0
2011-01-28,-0.0004925506460055441,0.0,0.0,-0.0004925506460055441,0.3906803660010666,0.3906803660010666,0.0
2011-01-31,-0.000415871474143339,0.0,0.0,-0.000415871474143339,0.3903800973241858,0.3903800973241858,0.0
2011-02-01,0.0008020545237774035,0.0,0.0,0.0008020545237774035,0.39012646831952486,0.39012646831952486,0.0
2011-02-02,-0.00023335335177207764,0.0,0.0,-0.00023335335177207764,0.39061522813252225,0.39061522813252225,0.0
2011-02-03,-0.00046576785841131795,0.0,0.0,-0.00046576785841131795,0.3904729929624343,0.3904729929624343,0.0
2011-02-04,-0.0008739423826876072,0.0,0.0,-0.0008739423826876072,0.39018896258150043,0.39018896258150043,0.0
2011-02-07,-0.0003463468006788232,0.0,0.0,-0.0003463468006788232,0.3896555567044665,0.3896555567044665,0.0
2011-02-08,0.0001292101501424318,0.0,0.0,0.0001292101501424318,0.3894440926193097,0.3894440926193097,0.0
2011-02-09,-8.841568732515305e-05,0.0,0.0,-8.841568732515305e-05,0.3895229724476981,0.3895229724476981,0.0
2011-02-10,8.339369661737375e-05,0.0,0.0,8.339369661737375e-05,0.38946899192898626,0.38946899192898626,0.0
2011-02-11,0.0016795316042445942,0.0,0.0,0.0016795316042445942,0.38951990212105975,0.38951990212105975,0.0
2011-02-14,-0.0012341571464594896,0.0,0.0,-0.0012341571464594896,0.3905435035682291,0.3905435035682291,0.0
2011-02-15,-9.37213236936631e-05,0.0,0.0,-9.37213236936631e-05,0.3897904090407085,0.3897904090407085,0.0
2011-02-16,-1.581449345920386e-05,0.0,0.0,-1.581449345920386e-05,0.38973321402972116,0.38973321402972116,0.0
2011-02-17,0.0012716967286990001,0.0,0.0,0.0012716967286990001,0.389723562816997,0.389723562816997,0.0
2011-02-18,0.00046071791538467857,0.0,0.0,0.00046071791538467857,0.3904986636725423,0.3904986636725423,0.0
2011-02-22,-0.0009270999215485269,0.0,0.0,-0.0009270999215485269,0.3907793425438549,0.3907793425438549,0.0
2011-02-23,0.00016961588175757464,0.0,0.0,0.00016961588175757464,0.39021401000036476,0.39021401000036476,0.0
2011-02-24,0.0006417536240550647,0.0,0.0,0.0006417536240550647,0.3903174218484501,0.3903174218484501,0.0
2011-02-25,0.0006945667113442016,0.0,0.0,0.0006945667113442016,0.3907084369171647,0.3907084369171647,0.0
2011-02-28,0.00036719441291147616,0.0,0.0,0.00036719441291147616,0.39113133682218865,0.39113133682218865,0.0
2011-03-01,-8.213889544034694e-05,0.0,0.0,-8.213889544034694e-05,0.39135482792881876,0.39135482792881876,0.0
2011-03-02,-0.00014248969023635363,0.0,0.0,-0.00014248969023635363,0.3913048303799262,0.3913048303799262,0.0
2011-03-03,-0.0001170626343489281,0.0,0.0,-0.0001170626343489281,0.39121808523346974,0.39121808523346974,0.0
2011-03-04,0.00040846451251320753,0.0,0.0,0.00040846451251320753,0.3911468112752658,0.3911468112752658,0.0
2011-03-07,-0.0004872399397030101,0.0,0.0,-0.0004872399397030101,0.39139540465461686,0.39139540465461686,0.0
2011-03-08,0.0005602970440052342,0.0,0.0,0.0005602970440052342,0.3910987236334349,0.3910987236334349,0.0
2011-03-09,0.0003031307299594252,0.0,0.0,0.0003031307299594252,0.3914396981716483,0.3914396981716483,0.0
2011-03-10,0.00012177330990580843,0.0,0.0,0.00012177330990580843,0.391624115597577,0.391624115597577,0.0
2011-03-11,-2.9396505283590923e-05,0.0,0.0,-2.9396505283590923e-05,0.3916981905223386,0.3916981905223386,0.0
2011-03-14,-0.00028236763529351555,0.0,0.0,-0.00028236763529351555,0.39168030804930015,0.39168030804930015,0.0
2011-03-15,7.914157868572155e-05,0.0,0.0,7.914157868572155e-05,0.391508489740452,0.391508489740452,0.0
2011-03-16,0.00011036487724438961,0.0,0.0,0.00011036487724438961,0.3915566429082731,0.3915566429082731,0.0
2011-03-17,0.000280049073466135,0.0,0.0,0.000280049073466135,0.39162378627441924,0.39162378627441924,0.0
2011-03-18,-3.070301675075443e-05,0.0,0.0,-3.070301675075443e-05,0.39179411376933476,0.39179411376933476,0.0
2011-03-21,0.0002921303452013619,0.0,0.0,0.0002921303452013619,0.39177543944046367,0.39177543944046367,0.0
2011-03-22,-0.00044446195864790455,0.0,0.0,-0.00044446195864790455,0.39195306840049055,0.39195306840049055,0.0
2011-03-23,0.00028719079709503195,0.0,0.0,0.00028719079709503195,0.3916826944994083,0.3916826944994083,0.0
2011-03-24,-0.00014713504579017957,0.0,0.0,-0.00014713504579017957,0.39185734747253514,0.39185734747253514,0.0
2011-03-25,-0.00017366761140629217,0.0,0.0,-0.00017366761140629217,0.3917678552080601,0.3917678552080601,0.0
2011-03-28,6.728207339636506e-05,0.0,0.0,6.728207339636506e-05,0.39166220663655854,0.39166220663655854,0.0
2011-03-29,-0.0003127577991914967,0.0,0.0,-0.0003127577991914967,0.39170313411093605,0.39170313411093605,0.0
2011-03-30,-6.477561242327472e-06,0.0,0.0,-6.477561242327472e-06,0.3915128250012473,0.3915128250012473,0.0
2011-03-31,-7.230573224175994e-05,0.0,0.0,-7.230573224175994e-05,0.3915088834627744,0.3915088834627744,0.0
2011-04-01,0.0007848611736732179,0.0,0.0,0.0007848611736732179,0.3914648828855366,0.3914648828855366,0.0
2011-04-04,0.00031013255310370245,0.0,0.0,0.00031013255310370245,0.3919421239038307,0.3919421239038307,0.0
2011-04-05,-0.0003438313279336671,0.0,0.0,-0.0003438313279336671,0.3921306439791669,0.3921306439791669,0.0
2011-04-06,-0.00015227185385439107,0.0,0.0,-0.00015227185385439107,0.39192156756425484,0.39192156756425484,0.0
2011-04-07,0.0003523771535061965,0.0,0.0,0.0003523771535061965,0.39182896023256875,0.39182896023256875,0.0
2011-04-08,4.144205638824505e-05,0.0,0.0,4.144205638824505e-05,0.3920431903226176,0.3920431903226176,0.0
2011-04-11,-0.0002163182061852697,0.0,0.0,-0.0002163182061852697,0.3920683842589174,0.3920683842589174,0.0
2011-04-12,0.00020780650290003452,0.0,0.0,0.00020780650290003452,0.39193684912887355,0.39193684912887355,0.0
2011-04-13,0.00014765429404744234,0.0,0.0,0.00014765429404744234,0.3920631823529329,0.3920631823529329,0.0
2011-04-14,3.8374149957097984e-05,0.0,0.0,3.8374149957097984e-05,0.3921529335824136,0.3921529335824136,0.0
2011-04-15,0.0008853951695485295,0.0,0.0,0.0008853951695485295,0.392176258301825,0.392176258301825,0.0
2011-04-18,1.0610631529286966e-05,6.514684796970622e-07,0.0,9.959163049589905e-06,0.39434215433153563,0.39434215433153563,0.0016282078913545245
2011-04-19,8.343229242940514e-05,0.0,0.0,8.343229242940514e-05,0.39434883757869305,0.39434883757869305,0.0
2011-04-20,0.0003186979105260183,0.0,0.0,0.0003186979105260183,0.3943993642280322,0.3943993642280322,0.0
2011-04-21,0.0002734882131706845,0.0,0.0,0.0002734882131706845,0.3945923063950005,0.3945923063950005,0.0
2011-04-25,-2.2536970981297196e-05,0.0,0.0,-2.2536970981297196e-05,0.3947578329937906,0.3947578329937906,0.0
2011-04-26,0.00048139263881875666,0.0,0.0,0.00048139263881875666,0.3947441923612175,0.3947441923612175,0.0
2011-04-27,0.00033492810665416295,0.0,0.0,0.00033492810665416295,0.39503541785780677,0.39503541785780677,0.0
2011-04-28,0.0005149308010557222,0.0,0.0,0.0005149308010557222,0.39523796965960506,0.39523796965960506,0.0
2011-04-29,0.00079498947027532,0.0,0.0,0.00079498947027532,0.3955492199839574,0.3955492199839574,0.0
2011-05-02,2.514851923512158e-05,0.0,0.0,2.514851923512158e-05,0.39602937027494445,0.39602937027494445,0.0
2011-05-03,0.00023353944034774752,0.0,0.0,0.00023353944034774752,0.39604455885997314,0.39604455885997314,0.0
2011-05-04,0.0004661202262249667,0.0,0.0,0.0004661202262249667,0.3961855733432485,0.3961855733432485,0.0
2011-05-05,0.00021181331861940336,0.0,0.0,0.00021181331861940336,0.3964668923319289,0.3964668923319289,0.0
2011-05-06,4.759461114883394e-05,0.0,0.0,4.759461114883394e-05,0.3965947016106534,0.3965947016106534,0.0
2011-05-09,0.0004810866133406606,0.0,0.0,0.0004810866133406606,0.39662341908439835,0.39662341908439835,0.0
2011-05-10,-0.00013945396860322865,0.0,0.0,-0.00013945396860322865,0.39691355589934235,0.39691355589934235,0.0
2011-05-11,0.00029070583600376235,0.0,0.0,0.00029070583600376235,0.3968294413711971,0.3968294413711971,0.0
2011-05-12,0.0005328063493176176,0.0,0.0,0.0005328063493176176,0.39700473561363686,0.39700473561363686,0.0
2011-05-13,0.0004887244774859439,0.0,0.0,0.0004887244774859439,0.39732584423040046,0.39732584423040046,0.0
2011-05-16,-1.1560128896330161e-05,0.0,0.0,-1.1560128896330161e-05,0.39762024196289536,0.39762024196289536,0.0
2011-05-17,0.0006736925053232818,2.0822647549668694e-08,0.0,0.0006736716826757322,0.3975613102651107,0.3975613102651107,5.1968029636251245e-05
2011-05-18,-1.770808937008957e-05,0.0,0.0,-1.770808937008957e-05,0.39796690373674437,0.39796690373674437,0.0
2011-05-19,-0.0003561103771702182,0.0,0.0,-0.0003561103771702182,0.3979562426920852,0.3979562426920852,0.0
2011-05-20,-0.00011692358352679795,0.0,0.0,-0.00011692358352679795,0.3977417722874607,0.3977417722874607,0.0
2011-05-23,-0.0001167271128343628,0.0,0.0,-0.0001167271128343628,0.39767134586275804,0.39767134586275804,0.0
2011-05-24,0.00013155275354308094,0.0,0.0,0.00013155275354308094,0.39760102957016535,0.39760102957016535,0.0
2011-05-25,-0.0002045903428832516,0.0,0.0,-0.0002045903428832516,0.3976802663896352,0.3976802663896352,0.0
2011-05-26,-3.9560967496189074e-05,0.0,0.0,-3.9560967496189074e-05,0.3975570123722289,0.3975570123722289,0.0
2011-05-27,0.00045030148615069057,0.0,0.0,0.00045030148615069057,0.39753317820187417,0.39753317820187417,0.0
2011-05-31,0.0010683385123678296,0.0,0.0,0.0010683385123678296,0.39780434779901364,0.39780434779901364,0.0
2011-06-01,-4.85928643079883e-05,3.75621272255161e-07,0.0,-4.8968485580243464e-05,0.39826449348324555,0.39826449348324555,0.0009359626051856293
2011-06-02,0.00016044333001307722,0.0,0.0,0.00016044333001307722,0.3982354016034586,0.3982354016034586,0.0
2011-06-03,5.5933189798003236e-05,0.0,0.0,5.5933189798003236e-05,0.3983319352313326,0.3983319352313326,0.0
2011-06-06,-7.115367958916309e-05,0.0,0.0,-7.115367958916309e-05,0.39836558656316834,0.39836558656316834,0.0
2011-06-07,0.0001382746355216853,0.0,0.0,0.0001382746355216853,0.39832277501468566,0.39832277501468566,0.0
2011-06-08,0.00030182921773863066,0.0,0.0,0.00030182921773863066,0.3984059602112695,0.3984059602112695,0.0
2011-06-09,-0.00014462300562291568,0.0,0.0,-0.00014462300562291568,0.3985874840804877,0.3985874840804877,0.0
2011-06-10,-0.00031470794198296283,0.0,0.0,-0.00031470794198296283,0.39850049341396454,0.39850049341396454,0.0
2011-06-13,-0.00025884262074899844,0.0,0.0,-0.00025884262074899844,0.398311137150223,0.398311137150223,0.0
2011-06-14,8.951042950952024e-06,0.0,0.0,8.951042950952024e-06,0.39815535410479574,0.39815535410479574,0.0
2011-06-15,-7.4191366607611136e-06,3.1453355668198755e-07,0.0,-7.733670217443102e-06,0.3989197810491471,0.3989197810491471,0.0007842802044196323
2011-06-16,-0.00017956514911110732,0.0,0.0,-0.00017956514911110732,0.3989154469929981,0.3989154469929981,0.0
2011-06-17,-3.1848447801869564e-05,0.0,0.0,-3.1848447801869564e-05,0.3988074937709725,0.3988074937709725,0.0
2011-06-20,-7.718460987857489e-06,0.0,0.0,-7.718460987857489e-06,0.3987883461129959,0.3987883461129959,0.0
2011-06-21,0.0009307753666442551,0.0,0.0,0.0009307753666442551,0.3987837056484826,0.3987837056484826,0.0
2011-06-22,-3.425649682338845e-05,0.0,0.0,-3.425649682338845e-05,0.3993427825902446,0.3993427825902446,0.0
2011-06-23,-9.08810041013937e-05,0.0,0.0,-9.08810041013937e-05,0.3993222054732847,0.3993222054732847,0.0
2011-06-24,4.646160846815497e-05,0.0,0.0,4.646160846815497e-05,0.39926761031051333,0.39926761031051333,0.0
2011-06-27,0.00020167355173136356,0.0,0.0,0.00020167355173136356,0.39929552000686797,0.39929552000686797,0.0
2011-06-28,-4.965020751839403e-05,0.0,0.0,-4.965020751839403e-05,0.3994166417858298,0.3994166417858298,0.0
2011-06-29,-0.0003893636494167582,1.1465579021111604e-07,0.0,-0.0003894783052069693,0.39923215720697414,0.39923215720697414,0.0002863651625756719
2011-06-30,0.00026926522467105756,0.0,0.0,0.00026926522467105756,0.39899819469820913,0.39899819469820913,0.0
2011-07-01,-6.833796203887001e-05,0.0,0.0,-6.833796203887001e-05,0.3991599800211801,0.3991599800211801,0.0
2011-07-05,0.00017805442295949482,0.0,0.0,0.00017805442295949482,0.3991189170325423,0.3991189170325423,0.0
2011-07-06,-8.550015616917531e-05,0.0,0.0,-8.550015616917531e-05,0.3992258875204689,0.3992258875204689,0.0
2011-07-07,-5.349359231397174e-05,0.0,0.0,-5.349359231397174e-05,0.39917451684782895,0.39917451684782895,0.0
2011-07-08,0.00033639245280541163,0.0,0.0,0.00033639245280541163,0.3991423748149886,0.3991423748149886,0.0
2011-07-11,0.0005444585636780445,0.0,0.0,0.0005444585636780445,0.3993444308151979,0.3993444308151979,0.0
2011-07-12,-0.0004937834287263045,0.0,0.0,-0.0004937834287263045,0.39967128492514226,0.39967128492514226,0.0
2011-07-13,0.0005812173579023076,0.0,0.0,0.0005812173579023076,0.3993747061081446,0.3993747061081446,0.0
2011-07-14,0.00014240908527102,2.2091393117993863e-07,0.0,0.00014218817133984006,0.3991726760739042,0.3991726760739042,0.0005509210991025276
2011-07-15,-5.5766225868494495e-05,0.0,0.0,-5.5766225868494495e-05,0.3992583153494235,0.3992583153494235,0.0
2011-07-18,-0.00017151840877225198,0.0,0.0,-0.00017151840877225198,0.3992248123846147,0.3992248123846147,0.0
2011-07-19,0.00017151543798672275,0.0,0.0,0.00017151543798672275,0.3991217507034296,0.3991217507034296,0.0
2011-07-20,0.0007024032923334564,0.0,0.0,0.0007024032923334564,0.3992247929262024,0.3992247929262024,0.0
2011-07-21,4.761695067299833e-05,0.0,0.0,4.761695067299833e-05,0.3996464832129576,0.3996464832129576,0.0
2011-07-22,0.0007781324985681721,0.0,0.0,0.0007781324985681721,0.3996750688555917,0.3996750688555917,0.0
2011-07-25,-0.0006089682977579249,0.0,0.0,-0.0006089682977579249,0.4001418379859863,0.4001418379859863,0.0
2011-07-26,0.00021167083901552024,0.0,0.0,0.00021167083901552024,0.39977632079378606,0.39977632079378606,0.0
2011-07-27,-0.00043193108318210924,0.0,0.0,-0.00043193108318210924,0.39990334375650355,0.39990334375650355,0.0
2011-07-28,0.0002945068226203637,4.45668854441347e-07,0.0,0.00029406115376592233,0.398949175330568,0.398949175330568,0.0011119609508443012
2011-07-29,0.0007775353247027572,0.0,0.0,0.0007775353247027572,0.39912631460861614,0.39912631460861614,0.0
2011-08-01,0.0008462310061285476,0.0,0.0,0.0008462310061285476,0.39959315214201924,0.39959315214201924,0.0
2011-08-02,0.0006889550492915846,0.0,0.0,0.0006889550492915846,0.4001008054410065,0.4001008054410065,0.0
2011-08-03,0.0008653879890872105,0.0,0.0,0.0008653879890872105,0.4005138244686194,0.4005138244686194,0.0
2011-08-04,-0.00012745392439743723,0.0,0.0,-0.00012745392439743723,0.40103216403970904,0.40103216403970904,0.0
2011-08-05,-0.0013312690379128538,0.0,0.0,-0.0013312690379128538,0.40095581350725296,0.40095581350725296,0.0
2011-08-08,-0.0030465512227276273,0.0,0.0,-0.0030465512227276273,0.40015726144179353,0.40015726144179353,0.0
2011-08-09,0.00016499776573733336,0.0,0.0,0.00016499776573733336,0.3983242253749239,0.3983242253749239,0.0
2011-08-10,0.002245679224068889,0.0,0.0,0.002245679224068889,0.39842348415595813,0.39842348415595813,0.0
2011-08-11,-0.001917810666959807,5.323004467518855e-07,0.0,-0.001918342967406559,0.3984453584949835,0.3984453584949835,0.0013260465463655197
2011-08-12,0.0011360449585107373,0.0,0.0,0.0011360449585107373,0.39728968570261436,0.39728968570261436,0.0
2011-08-15,0.0013584156830046292,0.0,0.0,0.0013584156830046292,0.3979736147424767,0.3979736147424767,0.0
2011-08-16,0.0009971808138198777,0.0,0.0,0.0009971808138198777,0.39879030741765487,0.39879030741765487,0.0
2011-08-17,0.0008164256114699963,0.0,0.0,0.0008164256114699963,0.3993892249590992,0.3993892249590992,0.0
2011-08-18,-0.00010931338613770241,0.0,0.0,-0.00010931338613770241,0.39987917896736663,0.39987917896736663,0.0
2011-08-19,8.744800943623179e-05,0.0,0.0,8.744800943623179e-05,0.3998135705564503,0.3998135705564503,0.0
2011-08-22,2.4410785728606702e-05,0.0,0.0,2.4410785728606702e-05,0.39986605107567874,0.39986605107567874,0.0
2011-08-23,-0.0003084990909904415,0.0,0.0,-0.0003084990909904415,0.3998807004593115,0.3998807004593115,0.0
2011-08-24,-0.0007030765390875084,0.0,0.0,-0.0007030765390875084,0.39969550706892476,0.39969550706892476,0.0
2011-08-25,0.0005003133519368677,4.0480144594050946e-07,0.0,0.0004999085504909272,0.39872774196152133,0.39872774196152133,0.0010090173294584753
2011-08-26,0.0009266486823516864,0.0,0.0,0.0009266486823516864,0.3990285775156679,0.3990285775156679,0.0
2011-08-29,4.646657671464717e-05,0.0,0.0,4.646657671464717e-05,0.39958495132938276,0.39958495132938276,0.0
2011-08-30,6.047302880758168e-05,0.0,0.0,6.047302880758168e-05,0.3996128492649808,0.3996128492649808,0.0
2011-08-31,0.0009996945534530852,0.0,0.0,0.0009996945534530852,0.3996491542989676,0.3996491542989676,0.0
2011-09-01,-0.0002667135409901327,0.0,0.0,-0.0002667135409901327,0.4002487223846261,0.4002487223846261,0.0
2011-09-02,-0.00032497203113382797,0.0,0.0,-0.00032497203113382797,0.40008871792230327,0.40008871792230327,0.0
2011-09-06,-1.4803348475556346e-05,0.0,0.0,-1.4803348475556346e-05,0.3998937001591477,0.3998937001591477,0.0
2011-09-07,0.0002533099161631692,0.0,0.0,0.0002533099161631692,0.39988481644496016,0.39988481644496016,0.0
2011-09-08,0.0003851088559370749,0.0,0.0,0.0003851088559370749,0.4000367930746074,0.4000367930746074,0.0
2011-09-09,-0.0008205064098844038,8.434017513438976e-07,0.0,-0.0008213498116357477,0.39852731697059507,0.39852731697059507,0.0021016515660444296
2011-09-12,-0.00022947156649188728,0.0,0.0,-0.00022947156649188728,0.39803373549438364,0.39803373549438364,0.0
2011-09-13,0.00012752617757363785,0.0,0.0,0.00012752617757363785,0.39789556964755896,0.39789556964755896,0.0
2011-09-14,-0.0005920250949639812,0.0,0.0,-0.0005920250949639812,0.3979723439333307,0.3979723439333307,0.0
2011-09-15,2.294103468392763e-05,0.0,0.0,2.294103468392763e-05,0.39761571732117307,0.39761571732117307,0.0
2011-09-16,-0.00011855215695975856,0.0,0.0,-0.00011855215695975856,0.3976295363228728,0.3976295363228728,0.0
2011-09-19,-8.216993645770915e-05,0.0,0.0,-8.216993645770915e-05,0.39755811553802695,0.39755811553802695,0.0
2011-09-20,0.00010135858953068921,0.0,0.0,0.00010135858953068921,0.39750860885870054,0.39750860885870054,0.0
2011-09-21,-0.0004598241739726253,0.0,0.0,-0.0004598241739726253,0.39756967034720475,0.39756967034720475,0.0
2011-09-22,-0.0011924516411418221,0.0,0.0,-0.0011924516411418221,0.3972925308830709,0.3972925308830709,0.0
2011-09-23,-0.0013494486767609347,5.346461516126299e-07,0.0,-0.0013499833229125473,0.3952412017873798,0.3952412017873798,0.0013317715474348013
2011-09-26,-0.0015839779017129169,0.0,0.0,-0.0015839779017129169,0.3944242192287305,0.3944242192287305,0.0
2011-09-27,0.0015604017087227939,0.0,0.0,0.0015604017087227939,0.39346347878254023,0.39346347878254023,0.0
2011-09-28,-0.00040964623344483595,0.0,0.0,-0.00040964623344483595,0.3944084448799377,0.3944084448799377,0.0
2011-09-29,0.0008217957706680444,0.0,0.0,0.0008217957706680444,0.39416026491438866,0.39416026491438866,0.0
2011-09-30,-0.000756281387549519,0.0,0.0,-0.000756281387549519,0.39465773262952036,0.39465773262952036,0.0
2011-10-03,-0.000533993064233576,0.0,0.0,-0.000533993064233576,0.39419957704507,0.39419957704507,0.0
2011-10-04,-0.001137667767982853,0.0,0.0,-0.001137667767982853,0.3938759109854713,0.3938759109854713,0.0
2011-10-05,0.00010442803943771629,0.0,0.0,0.00010442803943771629,0.3931855577533808,0.3931855577533808,0.0
2011-10-06,0.000771179691144812,0.0,0.0,0.000771179691144812,0.39324891957913594,0.39324891957913594,0.0
2011-10-07,1.284112590058111e-05,6.72732837519913e-08,0.0,1.2773852616829118e-05,0.3935483081484271,0.3935483081484271,0.00016816497371273387
2011-10-10,0.0012287736818438445,0.0,0.0,0.0012287736818438445,0.39355612204642815,0.39355612204642815,0.0
2011-10-11,-0.0007751940936941813,0.0,0.0,-0.0007751940936941813,0.3943003897865615,0.3943003897865615,0.0
2011-10-12,0.0011911063704796894,0.0,0.0,0.0011911063704796894,0.3938304907632236,0.3938304907632236,0.0
2011-10-13,0.001001079641811476,0.0,0.0,0.001001079641811476,0.39455164415686483,0.39455164415686483,0.0
2011-10-14,-0.00012532587367882682,0.0,0.0,-0.00012532587367882682,0.39515714003047536,0.39515714003047536,0.0
2011-10-17,0.00011522319707852593,0.0,0.0,0.00011522319707852593,0.3950813280694111,0.3950813280694111,0.0
2011-10-18,0.000520960060868776,0.0,0.0,0.000520960060868776,0.3951510207025555,0.3951510207025555,0.0
2011-10-19,-7.657875123248033e-05,0.0,0.0,-7.657875123248033e-05,0.3954659587934596,0.3954659587934596,0.0
2011-10-20,-4.563286432136095e-05,0.0,0.0,-4.563286432136095e-05,0.395419660786063,0.395419660786063,0.0
2011-10-21,0.0002952596707980117,9.800014724216474e-08,0.0,0.0002951616706507695,0.3956370424697724,0.3956370424697724,0.0002449717359567227
2011-10-24,0.00044714141494690894,0.0,0.0,0.00044714141494690894,0.39581547258441285,0.39581547258441285,0.0
2011-10-25,0.0003253859449997774,0.0,0.0,0.0003253859449997774,0.3960855077649778,0.3960855077649778,0.0
2011-10-26,0.000490974541810285,0.0,0.0,0.000490974541810285,0.3962819491334724,0.3962819491334724,0.0
2011-10-27,0.0007113898960273947,0.0,0.0,0.0007113898960273947,0.3965782138684368,0.3965782138684368,0.0
2011-10-28,7.40614461552797e-05,0.0,0.0,7.40614461552797e-05,0.3970071768701884,0.3970071768701884,0.0
2011-10-31,-0.00022887638952129498,0.0,0.0,-0.00022887638952129498,0.39705183208346106,0.39705183208346106,0.0
2011-11-01,0.0006417354185172852,0.0,0.0,0.0006417354185172852,0.39691379989141,0.39691379989141,0.0
2011-11-02,0.00023022091883758165,0.0,0.0,0.00023022091883758165,0.39730057346014075,0.39730057346014075,0.0
2011-11-03,0.0004382945313128896,0.0,0.0,0.0004382945313128896,0.3974392955391771,0.3974392955391771,0.0
2011-11-04,0.0001210145286002262,2.3697519247493727e-07,0.0,0.00012077755340775126,0.397635108881863,0.397635108881863,0.0005914857926425654
2011-11-07,-2.3585447097290074e-05,0.0,0.0,-2.3585447097290074e-05,0.39770808920047906,0.39770808920047906,0.0
2011-11-08,-4.675089163292096e-05,0.0,0.0,-4.675089163292096e-05,0.3976938835414329,0.3976938835414329,0.0
2011-11-09,-0.00045860294700399867,0.0,0.0,-0.00045860294700399867,0.3976657238769631,0.3976657238769631,0.0
2011-11-10,0.0002550729704423055,0.0,0.0,0.0002550729704423055,0.3973893648637937,0.3973893648637937,0.0
2011-11-11,0.00034707050261449754,0.0,0.0,0.00034707050261449754,0.3975430353513303,0.3975430353513303,0.0
2011-11-14,-0.00045728333966164826,0.0,0.0,-0.00045728333966164826,0.39775205784731177,0.39775205784731177,0.0
2011-11-15,-0.000718020482745598,0.0,0.0,-0.000718020482745598,0.3974765339045111,0.3974765339045111,0.0
2011-11-16,-5.447840116489555e-05,0.0,0.0,-5.447840116489555e-05,0.39704359885828877,0.39704359885828877,0.0
2011-11-17,-0.00048184069111776977,0.0,0.0,-0.00048184069111776977,0.39701074896797295,0.39701074896797295,0.0
2011-11-18,0.00017675982484638845,5.1290604769802904e-08,0.0,0.00017670853424161864,0.396591848531338,0.396591848531338,0.00012821561540604653
2011-11-21,-0.0006771695211259275,0.0,0.0,-0.0006771695211259275,0.3966985083442389,0.3966985083442389,0.0
2011-11-22,-0.000521251888233897,0.0,0.0,-0.000521251888233897,0.3962896941255112,0.3962896941255112,0.0
2011-11-23,-0.0007781761561409609,0.0,0.0,-0.0007781761561409609,0.39597484487286044,0.39597484487286044,0.0
2011-11-25,1.448377585185057e-05,0.0,0.0,1.448377585185057e-05,0.3955044408422307,0.3955044408422307,0.0
2011-11-28,0.0006757630724586332,0.0,0.0,0.0006757630724586332,0.3955131960936039,0.3955131960936039,0.0
2011-11-29,7.67519415184166e-05,0.0,0.0,7.67519415184166e-05,0.3959214100975229,0.3959214100975229,0.0
2011-11-30,0.0006624452602051942,0.0,0.0,0.0006624452602051942,0.3959677707438581,0.3959677707438581,0.0
2011-12-01,0.0004098526909557856,0.0,0.0,0.0004098526909557856,0.3963676441369061,0.3963676441369061,0.0
2011-12-02,0.0009716574456902369,0.0,0.0,0.0009716574456902369,0.39661494312614837,0.39661494312614837,0.0
2011-12-05,-7.173425293470615e-05,3.80121163560984e-08,0.0,-7.177226505106225e-05,0.397295681218594,0.397295681218594,9.502362314110743e-05
2011-12-06,0.0009013178153969308,0.0,0.0,0.0009013178153969308,0.3972524586744156,0.3972524586744156,0.0
2011-12-07,0.0001159502217057562,0.0,0.0,0.0001159502217057562,0.3977952365562243,0.3977952365562243,0.0
2011-12-08,-0.0005523655843915464,0.0,0.0,-0.0005523655843915464,0.3978650542366823,0.3978650542366823,0.0
2011-12-09,0.00030986531466689144,0.0,0.0,0.00030986531466689144,0.3975322717979169,0.3975322717979169,0.0
2011-12-12,2.853094859741795e-05,0.0,0.0,2.853094859741795e-05,0.3977188978211614,0.3977188978211614,0.0
2011-12-13,5.981759361857605e-05,0.0,0.0,5.981759361857605e-05,0.397736080982077,0.397736080982077,0.0
2011-12-14,5.832993726285538e-05,0.0,0.0,5.832993726285538e-05,0.39777210480557756,0.39777210480557756,0.0
2011-12-15,-0.00012947485528247725,0.0,0.0,-0.00012947485528247725,0.39780723067203255,0.39780723067203255,0.0
2011-12-16,0.0004919576669958145,0.0,0.0,0.0004919576669958145,0.39772925175406243,0.39772925175406243,0.0
2011-12-19,-5.5028079341013904e-05,3.734016836790392e-07,0.0,-5.5401481024692944e-05,0.3971956149782396,0.3971956149782396,0.0009300440417886469
2011-12-20,0.0005486911028008912,0.0,0.0,0.0005486911028008912,0.3971625902946085,0.3971625902946085,0.0
2011-12-21,0.00019435050658634517,0.0,0.0,0.00019435050658634517,0.3974931804258856,0.3974931804258856,0.0
2011-12-22,0.00048779175149302184,0.0,0.0,0.00048779175149302184,0.39761025517795423,0.39761025517795423,0.0
2011-12-23,-0.00015147926523513663,0.0,0.0,-0.00015147926523513663,0.3979039526634516,0.3979039526634516,0.0
2011-12-27,0.0005989820920261936,0.0,0.0,0.0005989820920261936,0.39781273377883036,0.39781273377883036,0.0
2011-12-28,-0.00011755172049252725,0.0,0.0,-0.00011755172049252725,0.39817321724420296,0.39817321724420296,0.0
2011-12-29,0.0009930856579415518,0.0,0.0,0.0009930856579415518,0.3981024631531863,0.3981024631531863,0.0
2011-12-30,-0.000706833956896259,0.0,0.0,-0.000706833956896259,0.3986996059506313,0.3986996059506313,0.0
2012-01-03,-0.0008948070150187481,0.0,0.0,-0.0008948070150187481,0.3982742857830852,0.3982742857830852,0.0
2012-01-04,0.00045970760614651314,3.976685910829235e-05,0.0,0.0004199407470382208,0.29876564274864076,0.29876564274864076,0.09926929000295934
2012-01-05,0.0003279430321724789,0.0,0.0,0.0003279430321724789,0.2990997461839358,0.2990997461839358,0.0
2012-01-06,0.000944923598726046,0.0,0.0,0.000944923598726046,0.29932952618367287,0.29932952618367287,0.0
2012-01-09,0.0002194610032665202,0.0,0.0,0.0002194610032665202,0.29999098122483453,0.29999098122483453,0.0
2012-01-10,-0.0008443530836202634,0.0,0.0,-0.0008443530836202634,0.3001445721991613,0.3001445721991613,0.0
2012-01-11,0.00028481706395730834,0.0,0.0,0.00028481706395730834,0.29955314773954317,0.29955314773954317,0.0
2012-01-12,0.0001342782731590797,0.0,0.0,0.0001342782731590797,0.29975259015086003,0.29975259015086003,0.0
2012-01-13,0.0002453643689910371,0.0,0.0,0.0002453643689910371,0.2998466055396147,0.2998466055396147,0.0
2012-01-17,0.00016742278097295148,0.0,0.0,0.00016742278097295148,0.300018356093977,0.300018356093977,0.0
2012-01-18,0.0005690297449260431,0.0,0.0,0.0005690297449260431,0.3001355293499574,0.3001355293499574,0.0
2012-01-19,0.0003890211202608988,8.731051170397638e-07,3.665159055846414e-17,0.0003881480151438224,0.2986672653304342,0.29866726532909643,0.0021701429213664913
2012-01-20,-0.00014886019560574618,0.0,3.663736983608218e-17,-0.00014886019560578283,0.2989402533846972,0.29894025338335994,0.0
2012-01-23,0.0004729413166907031,0.0,1.0992847348231173e-16,0.0004729413166905932,0.2988358779563381,0.2988358779550006,0.0
2012-01-24,-2.8245483053425054e-05,0.0,3.66255027805944e-17,-2.824548305346168e-05,0.2991673306817453,0.2991673306804084,0.0
2012-01-25,0.0010161242202712678,0.0,3.662653731483344e-17,0.0010161242202712311,0.2991475347653156,0.2991475347639787,0.0
2012-01-26,0.0016359869009111832,0.0,3.658935798198377e-17,0.0016359869009111465,0.2998589650285559,0.29985896502722037,0.0
2012-01-27,-0.0002736985019641363,0.0,3.6529596041364525e-17,-0.0002736985019641728,0.30100251575654813,0.3010025157552148,0.0
2012-01-30,0.0002262698478456889,0.0,1.0961879062287417e-16,0.00022626984784557928,0.30081114881538873,0.3008111488140551,0.0
2012-01-31,-0.00021425691584210353,0.0,3.653930610191247e-17,-0.00021425691584214007,0.3009693183813584,0.3009693183800247,0.0
2012-02-01,0.0004995013473233438,0.0,3.6539159703264475e-17,0.0004995013473233072,0.30081951412683805,0.30081951412550434,0.0
2012-02-02,0.0011612805069145654,7.455307344918546e-07,5.839687931442659e-17,0.0011605349761800153,0.30000000036287966,0.3000000003607482,0.0018556770726596147
2012-02-03,-0.0006287333900632582,0.0,5.832918625364712e-17,-0.0006287333900633165,0.30081217781617775,0.30081217781404873,0.0
2012-02-06,-0.0007675262551125519,0.0,1.750976484990743e-16,-0.000767526255112727,0.300372298519644,0.3003722985175136,0.0
2012-02-07,0.0004871313459891899,0.0,5.842346625147341e-17,0.00048713134598913146,0.2998349034251097,0.29983490342297725,0.0
2012-02-08,0.00026190617033933775,0.0,5.838227475396972e-17,0.00026190617033927937,0.3001758097248738,0.3001758097227428,0.0
2012-02-09,-0.00024905392797331224,0.0,5.837973019512022e-17,-0.0002490539279733706,0.3003590500066996,0.3003590500045687,0.0
2012-02-10,0.00023933287692479467,0.0,5.838152822857394e-17,0.00023933287692473628,0.30018475827189117,0.30018475826976027,0.0
2012-02-13,0.0016735617862963135,0.0,1.7514090357861263e-16,0.0016735617862961383,0.3003522069910266,0.3003522069888957,0.0
2012-02-14,-5.2778482052629925e-05,0.0,5.827004043980472e-17,-5.2778482052688194e-05,0.301521154495399,0.30152115449327216,0.0
2012-02-15,-1.213472650069879e-05,0.0,5.828583762864294e-17,-1.2134726500757076e-05,0.30148428789642473,0.3014842878942973,0.0
2012-02-16,-0.00031440632255559013,4.089216680810664e-05,5.479452054794521e-06,-0.0003607779414184913,0.4000000004843784,0.20000000048437844,0.10206259596936335
2012-02-17,-0.00027809324438646797,0.0,5.48262628631621e-06,-0.0002835758706727842,0.39987352177055885,0.19975766232001727,0.0
2012-02-21,0.0006437928381198782,0.0,2.1931937903161613e-05,0.0006218609002167166,0.399665086080217,0.1995361527138673,0.0
2012-02-22,0.0005534298213180476,0.0,5.479576941140979e-06,0.0005479502443769066,0.4000600971861599,0.2000555388345142,0.0
2012-02-23,-0.0018138400595749007,0.0,5.476576049956057e-06,-0.0018193166356248569,0.40039413094557935,0.20049910512218322,0.0
2012-02-24,-0.0007483082831541597,0.0,5.486557835899226e-06,-0.0007537948409900589,0.3993067563104775,0.19904739530015575,0.0
2012-02-27,-7.778242981511427e-05,0.0,1.6475686111375743e-05,-9.425811592649001e-05,0.3989028576273664,0.19844867660562815,0.0
2012-02-28,0.0005047279861532112,0.0,5.491214286253935e-06,0.0004992367718669573,0.39881891545343195,0.19838959400516337,0.0
2012-02-29,0.00018229279144649408,0.0,5.488474238092834e-06,0.00017680431720840125,0.39912438586961024,0.19879507617922185,0.0
2012-03-01,0.00015734003741548391,0.0,5.488702002415146e-06,0.00015185133541306876,0.399279818219847,0.19894219513169417,0.0
2012-03-02,0.0004126642603559786,7.440286165915556e-07,5.479452054794521e-06,0.00040644077968459254,0.3974810691949832,0.19748106919498326,0.0018517236209753263
2012-03-05,0.00013266271636170842,0.0,1.64316776605037e-05,0.00011623103870120472,0.3977320789190777,0.19781333404961607,0.0
2012-03-06,-0.0010161509222718485,0.0,5.476589337167367e-06,-0.0010216275116090158,0.3978185027776471,0.19792299197103808,0.0
2012-03-07,0.000161800662386288,0.0,5.482190093390646e-06,0.00015631847229289735,0.39720815062989395,0.1971082122211355,0.0
2012-03-08,0.00026093944341451416,0.0,5.481333259749354e-06,0.00025545811015476483,0.3973078447369611,0.1972391807561097,0.0
2012-03-09,8.722693404030396e-06,0.0,5.481129692299633e-06,3.241563711730762e-06,0.3975109138463376,0.1974496800774009,0.0
2012-03-12,0.0004539492705872937,0.0,1.644333577477835e-05,0.00043750593481251535,0.39751834795869007,0.19745776269888685,0.0
2012-03-13,-5.053661305828761e-05,0.0,5.478714954618327e-06,-5.601532801290594e-05,0.3977982581304873,0.19782516228691832,0.0
2012-03-14,-0.0015615730294574446,0.0,5.479021863825217e-06,-0.00156705205132127,0.39777000273460583,0.19778570470498535,0.0
2012-03-15,-0.0010741064976039925,0.0,5.486423509128057e-06,-0.0010795929211131206,0.39678656580125216,0.19653210771807808,0.0
2012-03-16,0.0005199189894390665,3.2998250150638797e-07,5.479452054794521e-06,0.0005141095548827656,0.3953165939636409,0.1953165939636408,0.000823535419458149
2012-03-19,-0.0006319444028707316,0.0,1.64299093909798e-05,-0.0006483743122617115,0.39563311418884733,0.19573588326525973,0.0
2012-03-20,-0.0004652431737006709,0.0,5.481386059800658e-06,-0.00047072455976047154,0.39530111250010475,0.1952305213173807,0.0
2012-03-21,0.0005567061388245708,0.0,5.48396749798689e-06,0.0005512221713265839,0.3950218157967407,0.19485700212021934,0.0
2012-03-22,0.00048212942195653284,0.0,5.4809462788781215e-06,0.00047664847567765474,0.39536059041246113,0.19530605123340977,0.0
2012-03-23,6.501423933612789e-05,0.0,5.47833503883261e-06,5.9535904297295274e-05,0.39565413189555415,0.19569490297816386,0.0
2012-03-26,0.000131351968650441,0.0,1.643402670185689e-05,0.00011491794194858413,0.3956955880402297,0.19574826316763771,0.0
2012-03-27,0.00034074256179379985,0.0,5.477379451445132e-06,0.0003352651823423547,0.3957814576183094,0.19585710764056202,0.0
2012-03-28,0.0001224776682623209,0.0,5.474348585534143e-06,0.00011700331967678676,0.39594581731211403,0.1961320939401178,0.0
2012-03-29,-0.00014555081318338168,0.0,5.474903110451882e-06,-0.00015102571629383354,0.3960655753898609,0.1962316118583672,0.0
2012-03-30,0.00017256841989896624,1.1595731862975296e-08,5.474534939070961e-06,0.00016708228922803232,0.3959072162977648,0.1960866910216748,2.898853449047334e-05
2012-04-02,0.0004042830470136316,0.0,1.642086118213548e-05,0.0003878621858314961,0.39601361785582695,0.1962264734731787,0.0
2012-04-03,-0.0010415779699637466,0.0,5.4703031518694624e-06,-0.0010470482731156161,0.3962205854974893,0.19655452045425387,0.0
2012-04-04,7.243980491761237e-05,0.0,5.477233134285604e-06,6.696257178332677e-05,0.39563687794198793,0.1957178685405634,0.0
2012-04-05,-0.0005714953720759459,0.0,5.475670161816181e-06,-0.000576971042237762,0.39563915950705675,0.19577719860076614,0.0
2012-04-09,0.001008077771753795,0.0,2.192011282725138e-05,0.0009861576589265436,0.39533942583603326,0.1953183962873643,0.0
2012-04-10,-0.0001728146629880241,0.0,5.47582452719289e-06,-0.000178290487515217,0.39600065118637084,0.19613305594383046,0.0
2012-04-11,0.0004930842051086567,0.0,5.4768009887111905e-06,0.0004876074041199455,0.395898421445949,0.1959951853579905,0.0
2012-04-12,4.933097713766487e-05,0.0,5.474131761533139e-06,4.3856845376131736e-05,0.39619831641847203,0.1963925071225125,0.0
2012-04-13,0.0002823803838284637,0.0,5.4726969477245115e-06,0.0002769076868807392,0.39618666175010003,0.19643322315815534,0.0
2012-04-16,-4.84641463996374e-05,2.7648809330967196e-08,1.640996084864138e-05,-6.490175605760974e-05,0.39624655123847896,0.1965920275800089,6.911897878203455e-05
2012-04-17,0.0006023790466888855,0.0,5.471537047753012e-06,0.0005969075096411325,0.3962674225269448,0.19655632028395992,0.0
2012-04-18,9.460465024713849e-05,0.0,5.468272994537805e-06,8.913637725260068e-05,0.3966330483285146,0.19704108402788473,0.0
2012-04-19,0.0004513309840095613,0.0,5.467785615936407e-06,0.0004458631983936249,0.3966922932648561,0.19711811828317727,0.0
2012-04-20,0.0003836194359896175,0.0,5.466541960046565e-06,0.0003781528940295709,0.397010181120447,0.19748139957874736,0.0
2012-04-23,-0.0005463518871043149,0.0,1.63898485854209e-05,-0.0005627417356897358,0.3972000485250487,0.1977902240690945,0.0
2012-04-24,0.0004162292421670847,0.0,5.467552372714114e-06,0.00041076168979437054,0.396920593643058,0.19735493203899274,0.0
2012-04-25,0.0004428834376195935,0.0,5.465307433797362e-06,0.00043741813018579614,0.39717367915363405,0.19768995782003027,0.0
2012-04-26,4.3158757068587815e-05,0.0,5.461725503476529e-06,3.7697031565111285e-05,0.3973991931306887,0.1980462122537954,0.0
2012-04-27,0.0002545804891232121,0.0,5.462711926460173e-06,0.0002491177771967519,0.3974708892268761,0.1980819039110798,0.0
2012-04-30,0.0001765141888152525,2.6416571673271467e-07,1.6380478192937856e-05,0.00015986954490558193,0.3972554411082175,0.19795962309414034,0.0006595587555499188
2012-05-01,2.66623663841432e-05,0.0,5.460478442552885e-06,2.1201887941590314e-05,0.39741192956524685,0.19810446641206647,0.0
2012-05-02,0.000400975801393472,0.0,5.460362672555382e-06,0.0003955154387209166,0.397430165661794,0.19812692811352256,0.0
2012-05-03,0.000690027815143802,0.0,5.45820386865764e-06,0.0006845696112751444,0.3976738553138351,0.1984494141078313,0.0
2012-05-04,0.0007452574026528965,0.0,5.45327939718008e-06,0.0007398041232557164,0.3980479083696807,0.19900321037260776,0.0
2012-05-07,-0.0001546360761405097,0.0,1.6347744063076443e-05,-0.00017098382020358616,0.3984983550461598,0.1996008022787297,0.0
2012-05-08,-8.423351792432617e-05,0.0,5.451369744094129e-06,-8.96848876684203e-05,0.39845526976134615,0.19948027410191044,0.0
2012-05-09,-0.0007434726509744552,0.0,5.451858693428634e-06,-0.0007489245096678838,0.39840676730959435,0.19941392499944918,0.0
2012-05-10,-0.0001451436682488811,0.0,5.455944784200916e-06,-0.00015059961303308202,0.3979613376582924,0.19881935303495893,0.0
2012-05-11,-0.00013656840672681913,0.0,5.456766571134941e-06,-0.00014202517329795408,0.39787611397884376,0.19870413413241844,0.0
2012-05-14,-0.0020433446289676205,1.6511514962655836e-07,1.6438356164145032e-05,-0.0020599481002813924,0.3982087827508492,0.19820878275375123,0.00041274016468517694
2012-05-15,0.00045335976215444667,0.0,5.490762740992414e-06,0.00044786899941345426,0.39698320291657313,0.19657036287035,0.0
2012-05-16,-0.00044429940383775875,0.0,5.488304699458191e-06,-0.00044978770853721696,0.397258642847847,0.196935521317623,0.0
2012-05-17,-0.0005404977809569827,0.0,5.490774382285695e-06,-0.0005459885553392683,0.3969929059734925,0.1965796410200647,0.0
2012-05-18,-0.0001202869602009224,0.0,5.493773919971621e-06,-0.00012578073412089402,0.3966689849185592,0.196146236839595,0.0
2012-05-21,0.0005232502894368832,0.0,1.6483395053445494e-05,0.0005067668943834376,0.39659858241920615,0.19605060926895274,0.0
2012-05-22,0.00023707287591227,0.0,5.491682015175392e-06,0.0002315811938970946,0.39692068644505674,0.196474292891155,0.0
2012-05-23,-0.000543110182022866,0.0,5.488013263800542e-06,-0.0005485981952866666,0.396978305790008,0.19666582166128818,0.0
2012-05-24,-0.0003714207454020847,0.0,5.491025630551735e-06,-0.0003769117710326364,0.39665279861746205,0.19623036310232372,0.0
2012-05-25,0.0002423216138989199,0.0,5.495495538918093e-06,0.00023682611836000182,0.39651837890296726,0.19593279173245684,0.0
2012-05-29,-4.134408951561201e-05,2.0101649237948256e-07,2.1917808219178083e-05,-6.346291422716958e-05,0.3961642626809812,0.19616426268098117,0.0005024967869577679
2012-05-30,0.0001187284582394424,0.0,5.479799818860407e-06,0.00011324865842058198,0.3961480593017743,0.1961353659133694,0.0
2012-05-31,0.00038104422040368665,0.0,5.479179309154401e-06,0.00037556504109453225,0.39622191615957186,0.19623187137543627,0.0
2012-06-01,-0.001372290867170461,0.0,5.477122293495164e-06,-0.0013777679894639563,0.39645406609235145,0.196539102379778,0.0
2012-06-04,0.0009010029509144293,0.0,1.6454036725583463e-05,0.0008845489141888458,0.39562685724486524,0.19543607708359975,0.0
2012-06-05,5.591611971539445e-05,0.0,5.479831729321712e-06,5.0436287986072736e-05,0.39617742188742305,0.19616356376718053,0.0
2012-06-06,0.0010759849554021841,0.0,5.479555360889495e-06,0.0010705054000412946,0.3962133544762881,0.19620958380382159,0.0
2012-06-07,0.00012976957840816596,0.0,5.472501036624009e-06,0.00012429707737154195,0.39682088717319947,0.19707459933642316,0.0
2012-06-08,0.00048765565584415826,0.0,5.471820905277583e-06,0.0004821838349388807,0.39690132307714426,0.1971798600345125,0.0
2012-06-11,-0.0002850374232319926,0.0,1.6407551259844322e-05,-0.00030144497449183694,0.3971974565401658,0.19757224954539335,0.0
2012-06-12,-3.218435882674762e-07,4.097025973136558e-08,5.470832908366503e-06,-5.833646756365345e-06,0.39713452251983183,0.1974491213644544,0.00010242007095956351
2012-06-13,0.0008315276173604259,0.0,5.4720591696747135e-06,0.0008260555581907511,0.39718011106726153,0.19744995137413457,0.0
2012-06-14,0.00031347647751075623,0.0,5.467542675657842e-06,0.0003080089348350984,0.3976831303244188,0.19811782266290762,0.0
2012-06-15,0.0003403814615659494,0.0,5.465859142205493e-06,0.00033491560242374395,0.39787405803711495,0.19837019934661448,0.0
2012-06-18,-0.00018924142601542073,0.0,1.638850968008156e-05,-0.0002056299356955023,0.39803758625689095,0.19864405181589873,0.0
2012-06-19,0.00035878477151153257,0.0,5.465152952640075e-06,0.00035331961855889247,0.39797370980426855,0.19849562703290588,0.0
2012-06-20,-0.00021364227519520988,0.0,5.460837284355603e-06,-0.0002191031124795655,0.39810473833364307,0.19878417745466356,0.0
2012-06-21,-0.0002519636820042827,0.0,5.462034033012705e-06,-0.0002574257160372954,0.3979782943414374,0.19861405213647362,0.0
2012-06-22,0.0001748163388598238,0.0,5.465827004735163e-06,0.00016935051185508864,0.39791585077840125,0.19841316510556786,0.0
2012-06-25,3.298743626792892e-05,0.0,1.639112621069247e-05,1.6596310057236452e-05,0.39797972505933893,0.19855435616258044,0.0
2012-06-26,-3.1928053949122455e-05,3.100215758881806e-07,5.464810825158341e-06,-3.770288635016897e-05,0.39765786571857653,0.19819227060029715,0.0007740001322283085
2012-06-27,0.00020482689636495255,0.0,5.465016872068371e-06,0.00019936187949288418,0.39764092987541466,0.19816781404491923,0.0
2012-06-28,-2.6114882023366834e-05,0.0,5.462735001806502e-06,-3.157761702517334e-05,0.3977229284474641,0.19833310088152675,0.0
2012-06-29,0.0006666495745601513,0.0,5.464100116458831e-06,0.0006611854744436925,0.39775290251005524,0.19831324825930796,0.0
2012-07-02,0.0001835822581414742,0.0,1.6374316526219165e-05,0.00016720794161525506,0.3980692732145294,0.1988484221455295,0.0
2012-07-03,5.489134904875508e-05,0.0,5.457193022727393e-06,4.943415602602769e-05,0.39818627556515407,0.1989987302356042,0.0
2012-07-05,0.0005050245087062695,0.0,1.0913846528662646e-05,0.0004941106621776068,0.3982214811713697,0.19904378202327644,0.0
2012-07-06,0.0005504707840733736,0.0,5.454228271988182e-06,0.0005450165558013853,0.398529587961471,0.19945025603390223,0.0
2012-07-09,0.0001333285541977603,0.0,1.6353771739616657e-05,0.00011697478245814364,0.3988626719858208,0.19989178248715153,0.0
2012-07-10,0.0003822402137342454,0.0,5.450619661489721e-06,0.0003767895940727557,0.3989493335285173,0.20000171588414242,0.0
2012-07-11,0.0002649583288894984,7.722133495636872e-07,5.448566698235983e-06,0.00025873754884169875,0.3976306549616326,0.19875797047601912,0.0019252912334634387
2012-07-12,0.000591920367160228,0.0,5.4471573141043766e-06,0.0005864732098461237,0.3977926893851234,0.1989714474203136,0.0
2012-07-13,0.000565812138276097,0.0,5.443964574725949e-06,0.0005603681737013711,0.3981511047958502,0.19944639781835305,0.0
2012-07-16,0.0006393000942014168,0.0,1.6326312880852665e-05,0.0006229737813205642,0.3985369989680156,0.1999001922509749,0.0
2012-07-17,0.00048625751246010693,0.0,5.437528221237968e-06,0.00048081998423886896,0.3988844193546981,0.20041463927951234,0.0
2012-07-18,0.00034295471722650954,0.0,5.434915005490689e-06,0.0003375198022210189,0.3991787437498801,0.20080434604946987,0.0
2012-07-19,0.0002602113729361001,0.0,5.433081232987479e-06,0.00025477829170311267,0.39938689748045925,0.20107943247641624,0.0
2012-07-20,0.00020110694963370581,0.0,5.432883975425217e-06,0.0001956740656582806,0.39958862504788634,0.20128835994486588,0.0
2012-07-23,-0.0006969883009584162,0.0,1.6291904160119097e-05,-0.0007132802051185353,0.39966821562596194,0.2014500483445129,0.0
2012-07-24,-0.00027431248660589043,0.0,5.434511049195588e-06,-0.000279746997655086,0.39925600873280725,0.20089635543716833,0.0
2012-07-25,0.000407874990718258,3.593931291602283e-07,5.437219330691612e-06,0.00040207837825840615,0.39843988203079594,0.19998137646055206,0.0008968851050497328
2012-07-26,0.0005116570134238679,0.0,5.4362205450083204e-06,0.0005062207928788596,0.39873076154214293,0.2003087116493393,0.0
2012-07-27,-0.00016705821189235738,0.0,5.432284085869568e-06,-0.00017249049597822694,0.39899712978683916,0.2007187606526,0.0
2012-07-30,0.000637104815501982,0.0,1.630322217941584e-05,0.0006208015933225661,0.39894217152092876,0.20058630167136934,0.0
2012-07-31,0.0003632521171679323,0.0,5.431035797462155e-06,0.0003578210813704702,0.3993313707851836,0.2010985641778149,0.0
2012-08-01,0.0001498451407459782,0.0,5.426722650915269e-06,0.00014441841809506294,0.3994651315535524,0.20138975479514507,0.0
2012-08-02,8.050877119210411e-05,0.0,5.427124408419055e-06,7.508164678368505e-05,0.3996005390158201,0.20151049810852467,0.0
2012-08-03,0.00019405909838734087,0.0,5.426716961572951e-06,0.00018863238142576792,0.39965104132869056,0.20157587223127785,0.0
2012-08-06,0.00043143939480064437,0.0,1.6277080500261432e-05,0.00041516231430038293,0.39976969091825815,0.2017318781650774,0.0
2012-08-07,-0.0003258039913963662,0.0,5.424625884700244e-06,-0.00033122861728106647,0.4000782665910102,0.20207942179945132,0.0
2012-08-08,-0.00019432044480800035,1.0439618438959998e-06,5.4252388859241465e-06,-0.0002007896455378205,0.3978077627485548,0.19978654341232344,0.0026021361292525302
2012-08-09,-0.00046889231490565705,0.0,5.425143247301946e-06,-0.000474317458152959,0.3976500355942106,0.19963230706768945,0.0
2012-08-10,-4.9763868955744095e-05,0.0,5.427717708569047e-06,-5.5191586664313145e-05,0.39736962262865727,0.19925792626588712,0.0
2012-08-13,-7.954256376937986e-05,0.0,1.628405186836708e-05,-9.582661563774694e-05,0.397341788683467,0.19921915761833422,0.0
2012-08-14,-3.2649833271432315e-05,0.0,5.428537487831015e-06,-3.807837075926333e-05,0.3973003180645696,0.19915869975873754,0.0
2012-08-15,-0.0006285881421882431,0.0,5.428744205565631e-06,-0.0006340168863938087,0.3972827961129048,0.19913363260975928,0.0
2012-08-16,-0.0003036064810977445,0.0,5.4321883046808715e-06,-0.00030903866940242534,0.3969058529838169,0.19863097986296513,0.0
2012-08-17,6.664077502908609e-05,0.0,5.433867579887468e-06,6.120690744919863e-05,0.3967248498224272,0.1983886831565346,0.0
2012-08-20,5.5846951447259215e-05,0.0,1.6300605030038964e-05,3.954634641722025e-05,0.39676720570381785,0.1984431778383438,0.0
2012-08-21,0.0002899832439427885,0.0,5.433320142052455e-06,0.00028454992380073604,0.39680736037393094,0.19849117518901627,0.0
2012-08-22,0.0006570292482855151,3.320567969291486e-08,5.43177453102355e-06,0.0006515642680747987,0.39690137121720637,0.1986416008348468,8.301052509242235e-05
2012-08-23,0.00035271023811084485,0.0,5.428237685309186e-06,0.00034728200042553566,0.39729953428522896,0.19916885877144364,0.0
2012-08-24,0.00017304947532683824,0.0,5.426353210511224e-06,0.00016762312211632702,0.39751419499850316,0.19945230281484347,0.0
2012-08-27,0.00031420770140837376,0.0,1.6276331342057515e-05,0.0002979313700663162,0.3976205940684344,0.1995918960734013,0.0
2012-08-28,-8.239445060616849e-05,0.0,5.423827852222821e-06,-8.78182784583913e-05,0.39781627982056117,0.19984656321442817,0.0
2012-08-29,0.0002277613684542292,0.0,5.424304205279964e-06,0.00022233706424894923,0.39776881674266573,0.1997817132499471,0.0
2012-08-30,7.203031666685715e-05,0.0,5.423098449491571e-06,6.660721821736559e-05,0.39790810839045965,0.19996501498401728,0.0
2012-08-31,0.000203670648016985,0.0,5.422737256047821e-06,0.00019824791076093718,0.39795363212271123,0.2000237222769658,0.0
2012-09-04,-9.9093690736036e-06,0.0,2.1686649691198605e-05,-3.1596018764802206e-05,0.3980783845626696,0.20018770613048237,0.0
2012-09-05,0.0004197067133187931,0.0,5.42183373115996e-06,0.0004142848795876331,0.39808105297001556,0.20018412178267703,0.0
2012-09-06,-0.00013100333746472688,2.2036984361486732e-07,5.420772453275514e-06,-0.00013664447976161726,0.3980077936330997,0.2001495990885434,0.0005502252683529938
2012-09-07,0.0005246768750013629,0.0,5.421513273136242e-06,0.0005192553617282266,0.3979311653927109,0.20004593092323814,0.0
2012-09-10,5.2618448401641545e-05,0.0,1.6252548184171233e-05,3.636590021747031e-05,0.3982058507264957,0.20046651448574582,0.0
2012-09-11,0.00028178271249949593,0.0,5.417319055706185e-06,0.00027636539344378974,0.39824398667381583,0.20051184114054008,0.0
2012-09-12,-0.00010368971558197726,0.0,5.415822309842702e-06,-0.00010910553789181996,0.39841566108538523,0.2007381467761266,0.0
2012-09-13,-0.00020804544704509746,0.0,5.416413270526027e-06,-0.0002134618603156235,0.39835543415371877,0.20065634977951877,0.0
2012-09-14,-0.00022874984069163657,0.0,5.417569715035789e-06,-0.00023416741040667237,0.39823239613479056,0.20049110153598423,0.0
2012-09-17,-4.431495319502458e-05,0.0,1.6256515891335878e-05,-6.057146908636046e-05,0.39809686760667745,0.20030925759542423,0.0
2012-09-18,0.00020996466878751494,0.0,5.419166877344277e-06,0.00020454550191017067,0.39807666474187475,0.20027707371880868,0.0
2012-09-19,0.0003846651413742322,0.0,5.418058637820825e-06,0.0003792470827364114,0.398205178332597,0.20044603805213687,0.0
2012-09-20,-8.079889846473213e-05,9.537524318213335e-07,5.416004633872495e-06,-8.716865553042596e-05,0.3988420850997074,0.20115791596336136,0.002377670515209221
2012-09-21,0.00031762285289309235,0.0,5.416476780871196e-06,0.00031220637611222116,0.39879604871664015,0.2010946462148415,0.0
2012-09-24,-0.00019895150827778032,0.0,1.6244358750235904e-05,-0.00021519586702801623,0.39898910462706927,0.20134940649919916,0.0
2012-09-25,0.00016756168060704307,0.0,5.415951740509217e-06,0.00016214572886653385,0.3988759895832066,0.2011937510546202,0.0
2012-09-26,0.00026428901247901073,0.0,5.4150737094357335e-06,0.000258873938769575,0.3989788585459924,0.20132866815158804,0.0
2012-09-27,0.00013848477647873507,0.0,5.413672250776967e-06,0.0001330711042279581,0.3991398206609769,0.20154078350761773,0.0
2012-09-28,0.0006150373228046023,0.0,5.414134469130151e-06,0.0006096231883354721,0.3992683422952614,0.20165243417201092,0.0
2012-10-01,4.782777667775528e-05,0.0,1.6228962278126852e-05,3.159881439962843e-05,0.39959661406279556,0.20214423967891884,0.0
2012-10-02,0.0003081399471059622,0.0,5.4094831594545975e-06,0.0003027304639465076,0.3996318139479561,0.2021856786278633,0.0
2012-10-03,0.0003639184105361739,0.0,5.409027450112099e-06,0.0003585093830860618,0.39986203800849573,0.2024325360794041,0.0
2012-10-04,-6.915715241076466e-07,6.729366550909941e-07,5.405907970950665e-06,-6.770416150149306e-06,0.39865782102470726,0.20134218008500798,0.0016789573153777326
2012-10-05,-8.596066770148096e-05,0.0,5.405944571445099e-06,-9.136661227292606e-05,0.39865982854612464,0.20134285168837865,0.0
2012-10-08,-0.00023126364581253024,0.0,1.621931561825672e-05,-0.00024748296143078697,0.3986102875500139,0.20127528086122373,0.0
2012-10-09,-0.00021576194660913726,0.0,5.40777687205396e-06,-0.00022116972348119123,0.3984776403306943,0.20109378450072474,0.0
2012-10-10,2.7728860427669793e-05,0.0,5.4089731731549835e-06,2.231988725451481e-05,0.39834998133930677,0.20092246051914975,0.0
2012-10-11,0.0005306874544145953,0.0,5.41003407843851e-06,0.0005252774203361568,0.39841194815711894,0.20094570429411335,0.0
2012-10-12,0.0007236790746386928,0.0,5.407193801627134e-06,0.0007182718808370656,0.3987331900700512,0.2013706163106608,0.0
2012-10-15,0.00019100000068998416,0.0,1.6206397775362165e-05,0.000174793602914622,0.3991270805244269,0.20194924092418726,0.0
2012-10-16,0.0003402224725053193,0.0,5.402368454566111e-06,0.0003348201040507532,0.3992913628704068,0.20210491427874372,0.0
2012-10-17,-0.00032241563018525684,0.0,5.399380677389485e-06,-0.0003278150108626463,0.39945477146162867,0.20237737673691247,0.0
2012-10-18,-0.00014360475725227177,6.840683458828941e-07,5.402331203687357e-06,-0.00014969115680184202,0.3985925450244696,0.20140745608988106,0.0017070669817079998
2012-10-19,-0.0001274591628342544,0.0,5.401959881470734e-06,-0.00013286112271572513,0.39846551893552223,0.20129398326184053,0.0
2012-10-22,-0.00011905991828224895,0.0,1.6208033061881813e-05,-0.00013526795134413076,0.3983909904469586,0.20119325486072986,0.0
2012-10-23,-6.486223791615319e-05,0.0,5.403408595304901e-06,-7.026564651145809e-05,0.39832581124513095,0.20110139751650205,0.0
2012-10-24,-3.0515825769863985e-05,0.0,5.404968819917219e-06,-3.59207945897812e-05,0.39833202416032776,0.2010506622333494,0.0
2012-10-25,-0.0001651741928126594,0.0,5.4051629776662645e-06,-0.00017057935579032566,0.398315816155172,0.2010273674703533,0.0
2012-10-26,-0.00011882190535388957,0.0,5.404904376431934e-06,-0.00012422680973032152,0.3981754718063862,0.2008964620666205,0.0
2012-10-31,0.00010752656787564753,0.0,2.7027879469399925e-05,8.049868840624762e-05,0.39810610535243435,0.20080258522581487,0.0
2012-11-01,-0.0005510383130743506,0.0,5.406321606538366e-06,-0.000556444634680889,0.39822467873365447,0.20089394009500416,0.0
2012-11-02,-0.0003092785278030061,0.0,5.409331600084442e-06,-0.00031468785940309054,0.3978950469846408,0.2004544435815587,0.0
2012-11-05,0.0005120044226632394,9.534841481073691e-07,1.6233103160786556e-05,0.0004948178353543454,0.3987513780893922,0.20124862296648904,0.0023784114441655624
2012-11-06,0.00018331352858987475,0.0,5.4071769705825975e-06,0.00017790635161929214,0.39902280143409913,0.2016608420078343,0.0
2012-11-07,0.0003041477444030097,0.0,5.406215170565533e-06,0.0002987415292324442,0.3991351062921255,0.20180825256648344,0.0
2012-11-08,0.00021947953620577918,0.0,5.40578129330993e-06,0.00021407375491246924,0.3993630561815907,0.2020520389757783,0.0
2012-11-09,0.00037723734135792564,0.0,5.404624305091046e-06,0.0003718327170528346,0.39949701389195624,0.20222822675613314,0.0
2012-11-12,0.00036603200106453433,0.0,1.6207846307742957e-05,0.00034982415475679136,0.39972562016989077,0.20253015675901823,0.0
2012-11-13,-0.00016739895194994238,0.0,5.400726131460308e-06,-0.00017279967808140267,0.39995173939177914,0.20282523559347784,0.0
2012-11-14,-0.0005627558688642344,0.0,5.401659536489319e-06,-0.0005681575284007238,0.39985343498467424,0.2026928619028141,0.0
2012-11-15,0.0001936080589716536,0.0,5.404730274683855e-06,0.00018820332869696975,0.39951766808666256,0.20224501306070183,0.0
2012-11-16,-0.0005764271582201013,0.0,5.403713277857638e-06,-0.000581830871497959,0.3996360633082523,0.20240052866644842,0.0
2012-11-19,0.0008619632700639565,4.0751139191169146e-05,1.6220577466031336e-05,0.0008049915534067561,0.49867518014694867,0.3013248209769008,0.10095289019804793
2012-11-20,0.00018602613514554875,0.0,5.4025101802814585e-06,0.0001806236249652673,0.49913534368134244,0.3019437221010692,0.0
2012-11-21,-7.981580579323057e-05,0.0,5.400354761696928e-06,-8.52161605549275e-05,0.4991881351229872,0.30207518632104935,0.0
2012-11-23,9.007214931170608e-05,0.0,1.080162999682992e-05,7.927051931487615e-05,0.49915085503659784,0.3020211075944518,0.0
2012-11-26,0.0003958377423574702,0.0,1.6201160720821037e-05,0.0003796365816366492,0.49920135523523734,0.30208723313191477,0.0
2012-11-27,0.00013965391958859787,0.0,5.398337500545117e-06,0.00013425558208805276,0.4994075995836456,0.3023682808137488,0.0
2012-11-28,0.0003100309877204475,0.0,5.3976128408912775e-06,0.0003046333748795562,0.4994801954988461,0.30246732680631444,0.0
2012-11-29,0.0008426405709393539,0.0,5.395969048629248e-06,0.0008372446018907247,0.4996380200702943,0.3026851497953268,0.0
2012-11-30,0.00022320231244784248,0.0,5.391455081965535e-06,0.00021781085736587695,0.5000619864424739,0.30327387595073196,0.0
2012-12-03,1.8623929502583258e-05,0.0,1.6170843060705227e-05,2.4530864418780307e-06,0.5001762449381779,0.3034309876995976,0.0
2012-12-04,-0.00015216484794764907,9.672126112745798e-07,5.390267797440933e-06,-0.00015852232835636458,0.4983723878783781,0.30162761327178406,0.002414743555144927
2012-12-05,0.0003620381821362057,0.0,5.391122410717935e-06,0.00035664705972548777,0.49829921458214416,0.30152324659093954,0.0
2012-12-06,0.00013888583755990278,0.0,5.3892003682523265e-06,0.00013349663719165045,0.4984834701003475,0.3017776566591375,0.0
2012-12-07,-0.0005571651207293375,0.0,5.38848102415603e-06,-0.0005625536017534935,0.4985558004150994,0.3018762430334043,0.0
2012-12-10,0.0002010139823572879,0.0,1.617454211939407e-05,0.00018483944023789384,0.498278943908944,0.30148868145631613,0.0
2012-12-11,-0.000682123886876532,0.0,5.390517659531243e-06,-0.0006875144045360632,0.4983878361626436,0.3016339415897532,0.0
2012-12-12,-0.0005646325649955703,0.0,5.3942262677916764e-06,-0.000570026791263362,0.49804812753760136,0.3011588687632052,0.0
2012-12-13,-0.0004702713303811417,0.0,5.397302875031007e-06,-0.0004756686332561727,0.49776723563272957,0.30076568069409787,0.0
2012-12-14,-0.001130417429686994,0.0,5.399871424491255e-06,-0.0011358173011114853,0.49753362544196145,0.3004383184480307,0.0
2012-12-17,-0.0012535436224903294,0.0,1.6218034998214765e-05,-0.0012697616574885442,0.4969676724927849,0.2996482466811719,0.0
2012-12-18,-0.0007208335062989998,5.22194758837272e-07,5.412884739581299e-06,-0.0007267685857974184,0.4960950514753375,0.2985247584806201,0.001304896721733284
2012-12-19,0.001363783089580249,0.0,5.418004886494401e-06,0.0013583650846937547,0.4957776952809902,0.29802051692394455,0.0
2012-12-20,0.0005282086302975937,0.0,5.409473475397839e-06,0.0005227991568221959,0.4964239603467932,0.29897817849477215,0.0
2012-12-21,0.0002904618612368882,0.0,5.406646884965041e-06,0.0002850552143519232,0.49669249855764125,0.29934988725641726,0.0
2012-12-24,6.282062460082545e-05,0.0,1.6215318393834585e-05,4.660530620699086e-05,0.49684133320614227,0.2995549594144881,0.0
2012-12-26,0.00027138330868041336,0.0,1.080970847278301e-05,0.00026057360020763034,0.4968809965397509,0.2996038169114609,0.0
2012-12-27,0.00045166020928931683,0.0,5.403446240950971e-06,0.0004462567630483659,0.49702286881011976,0.2997970810154093,0.0
2012-12-28,-5.2195432815733534e-05,0.0,5.401035992112025e-06,-5.759646880784556e-05,0.49725262667181336,0.3001148129597245,0.0
2012-12-31,-0.0002819259535391326,0.0,1.6207581243762372e-05,-0.000298133534782895,0.49727213953534605,0.30007990106957055,0.0
2013-01-02,0.0015122441403688533,0.0,1.0805915787132848e-05,0.0015014382245817205,0.49709534471631944,0.2998873816011449,0.0
2013-01-03,-0.00059155502094572,5.829219440014007e-07,5.394857847747012e-06,-0.0005975328007374684,0.49711457655491065,0.30020226511214465,0.0014563992609494675
2013-01-04,-0.0005886574383071184,0.0,5.39808337962744e-06,-0.0005940555216867458,0.49681988771293145,0.2997898443565299,0.0
2013-01-07,0.0004329833251544637,0.0,1.6207416076769988e-05,0.0004167759090776937,0.4965692636208907,0.29937903468685584,0.0
2013-01-08,-0.00017595664572291186,0.0,5.3978623693982145e-06,-0.00018135450809231009,0.49670909212498454,0.2996871156419497,0.0
2013-01-09,0.00015968672117845889,0.0,5.398841473637934e-06,0.00015428787970482095,0.4966232003354657,0.29956548654768106,0.0
2013-01-10,-4.8479027636349936e-05,0.0,5.398008626332351e-06,-5.387703626268229e-05,0.4967062513022947,0.2996789364411639,0.0
2013-01-11,-9.646313517775068e-05,0.0,5.398299470708691e-06,-0.00010186143464845937,0.4966845321652089,0.2996466014843417,0.0
2013-01-14,-5.187459096309908e-05,0.0,1.6196548215763616e-05,-6.80711391788627e-05,0.4966386573561706,0.2995806540643799,0.0
2013-01-15,0.00023129275088945163,0.0,5.399216936102054e-06,0.00022589353395334957,0.4966205882943924,0.2995491701266674,0.0
2013-01-16,-1.875465312799071e-05,0.0,5.397997563356195e-06,-2.4152650691346906e-05,0.49673967076559766,0.29971275970309647,0.0
2013-01-17,-0.0003448072750438669,3.9000735734409663e-07,5.3981279424289925e-06,-0.00035059541034363997,0.4974471283023936,0.3004154584037354,0.0009741809063846252
2013-01-18,0.0006165802215269086,0.0,5.4012011237997685e-06,0.0006111790204031089,0.4973197324372102,0.30017589141851864,0.0
2013-01-22,-0.00027020731063017453,0.0,2.1586891205240525e-05,-0.0002917942018354151,0.49758912812903305,0.3006087458812133,0.0
2013-01-23,-5.6100974357754375e-06,0.0,5.3982979933643735e-06,-1.1008395429139811e-05,0.4974640779519708,0.3004262011941711,0.0
2013-01-24,-4.890629267396402e-05,0.0,5.3983574206175285e-06,-5.430465009458155e-05,0.4974639441343437,0.3004238982818039,0.0
2013-01-25,-0.0012328305397466515,0.0,5.39983025169963e-06,-0.001238230369998351,0.497485108820856,0.3003913046338196,0.0
2013-01-28,-0.0008629708330746122,0.0,1.6216030959361517e-05,-0.0008791868640339737,0.49682440378378034,0.2995293604448819,0.0
2013-01-29,-0.0004951123654826694,0.0,5.410100142098547e-06,-0.000500522465624768,0.4963978594280494,0.2989292042414525,0.0
2013-01-30,-0.0011060711966922616,0.0,5.412809374792776e-06,-0.0011114840060670545,0.4961510818253645,0.29858353964542816,0.0
2013-01-31,-0.00036863988191834454,0.0,5.4188323202482925e-06,-0.00037405871423859283,0.4955958574977541,0.29780847780869146,0.0
2013-02-01,0.0002838785047000603,8.852984423059727e-07,5.422044552462189e-06,0.0002775711617052921,0.4968480362665873,0.29894341010171743,0.0022106825588621565
2013-02-04,0.00020586336799479217,0.0,1.6258067350032397e-05,0.00018960530064475976,0.4969507408801593,0.2991442547880985,0.0
2013-02-05,-8.097600914836599e-05,0.0,5.418328439551359e-06,-8.639433758791735e-05,0.49706235859021447,0.2992933705465899,0.0
2013-02-06,0.00044029238119624477,0.0,5.419980654247188e-06,0.00043487240054199757,0.49706754090759675,0.2992382470275744,0.0
2013-02-07,0.00015871711576611293,0.0,5.4176246787978826e-06,0.00015329949108731504,0.4972915749078434,0.29954827413172075,0.0
2013-02-08,0.0009194994840921758,0.0,5.416794286990362e-06,0.0009140826898051854,0.4973740448356562,0.29966105336050797,0.0
2013-02-11,-0.00021747190327873656,0.0,1.6235542232856434e-05,-0.000233707445511593,0.497838478783973,0.30030604828421975,0.0
2013-02-12,-0.00028624940149792153,0.0,5.413112495645769e-06,-0.0002916625139935673,0.4977373318010453,0.3001587257099747,0.0
2013-02-13,-0.000710014789734247,0.0,5.414691758256482e-06,-0.0007154294814925035,0.4975962125618569,0.2999599633854953,0.0
2013-02-14,6.86203070362208e-05,0.0,5.417384608988973e-06,6.320292242723183e-05,0.4971987323369753,0.2994641941088778,0.0
2013-02-15,-0.00015922947975575814,6.107987225188481e-07,5.479452054794521e-06,-0.00016531973053307152,0.4981495109883189,0.2981495109883189,0.0015266233497102238
2013-02-19,0.0001071705803660024,0.0,2.1916643258289067e-05,8.525393710771333e-05,0.4980289230590952,0.29803955332720744,0.0
2013-02-20,-0.0002564468219754347,0.0,5.4786937343612054e-06,-0.00026192551570979587,0.4980936291965239,0.2981213078923399,0.0
2013-02-21,0.00018042702378739253,0.0,5.481326583132527e-06,0.00017494569720426,0.4980113202024149,0.29794289991807765,0.0
2013-02-22,-9.939538058773808e-05,0.0,5.4791705626929286e-06,-0.000104874551150431,0.49806090620963783,0.29807118067134597,0.0
2013-02-25,0.0007173064161694726,0.0,1.6442827883285776e-05,0.0007008635882861868,0.49805744413894387,0.2980030382256336,0.0
2013-02-26,0.0004633353349128684,0.0,5.475907384417719e-06,0.00045785942752845065,0.49838174859199297,0.29851112906074617,0.0
2013-02-27,0.00018118456917737256,0.0,5.473401336015378e-06,0.00017571116784135719,0.49861678753001126,0.29883763876545,0.0
2013-02-28,2.8926288985356387e-07,0.0,5.473635550157713e-06,-5.184372660304149e-06,0.4987539891991384,0.29896629161838184,0.0
2013-03-01,3.434356681005853e-05,0.0,5.473663927671331e-06,2.88699028823872e-05,0.4987568642034791,0.2989681308434755,0.0
2013-03-04,0.00019860368722994347,4.040772563353046e-08,1.6420517724339974e-05,0.00018214276177996996,0.4987081315944611,0.2989251659483247,0.00010100136835583529
2013-03-05,0.00020975026772085455,0.0,5.4713135933421e-06,0.00020427895412751244,0.4987722424849445,0.29906929632795776,0.0
2013-03-06,-0.0006338075847760949,0.0,5.471391440065726e-06,-0.0006392789762161606,0.4989237102337781,0.29921792267137914,0.0
2013-03-07,-0.001114288330424557,0.0,5.473695365763919e-06,-0.0011197620257903209,0.49856499658709325,0.2987751157367102,0.0
2013-03-08,-0.001203299119812661,0.0,5.481028871041819e-06,-0.0012087801486837027,0.4980520641358879,0.2979945103428615,0.0
2013-03-11,-0.00038607354644272615,0.0,1.6459390203003226e-05,-0.0004025329366457294,0.4974063148651623,0.29715040072862303,0.0
2013-03-12,0.0005366042094125839,0.0,5.489872102569584e-06,0.0005311143373100144,0.49726416444699073,0.29688383270320096,0.0
2013-03-13,-0.0005701445921923358,0.0,5.485759207204431e-06,-0.0005756303513995403,0.497492767569869,0.29726255650690725,0.0
2013-03-14,-0.0003245407449580994,0.0,5.490118179216937e-06,-0.0003300308631373163,0.49725260897920354,0.29686329543778534,0.0
2013-03-15,0.0003962047020193144,0.0,5.491930685841621e-06,0.00039071277133347277,0.49709212397698566,0.2966366539437665,0.0
2013-03-18,6.934174266328003e-05,1.849347488723499e-07,1.64383561644356e-05,5.2718451749972085e-05,0.4968317279242178,0.2968317279235847,0.00046230162633273397
2013-03-19,0.00023977298064099928,0.0,5.477966211302705e-06,0.00023429501442969657,0.4968311850391954,0.29688541832664667,0.0
2013-03-20,-0.00031752667484844784,0.0,5.476683051767778e-06,-0.00032300335790021563,0.4969545240524422,0.2970555926629183,0.0
2013-03-21,-8.635001263847688e-05,0.0,5.478452610356999e-06,-9.182846524883387e-05,0.4967974646268637,0.2968339443488332,0.0
2013-03-22,0.00017182330547593994,0.0,5.478955734453093e-06,0.00016634434974148685,0.4967567310224309,0.29677484671489296,0.0
2013-03-25,-0.00016444538587943186,0.0,1.6437724500952814e-05,-0.00018088311038038467,0.4968895975965084,0.2968972828349158,0.0
2013-03-26,0.0001754008722919967,0.0,5.479035557697698e-06,0.000169921836734299,0.4967713189740611,0.29678652111809517,0.0
2013-03-27,0.0003728989903841487,0.0,5.4793017288549626e-06,0.0003674196886552937,0.49690598335122116,0.296911470248015,0.0
2013-03-28,0.00015223512833607055,0.0,5.476092683815035e-06,0.00014675903565225553,0.4970525641850858,0.297175181225837,0.0
2013-04-01,0.00016076863203283095,0.0,2.1905942164807737e-05,0.0001388626898680232,0.4971755095261086,0.297283787272238,0.0
2013-04-02,0.00030204783207665015,9.248236117483162e-09,5.474528927815047e-06,0.00029656405491271763,0.497246683632076,0.29742637776682684,2.3120078894114937e-05
2013-04-03,0.0010024323638564052,0.0,5.474101745431716e-06,0.0009969582621109736,0.4974448699355256,0.29764015622726797,0.0
2013-04-04,0.0010549805883351604,0.0,5.467455036189804e-06,0.0010495131332989706,0.49790725974887384,0.298345150927946,0.0
2013-04-05,0.0018708300812783716,0.0,5.461722886290202e-06,0.0018653683583920815,0.4984391219325907,0.29908623658299827,0.0
2013-04-08,0.0006219846159039935,0.0,1.635823484872137e-05,0.0006056263810552721,0.49942190679447696,0.3003967161350336,0.0
2013-04-09,-0.000231126632372929,0.0,5.449444622148518e-06,-0.0002365760769950775,0.49974123493480327,0.30083650622638236,0.0
2013-04-10,-0.00026048542198637935,0.0,5.450734135447026e-06,-0.0002659361561218264,0.4996283084075891,0.3006765124637727,0.0
2013-04-11,0.0005112484290235479,0.0,5.4521840683206235e-06,0.0005057962449552272,0.49950065827064355,0.30049593977694083,0.0
2013-04-12,0.0009587350167397892,0.0,5.4482372737808625e-06,0.0009532867794660084,0.499715677361158,0.3008550168681566,0.0
2013-04-15,-0.0004096063633163722,0.0,1.6332713544759885e-05,-0.00042593907686113206,0.5002409923003575,0.30152631083911224,0.0
2013-04-16,0.0004474473658910656,4.14873881698363e-05,5.4465577499376015e-06,0.0004005134199712917,0.5981894675277913,0.3993901096550689,0.10287300606524477
2013-04-17,-9.0298091433314e-05,0.0,5.444377203804091e-06,-9.574246863711809e-05,0.5983972487650782,0.3996774808262287,0.0
2013-04-18,-0.0001310155833285481,0.0,5.444898511829092e-06,-0.0001364604818403772,0.5983642395430828,0.3996254438613209,0.0
2013-04-19,0.00026823276578754435,0.0,5.4444519594010845e-06,0.0002627883138281433,0.5982714474384935,0.3995489509203537,0.0
2013-04-22,0.00033877237438929364,0.0,1.6332632855079846e-05,0.0003224397415342138,0.5984258437426062,0.39971214400580135,0.0
2013-04-23,0.0007474411079880916,0.0,5.442456087559098e-06,0.0007419986519005325,0.5985716128408612,0.39992196564495425,0.0
2013-04-24,0.0002799306623814108,0.0,5.4384207866669225e-06,0.00027449224159474387,0.5988746897364077,0.4003723310230649,0.0
2013-04-25,0.0002794803786877063,0.0,5.436928392005211e-06,0.0002740434502957011,0.5989902022354843,0.4005423159272939,0.0
2013-04-26,0.00035408999671791743,0.0,5.434251407204644e-06,0.0003486557453107128,0.5990621601743327,0.4007119838113632,0.0
2013-04-29,0.0006145019495718848,0.0,1.6297072153775772e-05,0.0005982048774181091,0.5992073330917358,0.40092628855413054,0.0
2013-04-30,0.0005900339360524105,7.438377375792587e-07,5.4291096645899565e-06,0.0005838609886502413,0.5981076395241713,0.3999451367666379,0.001858308357134214
2013-05-01,0.0005138055899712289,0.0,5.425941668922781e-06,0.000508379648302306,0.5983483212178405,0.40030145030215875,0.0
2013-05-02,0.0011459328259495786,0.0,5.423184632226771e-06,0.001140509641317352,0.5985578321875953,0.40061159311131833,0.0
2013-05-03,-0.0012315577788595152,0.0,5.418190154301526e-06,-0.0012369759690138166,0.5990637802331493,0.4012998396011437,0.0
2013-05-06,-0.00015983211410853002,0.0,1.627114646948477e-05,-0.00017610326057801478,0.5985293849580428,0.40056376957931134,0.0
2013-05-07,-0.0005727631724592413,0.0,5.424670792042299e-06,-0.0005781878432512837,0.5984749462333401,0.4004744623237963,0.0
2013-05-08,0.0005041506892892457,0.0,5.42780908527089e-06,0.0004987228802039748,0.5982480828296213,0.4001330512172338,0.0
2013-05-09,-0.00030946342199565815,0.0,5.426288901514662e-06,-0.0003148897108971728,0.5984970394711766,0.40043749456589156,0.0
2013-05-10,-0.0021512771211493653,0.0,5.4279981222741356e-06,-0.0021567051192716395,0.5983759984943547,0.4002540670313488,0.0
2013-05-13,-0.0012606773399277892,0.0,1.6315624920007383e-05,-0.0012769929648477967,0.5974700058236931,0.39896323596360334,0.0
2013-05-14,-0.00010604296908637912,2.2703386284411671e-07,5.446685394777638e-06,-0.00011171668834400087,0.5964476898550305,0.39764367294564673,0.0005673984146805366
2013-05-15,6.752276281587607e-05,0.0,5.446103920139697e-06,6.207665889573637e-05,0.5963648396112421,0.39758204652614315,0.0
2013-05-16,0.0012454215608388216,0.0,5.445765865189658e-06,0.001239975794973632,0.596395340143961,0.3976248860645384,0.0
2013-05-17,-0.0008022449319765857,0.0,5.439021610044863e-06,-0.0008076839535866306,0.5969006193847578,0.3983763306181203,0.0
2013-05-20,-0.00036731923917229835,0.0,1.633382283891002e-05,-0.00038365306201120836,0.596623637337363,0.39789545946395777,0.0
2013-05-21,0.00037585922988981723,0.0,5.445507357126455e-06,0.0003704137225326908,0.5964417301826274,0.3976807116475118,0.0
2013-05-22,-0.001602620187526949,0.0,5.444680470688603e-06,-0.0016080648679976375,0.5966400170369948,0.3979091798568609,0.0
2013-05-23,-0.0006614336873183411,0.0,5.453449971997956e-06,-0.000666887137290339,0.5959957967516988,0.3969448727737732,0.0
2013-05-24,-0.000746838222584169,0.0,5.457089234615567e-06,-0.0007522953118187845,0.5957316488382673,0.39654789177479915,0.0
2013-05-28,-0.0030157340899422997,0.0,2.1844790672072526e-05,-0.003037578880614372,0.5954327518834285,0.3960990370007666,0.0
2013-05-29,-0.001815919767361852,2.8813352676574754e-07,5.476640329180219e-06,-0.001821684541217798,0.5939213831463199,0.394024011131242,0.0007201976178766445
2013-05-30,0.0002983524531246463,0.0,5.4878341325739495e-06,0.00029286461899207233,0.593229820551268,0.39292387471231893,0.0
2013-05-31,-0.0033408611192833754,0.0,5.485028876902232e-06,-0.0033463461481602775,0.593310654011309,0.3931071000043777,0.0
2013-06-03,-0.00032292405540936854,0.0,1.6513943603589663e-05,-0.0003394379990129582,0.5919945580838574,0.39107491090684954,0.0
2013-06-04,-0.0007050014908437225,0.0,5.506516988971488e-06,-0.0007105080078326939,0.591872538058437,0.39088466796097776,0.0
2013-06-05,-0.0014125487819097117,0.0,5.5104321951727776e-06,-0.0014180592141048844,0.5915878644826448,0.3904570893588385,0.0
2013-06-06,0.0015704523173818085,0.0,5.518257410940164e-06,0.0015649340599708684,0.5910134077091966,0.3895970122098808,0.0
2013-06-07,-0.001139107213669064,0.0,5.508431547675783e-06,-0.00114461564521674,0.5916140212086112,0.3905562697184449,0.0
2013-06-10,-0.002070891757903692,0.0,1.6547846509505127e-05,-0.0020874396044131974,0.59119553879139,0.3898634062590775,0.0
2013-06-11,-0.002484520199445685,0.0,5.526279584589682e-06,-0.0024900464790302743,0.5903129060951239,0.3886037012576005,0.0
2013-06-12,-5.562759558251107e-05,9.086149503664064e-07,5.479452054794521e-06,-6.2015662587672e-05,0.5870688435985043,0.38706884359850435,0.0022711016352041785
2013-06-13,0.004567035895013567,0.0,5.478594759866937e-06,0.0045615573002537,0.5870059271076085,0.38703721837246524,0.0
2013-06-14,0.0007484666252470217,0.0,5.454909007712927e-06,0.0007430117162393088,0.5889302192283715,0.3898260404468495,0.0
2013-06-17,-0.001014849383105191,0.0,1.63490044456422e-05,-0.001031198387550833,0.5891974085222322,0.3902845211002522,0.0
2013-06-18,-0.0015567697365266766,0.0,5.455293638551092e-06,-0.0015622250301652277,0.5887897181470869,0.38967150033997205,0.0
2013-06-19,-0.004610642941037254,0.0,5.463829369552757e-06,-0.004616106770406807,0.5881517738331785,0.38872200184450284,0.0
2013-06-20,-0.00675536217993946,0.0,5.489167954913332e-06,-0.006760851347894373,0.5862473110739223,0.3858926807195857,0.0
2013-06-21,-0.004666112341536383,0.0,5.526532016345222e-06,-0.004671638873552729,0.5834364761803779,0.3817180575837772,0.0
2013-06-24,-0.004314119585514892,0.0,1.666105328108762e-05,-0.004330780638795979,0.5815311448369913,0.3788216632504254,0.0
2013-06-25,0.005071680458506177,0.0,5.5778408321111986e-06,0.005066102617674066,0.579727698744975,0.37613650837291623,0.0
2013-06-26,0.004495717955898842,9.588911169477998e-07,5.479452054794521e-06,0.004489279612727099,0.5794549243413615,0.3794549243413616,0.0023967346494084413
2013-06-27,0.004089362031924219,0.0,5.454963199713868e-06,0.004083907068724506,0.5813408407130018,0.38223468392344556,0.0
2013-06-28,-0.0012609527495970692,0.0,5.431589389690453e-06,-0.0012663843389867596,0.5830057641976159,0.3847527514739144,0.0
2013-07-01,0.0022865810735671795,0.0,1.6315429773820765e-05,0.0022702656437933585,0.5824824581107046,0.38397806252921873,0.0
2013-07-02,0.000496572007600466,0.0,5.427343441551674e-06,0.0004911446641589143,0.5834877422090736,0.3853897065924375,0.0
2013-07-03,-0.0016098371760080996,0.0,5.423494051542167e-06,-0.0016152606700596418,0.583654378533602,0.3856968456523129,0.0
2013-07-05,-0.005727939671446339,0.0,1.0866911172897843e-05,-0.005738806582619237,0.5830295417504001,0.3847084128450144,0.0
2013-07-08,0.003600090514357476,0.0,1.6394451344641826e-05,0.0035836960630128345,0.5806337468474528,0.3811679221543105,0.0
2013-07-09,0.00048019695639713446,0.0,5.4429270250304365e-06,0.000474754029372104,0.5820608813528475,0.3833940449392366,0.0
2013-07-10,-0.0010029526585744904,0.0,5.440344199700457e-06,-0.0010083930027741908,0.5822646458224796,0.38369208253341275,0.0
2013-07-11,0.004959762017618427,0.0,5.445835742357308e-06,0.00495431618187607,0.581848425044395,0.38307542044835324,0.0
2013-07-12,-0.0007578991811722344,0.0,5.418988360632826e-06,-0.0007633181695328672,0.5839152861111878,0.3861222109480898,0.0
2013-07-15,0.0014933908962900522,0.0,1.6269383798158717e-05,0.0014771215124918934,0.5836028615980648,0.38565869205380043,0.0
2013-07-16,0.0003667368297458764,0.0,5.4151291289902195e-06,0.0003613217006168862,0.584233268964454,0.386581055756311,0.0
2013-07-17,0.002104152274425997,0.0,5.413173232032289e-06,0.0020987391011939647,0.5843888534198609,0.3868080304506822,0.0
2013-07-18,0.0007334801131872223,0.0,5.401836187207951e-06,0.0007280782770000143,0.5852646878094331,0.38809766697634285,0.0
2013-07-19,0.00011198391891468146,0.0,5.399082463892852e-06,0.0001065848364507886,0.5856147634786455,0.3885482535465564,0.0
2013-07-22,-0.00047763222033402394,0.0,1.6195521194700784e-05,-0.0004938277415287248,0.5856643244613224,0.38861881659246295,0.0
2013-07-23,6.126734458291016e-05,0.0,5.40117431461365e-06,5.586617026829651e-05,0.5854758164411414,0.3883329539577431,0.0
2013-07-24,-0.0029335266666821987,0.0,5.400872588546021e-06,-0.002938927539270745,0.585504373898679,0.3883725244167494,0.0
2013-07-25,0.00010771638291167978,3.371423815866185e-07,5.41797577152717e-06,0.00010196126475856599,0.5834891822909261,0.38573306663018425,0.0008420473684101482
2013-07-26,0.0004883762511323524,0.0,5.415059788309715e-06,0.00048296119134404273,0.5834511284829994,0.38580144620969475,0.0
2013-07-29,-0.0009408661010026381,0.0,1.623733736113296e-05,-0.000957103438363771,0.5836576207542752,0.3861033495271576,0.0
2013-07-30,3.441171571683444e-05,0.0,5.418811693859077e-06,2.899290402297536e-05,0.5833181037541768,0.3855314769283204,0.0
2013-07-31,-0.0004135513699951005,0.0,5.417473952019319e-06,-0.0004189688439471198,0.5832925095420313,0.3855547102933261,0.0
2013-08-01,-0.0020995837843772723,0.0,5.4209257903380794e-06,-0.00210500471016761,0.58316638005083,0.38530258870349005,0.0
2013-08-02,0.002411397780588998,0.0,5.431177309991692e-06,0.0024059666032790064,0.5822493224356243,0.3840113506209276,0.0
2013-08-05,-0.0018364960028914579,0.0,1.625796668221052e-05,-0.0018527539695736685,0.5833005209812296,0.3854952596810019,0.0
2013-08-06,-0.00016156073717783954,0.0,5.429381535595913e-06,-0.00016699011871343546,0.582543334453696,0.38437090840444527,0.0
2013-08-07,-0.0001250143301209168,0.0,5.430288340090472e-06,-0.00013044461846100727,0.5824790419608832,0.38427351754758116,0.0
2013-08-08,0.0006397420422644019,0.0,5.4298134559175555e-06,0.0006343122288084844,0.5823868110008319,0.38419861985984116,0.0
2013-08-09,0.0005482917495485048,0.0,5.4263714421537405e-06,0.000542865378106351,0.5826569666039789,0.3845944089653674,0.0
2013-08-12,-5.2318876331867325e-05,0.0,1.62738275639647e-05,-6.859270389583203e-05,0.5829319688796942,0.3849337335181237,0.0
2013-08-13,-0.002110757605356208,0.0,5.42498130212433e-06,-0.002116182586658332,0.5829196340372149,0.384907816509677,0.0
2013-08-14,-0.0005390340224876601,0.0,5.43648589891623e-06,-0.0005444705083865763,0.5820405805731964,0.3836088452627539,0.0
2013-08-15,-0.001944112269943237,0.0,5.439447517671519e-06,-0.0019495517174609085,0.5818183294723451,0.3832784950773347,0.0
2013-08-16,-0.0017411451514420919,0.0,5.45007271629586e-06,-0.0017465952241583877,0.5810069202416156,0.3820792660968166,0.0
2013-08-19,-0.002228125780692127,0.0,1.637882532698101e-05,-0.0022445046060191078,0.5802792881234881,0.38100357997855233,0.0
2013-08-20,0.00166615331062406,0.0,5.470697886426251e-06,0.0016606826127376338,0.5793080027919344,0.37962752993737636,0.0
2013-08-21,-0.001551942873201201,0.0,5.4628181178511444e-06,-0.0015574056913190521,0.5800543865732103,0.3806615252716436,0.0
2013-08-22,0.0010774442881055037,4.100042020197192e-09,5.471339212680109e-06,0.0010719688488508034,0.5793945621297193,0.3796906808668953,1.024992215703513e-05
2013-08-23,0.001958566008845587,0.0,5.464289546050964e-06,0.0019531017192995362,0.5798069590957315,0.3803603906648714,0.0
2013-08-26,0.00021651470798588298,0.0,1.6364479670500735e-05,0.00020015022831538224,0.5806748737400088,0.38157370441558336,0.0
2013-08-27,-0.000575610786503407,0.0,5.452546707757516e-06,-0.0005810633332111645,0.5807317738486918,0.3817138190155422,0.0
2013-08-28,-0.0004448920274953182,0.0,5.455716824760768e-06,-0.00045034774432007896,0.5804934665307577,0.38135980242698975,0.0
2013-08-29,0.0006049965927806621,0.0,5.45817490151577e-06,0.0005995384178791464,0.5803099157648339,0.38108653185950814,0.0
2013-08-30,5.5467758771708336e-05,0.0,5.4560932733212514e-06,5.001166549838708e-05,0.5806102313088355,0.38146282683260985,0.0
2013-09-03,-0.0018537128602614233,0.0,2.1823281674621816e-05,-0.001875536141936045,0.580636660461168,0.38149921518024404,0.0
2013-09-04,-8.728465685294363e-06,0.0,5.4660722346860416e-06,-1.4194537919980404e-05,0.5798705157107654,0.3803588791447249,0.0
2013-09-05,-0.0016630031009449181,0.0,5.466149824156995e-06,-0.001668469250769075,0.5798700182320425,0.38035554965031215,0.0
2013-09-06,0.0015396554272455404,0.0,5.475285169100832e-06,0.0015341801420764396,0.5791733480531892,0.3793254393810089,0.0
2013-09-09,0.0005000399080816358,0.0,1.6400693888422604e-05,0.0004836392141932132,0.5798234498577528,0.3802816742152777,0.0
2013-09-10,-0.0004680868117941247,0.0,5.461870095283791e-06,-0.0004735486818894085,0.5799559006566308,0.38059764217877223,0.0
2013-09-11,0.0013565477202756857,0.0,5.465652912464348e-06,0.0013510820673632213,0.5798059818056313,0.3803096505006826,0.0
2013-09-12,0.0005838403162752975,0.0,5.458278330493341e-06,0.0005783820379448041,0.5803783906899608,0.38115123162695363,0.0
2013-09-13,-0.00011227957500180923,0.0,5.455123185228228e-06,-0.00011773469818703746,0.5806264071216003,0.38151441086077,0.0
2013-09-16,0.0021581435563815393,0.0,1.6370863507164716e-05,0.0021417726928743747,0.5806258801751663,0.3814470408379956,0.0
2013-09-17,0.0014807584414881323,0.0,5.444105481677101e-06,0.0014753143360064552,0.5814951952760207,0.3827853451948064,0.0
2013-09-18,0.0056174892503396846,0.0,5.43608554673824e-06,0.005612053164792946,0.5821171479439119,0.38370002548796617,0.0
2013-09-19,-0.0014759522908153308,0.0,5.406926284336163e-06,-0.001481359217099667,0.5844976467070118,0.3871448373287418,0.0
2013-09-20,-7.35331699845361e-05,1.8595568641932093e-07,5.414947767121101e-06,-7.913407343807653e-05,0.5834221594996732,0.385776565999753,0.000464480772832343
2013-09-23,0.0005723714090552202,0.0,1.62425891486595e-05,0.0005561288199065606,0.5833517254727921,0.38573355749743493,0.0
2013-09-24,0.00032433551518293703,0.0,5.4111870658092976e-06,0.00031892432811712776,0.58359954035817,0.3860912124561307,0.0
2013-09-25,0.00016554882700269043,0.0,5.409461856821135e-06,0.0001601393651458693,0.5837377077171226,0.3862923499431512,0.0
2013-09-26,-0.0001926287166525727,0.0,5.408595727734965e-06,-0.00019803731238030768,0.5838097656188933,0.3863960215565669,0.0
2013-09-27,-0.000736734306781809,0.0,5.409667043657163e-06,-0.0007421439738254661,0.5837327377647759,0.38627989067128954,0.0
2013-09-30,-0.0004556299181153692,0.0,1.6241054331572237e-05,-0.00047187097244694143,0.5834289917683901,0.3858294974009279,0.0
2013-10-01,0.0002564739691834705,0.0,5.416240543883194e-06,0.0002510577286395873,0.5832485799248622,0.3855558000731256,0.0
2013-10-02,0.00029391398464459267,0.0,5.416061170376113e-06,0.00028849792347421656,0.5834016699194724,0.3857154372007442,0.0
2013-10-03,9.073897406631519e-06,0.0,5.414499098629506e-06,3.659398308002013e-06,0.5835272375078052,0.38589802040782833,0.0
2013-10-04,0.00018624351408726904,0.0,5.414479284893172e-06,0.00018082903480237585,0.5835341760212355,0.3859056821226347,0.0
2013-10-07,0.00025254039717411173,0.0,1.62405011005408e-05,0.00023629989607357093,0.5836148850189685,0.38602212162905536,0.0
2013-10-08,-0.00012089249517730035,0.0,5.412221459478531e-06,-0.00012630471663677888,0.5837294901982736,0.38618340692730735,0.0
2013-10-09,-0.00019392773377659796,0.0,5.41290513492778e-06,-0.00019934063891152574,0.5836823195330706,0.3861112821082069,0.0
2013-10-10,0.0006961522021544497,0.0,5.412804740291552e-06,0.0006907393974141581,0.5835616717451959,0.38599429872455415,0.0
2013-10-11,0.0003377113336252887,0.0,5.407885726048361e-06,0.00033230344789924037,0.5838113619691645,0.3864235329683995,0.0
2013-10-14,-0.0003528598943994838,0.0,1.621471900561984e-05,-0.0003690746134051036,0.5839118461362186,0.38663276490117726,0.0
2013-10-15,-0.00018020056966086472,0.0,5.406901885429697e-06,-0.00018560747154629443,0.5837744425685257,0.3864225237503418,0.0
2013-10-16,0.002240881403684722,0.0,5.4079056331206225e-06,0.0022354734980516012,0.5837025815591632,0.38631402595026043,0.0
2013-10-17,0.002403664308758162,0.0,5.397024313471614e-06,0.0023982672844446904,0.584679628008366,0.38768824056665213,0.0
2013-10-18,0.00047000291906182357,3.1286334531499834e-07,5.384111774347403e-06,0.0004643059439421612,0.5848974358417616,0.38837735607808127,0.0007812424619899477
2013-10-21,-0.000758945270737732,0.0,1.6148370212594547e-05,-0.0007750936409503265,0.5851387362324554,0.3886668986458883,0.0
2013-10-22,0.0016121815943519623,0.0,5.386965473547414e-06,0.0016067946288784148,0.5848330913718572,0.38820885158737656,0.0
2013-10-23,0.0006926391945034086,0.0,5.378323612055193e-06,0.0006872608708913534,0.5855044875005091,0.38919567566049446,0.0
2013-10-24,0.00017371892445894256,0.0,5.374629839271136e-06,0.00016834429461967142,0.5857945330340759,0.38962054390067946,0.0
2013-10-25,4.434588054420131e-05,0.0,5.372550173985128e-06,3.8973330370216184e-05,0.585826735580206,0.3897286542297491,0.0
2013-10-28,0.0002915736019029004,0.0,1.6120547338459757e-05,0.00027545305456444063,0.585891135901662,0.3897578099504017,0.0
2013-10-29,5.752982843208721e-05,0.0,5.372036035751308e-06,5.21577923963359e-05,0.5860212881497044,0.3899419728447817,0.0
2013-10-30,-0.0009295086341578948,0.0,5.37058125813851e-06,-0.0009348792154160333,0.5860053781430873,0.38997916222103174,0.0
2013-10-31,0.0003653031948684211,0.0,5.3756068012072065e-06,0.00035992758806721386,0.5856233566130891,0.38941370836902606,0.0
2013-11-01,-0.0013231343128780808,8.08771489851013e-09,5.3736726681646914e-06,-0.001328516073261144,0.5857576069040472,0.38961855451603605,2.0215305219145607e-05
2013-11-04,0.00027695327248600753,0.0,1.614246352675139e-05,0.00026081080895925613,0.585211936054482,0.38881196314567323,0.0
2013-11-05,-0.001341568812853379,0.0,5.379418165180406e-06,-0.0013469482310185595,0.5853362273120095,0.3889874642829246,0.0
2013-11-06,0.00039871457823405774,0.0,5.38667373583997e-06,0.00039332790449821776,0.584782330024113,0.3881687386659541,0.0
2013-11-07,0.00030000263745726,0.0,5.385733494838655e-06,0.00029461690396242134,0.5849939514740661,0.3884146789124551,0.0
2013-11-08,-0.0025781473078417654,0.0,5.382969925841183e-06,-0.0025835302777676063,0.5850785956572674,0.38860019336406426,0.0
2013-11-11,-0.0009914575280030927,0.0,1.6190739042058144e-05,-0.0010076482670451508,0.5840092539394749,0.38702192892776743,0.0
2013-11-12,-0.0008308256386636374,0.0,5.403538237659222e-06,-0.0008362291769012966,0.5836489923631936,0.38641984668863205,0.0
2013-11-13,0.0010568770255517538,0.0,5.40806061573655e-06,0.0010514689649360172,0.5833059441741083,0.38591173169972415,0.0
2013-11-14,0.0016893979836696306,0.0,5.402380180639824e-06,0.0016839956034889907,0.5837490272142327,0.3865621506208792,0.0
2013-11-15,0.0007088261621464873,8.01038826431622e-07,5.479452054794521e-06,0.0007025456712652612,0.5855969424567784,0.38559694245677834,0.0020018914343208766
2013-11-18,0.000913734985318614,0.0,1.6426815576207828e-05,0.0008973081697424061,0.5858941512191663,0.3860345617086376,0.0
2013-11-19,-0.0012977014463566399,0.0,5.47069629159265e-06,-0.0013031721426482324,0.5862818107459312,0.3866013961027995,0.0
2013-11-20,-0.000944350346916525,0.0,5.477834853375596e-06,-0.0009498281817699006,0.5857474390447651,0.3858064668965559,0.0
2013-11-21,0.00044320644392290394,0.0,5.48304280195074e-06,0.0004377234011209532,0.585359079247773,0.38522801697657105,0.0
2013-11-22,0.0006588899057045779,0.0,5.481842466348331e-06,0.0006534080632382296,0.5855897299855377,0.38550247996382364,0.0
2013-11-25,0.0011360643725031596,0.0,1.6431195112349135e-05,0.0011196331773908105,0.5858220875445477,0.38590921367763326,0.0
2013-11-26,0.00018946429331333928,0.0,5.47093959197104e-06,0.00018399335372136825,0.5863017090716135,0.3866124139646705,0.0
2013-11-27,-0.00036987087318769495,0.0,5.469933160624185e-06,-0.00037534080634831916,0.5863832827381696,0.38673072237538686,0.0
2013-11-29,-2.0092416348875613e-05,0.0,1.0946367595527263e-05,-3.103878394440288e-05,0.586277131565349,0.3865059229469765,0.0
2013-12-02,-0.001694459070393729,6.252848731008288e-07,1.6438356163987003e-05,-0.0017115227114308169,0.5872011325628316,0.3872011325676562,0.001562691903796154
2013-12-03,0.0007140321985281613,0.0,5.490047639851501e-06,0.0007085421508883098,0.586554346983574,0.38616760812899426,0.0
2013-12-04,-0.001555717816421708,0.0,5.487360340905835e-06,-0.0015612051767626138,0.5868963649104436,0.3866077124673808,0.0
2013-12-05,7.592902720984184e-05,0.0,5.4959406318714934e-06,7.043308657797035e-05,0.5862559128600868,0.38565407979677735,0.0
2013-12-06,0.0009048416766772013,0.0,5.495553563071593e-06,0.0008993461231141298,0.5862905476343953,0.3857028425822822,0.0
2013-12-09,0.0007627571385103868,0.0,1.6471846797656774e-05,0.0007462852917127301,0.5866677719248359,0.38626030255334526,0.0
2013-12-10,0.0010981209415771769,0.0,5.486521089227362e-06,0.0010926344204879495,0.5869924652202062,0.3867344454634074,0.0
2013-12-11,-0.0011919846945205109,0.0,5.479334486289139e-06,-0.0011974640290068,0.5874049784516455,0.38740926970209205,0.0
2013-12-12,-0.0002514304247021076,0.0,5.487103479410611e-06,-0.0002569175281815182,0.5869595977809208,0.38668032078243325,0.0
2013-12-13,0.0005733615008382166,0.0,5.488513574751628e-06,0.000567872987263465,0.5868589417049126,0.38652819622647816,0.0
2013-12-16,0.0003879220394505508,5.583974661581885e-08,1.6438356164333555e-05,0.0003714278435396014,0.5870214494183092,0.38702144941891753,0.00013959144800518297
2013-12-17,0.0007043180337846284,0.0,5.476219886486486e-06,0.000698841813898142,0.587147556114344,0.38726553025758736,0.0
2013-12-18,0.00012362190873401165,0.0,5.4723955476555946e-06,0.00011814951318635605,0.5874413455726298,0.3876989080832006,0.0
2013-12-19,-0.0006505656202576152,0.0,5.472945788242664e-06,-0.0006560385660458579,0.5875392356327652,0.3877767143619078,0.0
2013-12-20,0.0006830647691857378,0.0,5.4765386087784625e-06,0.0006775882305769593,0.5872739443688474,0.3873802851484334,0.0
2013-12-23,-4.086798670319767e-05,0.0,1.6414900750715548e-05,-5.728288745391322e-05,0.587515206608625,0.3878005808082526,0.0
2013-12-24,-0.00011372411788655096,0.0,5.471947032497864e-06,-0.00011919606491904882,0.5875079927761503,0.38778192608997825,0.0
2013-12-26,-0.0001239922609732953,0.0,1.0945198689609288e-05,-0.00013493745966290457,0.5874642920901612,0.3877144160047919,0.0
2013-12-27,-0.0002575513061360825,0.0,5.473337903117168e-06,-0.0002630246440391996,0.5874195647330095,0.3876427312692328,0.0
2013-12-30,0.000595217620485117,0.0,1.6427925876417476e-05,0.0005787896946086996,0.5873601967823602,0.38748709861928093,0.0
2013-12-31,-0.00042817140506101785,1.8576471664884976e-07,5.472807687461169e-06,-0.0004338299774651279,0.5875094421583033,0.3877519615659706,0.00046421976491145545
2014-01-02,0.0007291624327852382,0.0,1.0945575972504314e-05,0.0007182168568127339,0.5872486572595195,0.3874918957613156,0.0
2014-01-03,0.00015169450006326273,0.0,5.4688601586986285e-06,0.00014622563990456411,0.5875558271928961,0.38794243140039614,0.0
2014-01-06,0.000891591702104886,0.0,1.6407772016542163e-05,0.0008751839300883439,0.5876652777534773,0.3880373848855477,0.0
2014-01-07,0.00018852753535837543,0.0,5.463279213866543e-06,0.0001830642561445089,0.5879985811419862,0.3885888898358573,0.0
2014-01-08,-0.0010246983572703774,0.0,5.463474751271292e-06,-0.0010301618320216488,0.5881230875704281,0.3887062591490258,0.0
2014-01-09,0.000855794452914307,0.0,5.469108818431212e-06,0.0008503253440958758,0.5877038192562888,0.3880813473835495,0.0
2014-01-10,0.0019185546679768824,0.0,5.4632665461165825e-06,0.0019130914014307658,0.5880159286440694,0.3886066997108143,0.0
2014-01-13,0.00020923029700785242,0.0,1.6362084579751433e-05,0.000192868212428101,0.5888515994877827,0.38977957043414013,0.0
2014-01-14,-2.8001742262400714e-06,0.0,5.452976487422936e-06,-8.253150713663008e-06,0.5889472405832845,0.38991359879234744,0.0
2014-01-15,0.00019192646779997032,3.300430666324543e-07,5.453021492040376e-06,0.0001861434032412975,0.5887570764572392,0.38972179199776535,0.0008247137237007152
2014-01-16,0.0004900683823887993,0.0,5.4520066369704766e-06,0.00048461637575182885,0.5888393943562111,0.3898411521067888,0.0
2014-01-17,0.00040735984859393827,0.0,5.449365785073567e-06,0.0004019104828088647,0.5890440023690136,0.3901421512138282,0.0
2014-01-21,-0.000368774888283775,0.0,2.178393835409621e-05,-0.00039055882663787116,0.5891710456619113,0.3903926081807833,0.0
2014-01-22,-0.0008219651749649657,0.0,5.449304781814977e-06,-0.0008274144797467807,0.5890758445954344,0.3901762200591878,0.0
2014-01-23,0.00026352813990910683,0.0,5.45381734925965e-06,0.00025807432255984717,0.5887410122588331,0.38967667901085606,0.0
2014-01-24,-0.00101945346917543,0.0,5.452410222185241e-06,-0.0010249058793976153,0.5888525726699632,0.3898395995602017,0.0
2014-01-27,-0.0005465667070715957,0.0,1.637042962286434e-05,-0.00056293713669446,0.588392619404478,0.38921905899296183,0.0
2014-01-28,0.0015380760792933243,0.0,5.4598834454415735e-06,0.0015326161958478827,0.5881771594634236,0.38889141370480623,0.0
2014-01-29,-0.0003335485361671232,0.0,5.451528344808196e-06,-0.0003390000645119314,0.5888128114915024,0.3898320269060031,0.0
2014-01-30,0.0002024758807044975,5.879732448614514e-08,5.45457057711279e-06,0.00019696251280289855,0.5885754103229741,0.3894835842583573,0.00014697889752453286
2014-01-31,0.00020127424041367612,0.0,5.453496442749865e-06,0.00019582074397092627,0.5886619418684167,0.3896093217080467,0.0
2014-02-03,0.00033059803715893997,0.0,1.635370702687155e-05,0.0003142443301320684,0.5887043800524829,0.38973427789221243,0.0
2014-02-04,-7.380270857156624e-05,0.0,5.449523193858258e-06,-7.92522317654245e-05,0.588849935336164,0.3899423387603376,0.0
2014-02-05,-0.00016397662329961207,0.0,5.45114790317094e-06,-0.00016942777120278302,0.5888663349180081,0.38989943645226893,0.0
2014-02-06,0.0005468888120195392,0.0,5.45087864518409e-06,0.0005414379333743551,0.5887585735780583,0.3898015030288389,0.0
2014-02-07,0.001616405651044625,0.0,5.447928929803167e-06,0.0016109577221148218,0.588986562722772,0.3901371567849562,0.0
2014-02-10,4.045857659781584e-05,0.0,1.632107126787278e-05,2.4137505329943058e-05,0.5896965128062484,0.3911234790471296,0.0
2014-02-11,0.00011416306192396815,0.0,5.439035377521304e-06,0.00010872402654644684,0.5896792874095196,0.39115449612999215,0.0
2014-02-12,-0.0006829972719628245,0.0,5.43844408798191e-06,-0.0006884357160508065,0.5897293327238176,0.3912261235124777,0.0
2014-02-13,0.0007391299995223173,1.7149186951178592e-07,5.443381775284082e-06,0.0007335151258775214,0.5895409564657226,0.39085752166785365,0.0004286329429955965
2014-02-14,0.000289575129988913,0.0,5.439391899050552e-06,0.0002841357380898624,0.5898474244574453,0.39130962014210025,0.0
2014-02-18,0.0002899416259583134,0.0,2.175138724973153e-05,0.00026819023870858184,0.5899693682055491,0.3914879595517487,0.0
2014-02-19,-0.0003892035420798365,0.0,5.435199267303805e-06,-0.0003946387413471403,0.5900576315969219,0.3916728583403331,0.0
2014-02-20,6.383760556035222e-05,0.0,5.4385350826557124e-06,5.839907047769651e-05,0.5899446619666974,0.39143813144976386,0.0
2014-02-21,0.000729482658170381,0.0,5.4382174958089016e-06,0.0007240444406745721,0.5899740456363866,0.3914791070393617,0.0
2014-02-24,0.0009186960595838294,0.0,1.62992812069291e-05,0.0009023967783769003,0.5902327400623523,0.39192481871138163,0.0
2014-02-25,0.0007670922912033853,0.0,5.429383375467632e-06,0.0007616629078279177,0.5906618268652913,0.3924893336607227,0.0
2014-02-26,0.0006600292026694302,0.0,5.4252511628912075e-06,0.0006546039515065389,0.5909787925309108,0.39295712508538183,0.0
2014-02-27,0.0010962494508241355,0.0,5.421702095275747e-06,0.0010908277487288597,0.5912517859781439,0.3933596595005789,0.0
2014-02-28,0.0007541351698056421,3.679503157540609e-07,5.414609344106818e-06,0.0007483526101457812,0.5907400521097648,0.39310681104986595,0.0009192833040925497
2014-03-03,-0.00048587494046967123,0.0,1.6235233510026463e-05,-0.0005021101739796977,0.5910950941341652,0.39356641976217677,0.0
2014-03-04,0.0002510689282898656,0.0,5.4144631603816195e-06,0.000245654465129484,0.5909059190675244,0.3932780137135953,0.0
2014-03-05,-0.0002963253812179083,0.0,5.411948929895357e-06,-0.0003017373301478037,0.5909685701488757,0.39343243420769525,0.0
2014-03-06,-0.0008147480195589714,0.0,5.414767237401156e-06,-0.0008201627867963726,0.5908937726355256,0.3932547684703835,0.0
2014-03-07,-0.0014389901005725572,0.0,5.419211873313413e-06,-0.0014444093124458706,0.5905633827257231,0.39276214934978343,0.0
2014-03-10,-0.0001203000827350298,0.0,1.6277589721662115e-05,-0.00013657767245669192,0.589933215950439,0.3918892076702167,0.0
2014-03-11,-0.00016297020028816197,0.0,5.426604393551452e-06,-0.00016839680468171343,0.5898934821464928,0.391822421781865,0.0
2014-03-12,0.0008386366134000035,0.0,5.427518370302363e-06,0.0008332090950297011,0.58982983740613,0.3917254168900937,0.0
2014-03-13,0.00017113005476224237,0.0,5.422999877482101e-06,0.00016570705488476027,0.5901767333975882,0.3922372378694916,0.0
2014-03-14,2.795529784620292e-05,1.1090211415626761e-07,5.422101397056734e-06,2.2422294334989917e-05,0.5905272766282371,0.3926205756356663,0.0002772217741221772
2014-03-17,0.00028082680717265556,0.0,1.6265939471487737e-05,0.0002645608677011678,0.5905419906197527,0.3926397270499851,0.0
2014-03-18,0.0008318931145515745,0.0,5.420545759539688e-06,0.0008264725687920348,0.5906665501718896,0.39281662994869104,0.0
2014-03-19,-0.0019371345647354959,0.0,5.416069526645245e-06,-0.0019425506342621412,0.5910099897420372,0.3933234520194859,0.0
2014-03-20,0.00043972290946870524,0.0,5.4277986723372e-06,0.000434295110796368,0.5902627365062335,0.39214808496592557,0.0
2014-03-21,0.0002102490017858246,0.0,5.424255265730502e-06,0.0002048247465200941,0.5904027001237622,0.3924173829245988,0.0
2014-03-24,0.0004187824882792934,0.0,1.6272994175741683e-05,0.0004025094941035517,0.590535324344659,0.39254722853980173,0.0
2014-03-25,0.00037104688713375023,0.0,5.42214892549294e-06,0.00036562473820825727,0.5907163378986119,0.39280790211811945,0.0
2014-03-26,0.0010954406536753602,0.0,5.4201671782873334e-06,0.0010900204864970728,0.5908713476039632,0.39303524559647546,0.0
2014-03-27,0.0007260508076764238,0.0,5.413080800133806e-06,0.0007206377268762899,0.5912789927070521,0.39370154350216796,0.0
2014-03-28,-4.8567970142405804e-06,1.5669415186746537e-07,5.409182738983753e-06,-1.0422673905091798e-05,0.5919704098265691,0.39453523985366223,0.00039168026703784165
2014-03-31,0.0006267102045926276,0.0,1.6227717353157455e-05,0.0006104824872394702,0.5919717229577844,0.39453449516103556,0.0
2014-04-01,0.00023811224701454607,0.0,5.405938886701734e-06,0.00023270630812784434,0.5922368829170589,0.39492011355244566,0.0
2014-04-02,-0.0008827238479052995,0.0,5.404681183296961e-06,-0.0008881285290885965,0.5923371545716662,0.39506629138132704,0.0
2014-04-03,0.0002556414765979602,0.0,5.409485501698711e-06,0.0002502319910962615,0.5919801852149054,0.39453396440290245,0.0
2014-04-04,0.0016342598338859027,0.0,5.409315848768737e-06,0.001628850518037134,0.5921308700843972,0.3946908416043383,0.0
2014-04-07,-3.215980769263052e-05,0.0,1.6198012500966696e-05,-4.8357820193597215e-05,0.5927564156547593,0.3956805968929977,0.0
2014-04-08,0.0009883917780365236,0.0,5.399598613141084e-06,0.0009829921794233824,0.5927529200861953,0.3956675707065458,0.0
2014-04-09,0.000214434125282028,0.0,5.39429606229835e-06,0.00020903982921972964,0.5931582419512336,0.39626643567734354,0.0
2014-04-10,0.0007799780524389881,0.0,5.393168675239525e-06,0.0007745848837637486,0.5932486634772173,0.3963980068309746,0.0
2014-04-11,-0.00022231574276245088,6.852084564620056e-08,5.388994441603573e-06,-0.00022777325804970066,0.5937401580605389,0.39704186094200833,0.0001712860067502875
2014-04-14,8.277354115803757e-05,0.0,1.617066657022025e-05,6.660287458781733e-05,0.5936530606095425,0.39690995067186285,0.0
2014-04-15,9.876586526112106e-05,0.0,5.389863209690017e-06,9.337600205143104e-05,0.5936962922710032,0.39696628511731763,0.0
2014-04-16,0.0003010605089982045,0.0,5.38935997280214e-06,0.0002956711490254024,0.5937396171045596,0.3970279780972814,0.0
2014-04-17,-0.000863319056770963,0.0,5.387766965552754e-06,-0.0008687068237365158,0.5938650888403743,0.3972115945976987,0.0
2014-04-21,0.0004955703253268851,0.0,2.1574526510940177e-05,0.00047399579881594493,0.5935604397696945,0.3966928853573654,0.0
2014-04-22,6.306253785837213e-05,0.0,5.389896636540462e-06,5.767264122183167e-05,0.5937315064519408,0.39700027921821407,0.0
2014-04-23,0.00023008190097467609,0.0,5.388407354247136e-06,0.00022469349362042894,0.593717311815051,0.39704044338503053,0.0
2014-04-24,3.8073743453352435e-05,0.0,5.38837507207212e-06,3.268536838128032e-05,0.5938569713669559,0.39718128123632357,0.0
2014-04-25,-0.00023766786681527827,0.0,5.388198956804306e-06,-0.0002430560657720826,0.5938756340665371,0.39720637214318016,0.0
2014-04-28,-0.00013267944469526208,5.30672558440307e-08,1.6168526728908975e-05,-0.00014890103868001509,0.5936496777757431,0.3969326025740173,0.0001326108109678953
2014-04-29,0.00045290621747216115,0.0,5.390311532622343e-06,0.00044751590593953883,0.5936053867897068,0.3968590158489915,0.0
2014-04-30,0.0005786425261783343,0.0,5.387900361510948e-06,0.0005732546258168233,0.5937925613911279,0.3971341981959783,0.0
2014-05-01,0.00048240348507658763,0.0,5.3848134922673455e-06,0.0004770186715843203,0.5940306730860826,0.39748498061832455,0.0
2014-05-02,0.0005473234673200318,0.0,5.381069214615856e-06,0.0005419423981054159,0.5941866630770144,0.39777763674353567,0.0
2014-05-05,-0.00020485408244781485,0.0,1.6137992318946477e-05,-0.00022099207476676132,0.594454781165839,0.39810920795199034,0.0
2014-05-06,0.0006087202917657846,0.0,5.380519825221659e-06,0.000603339771940563,0.5943812806358015,0.3979923070152111,0.0
2014-05-07,0.0010008539999446647,0.0,5.376099742090714e-06,0.000995477900202574,0.5945883210511863,0.39836068046487516,0.0
2014-05-08,0.0006723267915412003,0.0,5.370753275897118e-06,0.0006669560382653032,0.5949968688175332,0.3989643742472885,0.0
2014-05-09,-0.00014583598893787127,0.0,5.3671736070514764e-06,-0.00015120316254492273,0.5952721752373886,0.39937033858000964,0.0
2014-05-12,-0.0002449240811735352,9.164760267476183e-07,1.6438356164383563e-05,-0.0002622789133646664,0.5969944417630558,0.3969944417630559,0.0022904340329190226
2014-05-13,0.0006339349048550344,0.0,5.479691162042394e-06,0.000628455213692992,0.5968623314284554,0.39685360401390796,0.0
2014-05-14,0.0013718953002381214,0.0,5.47744724627728e-06,0.001366417852991844,0.5971647171831437,0.39723789269402304,0.0
2014-05-15,0.0003072515569885422,0.0,5.46997297754538e-06,0.0003017815840109968,0.5977198773718528,0.39806586369144653,0.0
2014-05-16,-0.0001368754489331136,0.0,5.468322738447487e-06,-0.00014234377167156108,0.5978467098017617,0.3982529298484284,0.0
2014-05-19,0.00022375986286860515,0.0,1.6407303692833062e-05,0.0002073525591757721,0.5977949267373865,0.3981727318079177,0.0
2014-05-20,-3.5181464700890365e-05,0.0,5.467967433903445e-06,-4.064943213479381e-05,0.597894711601687,0.39831390026421126,0.0
2014-05-21,-0.00036175464254302285,0.0,5.4681897127100715e-06,-0.0003672228322557329,0.5978838337753115,0.398294909261394,0.0
2014-05-22,0.0002263484696728134,0.0,5.469002417619904e-06,0.00022087946725519352,0.5976979266841023,0.39807933844097576,0.0
2014-05-23,0.00017564703821845655,0.0,5.467794694040824e-06,0.00017017924352441573,0.5977922351233517,0.3982177287908617,0.0
2014-05-27,0.0006415938398031096,2.949773754609354e-07,2.1917808219178083e-05,0.0006193810542084706,0.597588384993052,0.39758838499305194,0.0007372041518572958
2014-05-28,0.0012044162014953636,0.0,5.474862928226708e-06,0.0011989413385671368,0.5978159722885739,0.39798347540829904,0.0
2014-05-29,0.00027076573612384126,0.0,5.469502673943978e-06,0.00026529623344989726,0.5983467094732541,0.39870986187429885,0.0
2014-05-30,0.00011010791980997704,0.0,5.466856412797983e-06,0.00010464106339717906,0.5984150666934679,0.3988748076263415,0.0
2014-06-02,-0.0010927085193554989,0.0,1.640243969228431e-05,-0.0011091109590477832,0.5985061859647639,0.398943169708638,0.0
2014-06-03,-0.001396886670541002,0.0,5.472353862624793e-06,-0.0014023590244036268,0.5980331274317054,0.39829221144590055,0.0
2014-06-04,-0.000240383850362292,0.0,5.480038844552533e-06,-0.0002458638892068445,0.5974741139767474,0.3974526961505798,0.0
2014-06-05,0.0008556637549691058,0.0,5.48138651956048e-06,0.0008501823684495453,0.5973806044451307,0.39730999648117316,0.0
2014-06-06,0.0012619443414788472,0.0,5.476730300022646e-06,0.0012564676111788246,0.5977280903165858,0.3978274343657591,0.0
2014-06-09,-0.0003123719691941601,0.0,1.640957280332728e-05,-0.00032878154199748736,0.5982383675255043,0.39858856508502233,0.0
2014-06-10,-0.0009109589870648836,1.146296274764026e-06,5.479452054794521e-06,-0.0009175847353944421,0.5995899653901255,0.39958996539012537,0.002861955410518313
2014-06-11,-0.00010168846209349835,0.0,5.484484534084503e-06,-0.00010717294662758285,0.5992288496485061,0.3990451641544216,0.0
2014-06-12,0.0002782860235048778,0.0,5.483873056355071e-06,0.0002728021504485228,0.5991476027798881,0.398986236222928,0.0
2014-06-13,0.00011257043138502452,0.0,5.483576454005716e-06,0.0001070868549310188,0.5993061723029414,0.39915563173173274,0.0
2014-06-16,-0.0007431846565933714,0.0,1.6445371272901995e-05,-0.0007596300278662734,0.599310800852204,0.3992254503652298,0.0
2014-06-17,-0.000811483843339082,0.0,5.487157507536536e-06,-0.0008169710008466186,0.5990664439424477,0.39878519491736425,0.0
2014-06-18,0.0021327251584279277,0.0,5.490443255439784e-06,0.002127234715172488,0.5987002887200257,0.39829910989647355,0.0
2014-06-19,-0.0006615645678735077,0.0,5.479986803282404e-06,-0.0006670445546767901,0.5996013490328642,0.3995818307130564,0.0
2014-06-20,0.00036964874177872534,0.0,5.4836446385783505e-06,0.000364165097140147,0.5993395706620032,0.3991865413538935,0.0
2014-06-23,0.0003448293468806856,0.0,1.6444945240654023e-05,0.00032838440164003154,0.5994909057398585,0.3994107386452345,0.0
2014-06-24,0.0007166175484587632,1.975719169405554e-07,5.479452054794521e-06,0.0007109405244870282,0.5993030294433948,0.39930302944339463,0.0004937611842115429
2014-06-25,0.0009214485507083591,0.0,5.475559257823904e-06,0.0009159729914505352,0.5995933717656515,0.3997354588550789,0.0
2014-06-26,0.0002624593196664381,0.0,5.469352229877774e-06,0.00025698996743656033,0.5999216087364364,0.4002902523458975,0.0
2014-06-27,-9.872146600907533e-05,0.0,5.467947022350556e-06,-0.00010418941303142589,0.6000298664002756,0.40044980008448033,0.0
2014-06-30,-0.0004298724552707698,0.0,1.640913826371033e-05,-0.0004462815935344801,0.6000373108506056,0.4003927953087965,0.0
2014-07-01,-0.0005476510431005453,0.0,5.470958371924806e-06,-0.0005531220014724701,0.5998314792144331,0.4001414986391776,0.0
2014-07-02,-0.0009274158248660996,0.0,5.475183320925391e-06,-0.000932891008187025,0.5996591852795903,0.3998149940658136,0.0
2014-07-03,-0.0002804627461132166,0.0,5.480295839636393e-06,-0.000285943041952853,0.5992908424929747,0.39926004434624635,0.0
2014-07-07,0.00014041626863939226,0.0,2.1922658851537236e-05,0.00011849360978785502,0.5991379616869175,0.3990936996666401,0.0
2014-07-08,0.0012077315943467553,0.0,5.48121385150021e-06,0.001202250380495255,0.599251120428366,0.3991868148486083,0.0
2014-07-09,0.0004683404264321301,2.661482590693739e-07,5.474631973126813e-06,0.0004625996461999339,0.599912034568241,0.40008796754911236,0.0006650833087089402
2014-07-10,-0.0004995000503945611,0.0,5.470904088562063e-06,-0.0005049709544831232,0.6000590956804942,0.40037109644797897,0.0
2014-07-11,0.0005628343917735565,0.0,5.473668131983194e-06,0.0005573607236415733,0.5998625087737138,0.4000736219563273,0.0
2014-07-14,-0.0005366967461587843,0.0,1.6411857071415957e-05,-0.0005531086032302002,0.6000908760805446,0.4004132817116503,0.0
2014-07-15,-0.0002889821596978982,0.0,5.4736465448002884e-06,-0.00029445580624269847,0.5998859814316727,0.40009788254646217,0.0
2014-07-16,0.00022858373738786445,0.0,5.4752587665347756e-06,0.00022310847862132968,0.5997736060927199,0.3999266611142006,0.0
2014-07-17,-0.00027557604058755803,0.0,5.474037462364632e-06,-0.00028105007804992267,0.5998683541142484,0.40006598673793925,0.0
2014-07-18,0.0005528884331479477,0.0,5.475576373531782e-06,0.0005474128567744159,0.5997613410453728,0.39990280341146284,0.0
2014-07-21,0.0001760048749151123,0.0,1.6414159828744968e-05,0.00015959071508636733,0.5999422084352902,0.40023659718555965,0.0
2014-07-22,0.0004926294874601165,0.0,5.471707378851407e-06,0.0004871577800812651,0.6000660294516187,0.4003487101235423,0.0
2014-07-23,0.0009971143174514268,9.849517051198718e-07,5.467849860773899e-06,0.000990661515885533,0.5997882610527017,0.4002117411344542,0.0024598982163681893
2014-07-24,-0.0005600504615199124,0.0,5.463630483466765e-06,-0.0005655140920033792,0.6002342992863053,0.4008117866397683,0.0
2014-07-25,0.000281412100585973,0.0,5.466721991790187e-06,0.00027594537859418285,0.6000135649511583,0.4004782122508166,0.0
2014-07-28,-0.0007801774111845066,0.0,1.6395641673821586e-05,-0.0007965730528583282,0.6001293741243962,0.40064906709290027,0.0
2014-07-29,-6.155783229115377e-05,0.0,5.469570803987019e-06,-6.702740309514078e-05,0.599827002739971,0.4001876683944449,0.0
2014-07-30,-0.001371361609971797,0.0,5.4699374396886944e-06,-0.0013768315474114857,0.5998056483226487,0.4001529317740115,0.0
2014-07-31,-0.0015910891174092344,0.0,5.477479005583866e-06,-0.0015965665964148184,0.5992593659127474,0.3993313822089363,0.0
2014-08-01,0.000232345515289352,0.0,5.485041167401408e-06,0.00022686047412195058,0.5985803300388536,0.39837632742870216,0.0
2014-08-04,0.0005724417889800524,0.0,1.6454981465566193e-05,0.0005559868075144862,0.5987205393991917,0.3985182649014698,0.0
2014-08-05,-0.0002658105529976357,0.0,5.481945932237565e-06,-0.00027129249892987324,0.5989599673480969,0.39886894082142577,0.0
2014-08-06,0.00026549066876820255,3.623286384736676e-07,5.479452054794521e-06,0.0002596488880749344,0.5979075846822962,0.3979075846822961,0.0009053698864002063
2014-08-07,0.00030543160760327374,0.0,5.478029690476549e-06,0.0002999535779127972,0.5980178006940651,0.3980697169916712,0.0
2014-08-08,0.0006789890040715618,0.0,5.4775821227816e-06,0.0006735114219487803,0.5981874378615493,0.39825569038002084,0.0
2014-08-11,0.0006490186462309544,0.0,1.6418103305676748e-05,0.0006326005429252776,0.5984197633819897,0.3986661731629224,0.0
2014-08-12,0.00013201394424925902,0.0,5.4692412569037425e-06,0.00012654470299235527,0.5986900503773079,0.3990627445003213,0.0
2014-08-13,0.0008131499004902299,0.0,5.4685492409642455e-06,0.0008076813512492657,0.5987462961493433,0.3991442488541482,0.0
2014-08-14,0.0009671747389598018,0.0,5.465328380925847e-06,0.000961709410578876,0.5991191072274752,0.3996346213236818,0.0
2014-08-15,0.0008181905048457531,0.0,5.458886098116625e-06,0.0008127316187476365,0.5994662462813373,0.4002169037000805,0.0
2014-08-18,0.0001386927256242499,0.0,1.6366930197727315e-05,0.00012232579542652256,0.5998404090576593,0.40070942498531054,0.0
2014-08-19,-8.255711708055305e-05,0.0,5.453785952921306e-06,-8.801090303347435e-05,0.5998622769251156,0.40079908964348787,0.0
2014-08-20,-0.0005536338925553164,3.4318914533690806e-07,5.455456254581569e-06,-0.0005594325379552349,0.599018464263011,0.3998943109707837,0.0008574920837026573
2014-08-21,0.0006060787058367742,0.0,5.457318989609065e-06,0.0006006213868471652,0.5987563494169637,0.3995642062962327,0.0
2014-08-22,-0.0001414107621773121,0.0,5.45523339279509e-06,-0.0001468659955701072,0.5990460972807334,0.39993007844371276,0.0
2014-08-25,0.00033777162823017307,0.0,1.6368104096288965e-05,0.00032140352413388413,0.5989926581716379,0.3998473916667887,0.0
2014-08-26,0.0005449043849672118,0.0,5.454281673411536e-06,0.0005394501032938003,0.5991378647786861,0.40005658369916497,0.0
2014-08-27,0.0008583654345681732,0.0,5.451340946974601e-06,0.0008529140936211985,0.5993594446493271,0.4003855000847542,0.0
2014-08-28,-8.845364887601729e-05,0.0,5.445507028372197e-06,-9.389915590438949e-05,0.599662937148128,0.400901930612543,0.0
2014-08-29,0.00022767462431104666,0.0,5.44720687184547e-06,0.00022222741743920118,0.5996741673675137,0.4008511165451539,0.0
2014-09-02,-0.001093676929546119,0.0,2.178398648832305e-05,-0.001115460916034442,0.5997685569743468,0.40098968026839904,0.0
2014-09-03,7.706959984824325e-06,0.0,5.450888672461795e-06,2.2560713123625305e-06,0.599300006373377,0.40034256982852146,0.0
2014-09-04,-0.0011656602023182754,5.565946969213811e-07,5.4520659019629085e-06,-0.0011716688629171597,0.5990069277766814,0.40000652235503525,0.001390508887993927
2014-09-05,0.0003425001817031668,0.0,5.457270488790088e-06,0.0003370429112143767,0.5984990925871732,0.39930871974633503,0.0
2014-09-08,-0.000942916582540879,0.0,1.6369866886122187e-05,-0.0009592864494270011,0.5986832794828089,0.3995165657016557,0.0
2014-09-09,-0.0011810266935276786,0.0,5.4606701210348855e-06,-0.0011864873636487135,0.5982708219693965,0.3989563625516233,0.0
2014-09-10,-0.0003264157325594189,0.0,5.467156833532958e-06,-0.0003318828893929519,0.5977990763259304,0.39824785190197753,0.0
2014-09-11,3.117169175036324e-05,0.0,5.4701653677334255e-06,2.5701526382629813e-05,0.5977145792517814,0.3980535433295115,0.0
2014-09-12,-0.0013682793287344086,0.0,5.4688313344135685e-06,-0.0013737481600688223,0.5976868276055067,0.39807448389941147,0.0
2014-09-15,-0.00016224399285765187,0.0,1.6429063398856536e-05,-0.00017867305625650842,0.5971388666962018,0.3972519286767807,0.0
2014-09-16,0.0002852632478508165,0.0,5.477333118133865e-06,0.0002797859147326826,0.5970833054023602,0.3971606465904741,0.0
2014-09-17,-0.00025137995808267806,0.0,5.475801066123685e-06,-0.00025685575914880177,0.5972014800878249,0.39733474117431045,0.0
2014-09-18,0.00034292631001956565,2.400034162654143e-07,5.479452054794521e-06,0.00033720685454850574,0.5965855744024756,0.3965855744024755,0.0005998063044441448
2014-09-19,0.0007723733947230648,0.0,5.478800328827984e-06,0.0007668945943942368,0.596770910822426,0.39679469882020446,0.0
2014-09-22,0.00020272819655167077,0.0,1.6423805658704913e-05,0.00018630439089296587,0.5970853826647915,0.3972624138172151,0.0
2014-09-23,-0.00012386028121782848,0.0,5.473582133849521e-06,-0.000129333863351678,0.5971768541912676,0.3973911063057602,0.0
2014-09-24,-0.0005312748158924389,0.0,5.4742901449430756e-06,-0.000536749106037382,0.5971302230687233,0.39731863277830126,0.0
2014-09-25,-0.00010873034661254498,0.0,5.477230043272363e-06,-0.00011420757665581735,0.5969193441771946,0.3970004475977533,0.0
2014-09-26,-0.0008729403554458219,0.0,5.477855655892093e-06,-0.000878418211101714,0.5968787819098211,0.3969370504697598,0.0
2014-09-29,-0.0005609241070895319,0.0,1.6448015203767748e-05,-0.0005773721222932997,0.5965298442330151,0.3964123259205076,0.0
2014-09-30,0.0007133857627315527,0.0,5.4846422094662765e-06,0.0007079011205220864,0.5962695280596055,0.3960800874140865,0.0
2014-10-01,0.001751678056682144,0.0,5.481958420647321e-06,0.0017461960982614966,0.5966042636882372,0.39651278133461004,0.0
2014-10-02,-0.0003034046084214264,3.4795946659754857e-07,5.479452054794521e-06,-0.00030923201994281844,0.5967014742456113,0.3967014742456111,0.000868749621278031
2014-10-03,0.0007711720902257555,0.0,5.481147000953229e-06,0.0007656909432248023,0.5965825520648272,0.3965206865300346,0.0
2014-10-06,0.00041637224178301237,0.0,1.6423692015369513e-05,0.0003999485497676429,0.5968094747763932,0.3969878885893974,0.0
2014-10-07,0.00025013066298722013,0.0,5.472375336543535e-06,0.0002446582876506766,0.5969870829001402,0.3972453831163012,0.0
2014-10-08,0.0015545439495150701,0.0,5.47223041777109e-06,0.001549071719097299,0.5971346972435218,0.397398286994877,0.0
2014-10-09,-0.001376247665127821,0.0,5.463766651371703e-06,-0.0013817114317791928,0.5977632630275654,0.3983357802524983,0.0
2014-10-10,-0.0008852740597859451,0.0,5.471326445668679e-06,-0.0008907453862316138,0.5972121902729357,0.3975087750060288,0.0
2014-10-13,0.00010082141083889963,0.0,1.6428613048280976e-05,8.439279779061866e-05,0.5968585652263578,0.39697710647227274,0.0
2014-10-14,0.0009827837626583162,0.0,5.475742236219697e-06,0.0009773080204220964,0.5969090118156631,0.3970444201936443,0.0
2014-10-15,0.00046288578693099873,0.0,5.469202758768948e-06,0.0004574165841722298,0.597264489269526,0.39763858857445944,0.0
2014-10-16,-0.00010139376504764792,8.023572488233124e-07,5.466702198522613e-06,-0.00010766282449499384,0.5954506097922837,0.39591597954620844,0.0020034798552869965
2014-10-17,0.0011210110100925152,0.0,5.468483620958017e-06,0.0011155425264715573,0.5954568570509031,0.39585720488593545,0.0
2014-10-20,0.00104824882406559,0.0,1.638717027754092e-05,0.0010318616537880491,0.595913101654019,0.39653586327727103,0.0
2014-10-21,0.00029942987082406274,0.0,5.456759471660888e-06,0.00029397311135240185,0.5963460039042658,0.39717428318864356,0.0
2014-10-22,-0.0006540744604721934,0.0,5.453965911168574e-06,-0.0006595284263833619,0.5964266565726705,0.3973569008150176,0.0
2014-10-23,-0.0006677195479618067,0.0,5.458756007296208e-06,-0.0006731783039691029,0.5962092300824465,0.39696463581613517,0.0
2014-10-24,0.0005215755689145031,0.0,5.461241720081668e-06,0.0005161143271944214,0.5958991972475817,0.39656387446460084,0.0
2014-10-27,-0.00011732588359728732,0.0,1.637527364690411e-05,-0.00013370115724419142,0.5961131102996421,0.39688061426230886,0.0
2014-10-28,3.1346329078295485e-05,0.0,5.459154444234806e-06,2.588717463406068e-05,0.596075480397579,0.39681634318300846,0.0
2014-10-29,-0.0005975609646102332,0.0,5.459013125808687e-06,-0.0006030199777360419,0.5960913956046012,0.3968374165125842,0.0
2014-10-30,0.0003982919405906354,3.9279619448236137e-07,5.463498717202169e-06,0.00039243564567895085,0.5968768458758906,0.3974591426980114,0.000980202428419008
2014-10-31,4.45564894210153e-05,0.0,5.460164242977734e-06,3.9096325178037566e-05,0.5969973573163301,0.3977013624476425,0.0
2014-11-03,-0.0005399705336421792,0.0,1.6383425928158847e-05,-0.0005563539595703381,0.5970620512671512,0.39773036914121845,0.0
2014-11-04,-0.0005666713934115666,0.0,5.462990135159413e-06,-0.000572134383546726,0.5968106400025371,0.3974115000692186,0.0
2014-11-05,-0.00033170444740785474,0.0,5.467310031396342e-06,-0.00033717175743925106,0.5966288233698503,0.39707200722388375,0.0
2014-11-06,-0.0002849073253466967,0.0,5.467961130983474e-06,-0.00029037528647768017,0.5964546988010591,0.39687411752016244,0.0
2014-11-07,0.001209089975068946,0.0,5.470742644150289e-06,0.0012036192324247957,0.5963865098610707,0.3967044033495853,0.0
2014-11-10,-0.0007262578520846858,0.0,1.638892203706869e-05,-0.0007426467741217545,0.5968336842062311,0.39743513275522874,0.0
2014-11-11,0.00022624137726100257,0.0,5.468226830036668e-06,0.0002207731504309659,0.5965939877228598,0.3970037084265214,0.0
2014-11-12,-0.0002606768602955849,0.0,5.4670198588389634e-06,-0.00026614388015442383,0.5966884963009664,0.3971422714533443,0.0
2014-11-13,-0.0005240949293071075,2.623066778295702e-07,5.479452054794521e-06,-0.0005298366880397316,0.5972422006422604,0.3972422006422605,0.0006556033297326486
2014-11-14,-0.0003740699468236408,0.0,5.481160984053313e-06,-0.0003795511078076941,0.5969907888666048,0.39692841294865894,0.0
2014-11-17,-0.0007130969512404734,0.0,1.6449726464062508e-05,-0.0007295466777045359,0.5968432514370517,0.3967049127909579,0.0
2014-11-18,9.22475941047628e-05,0.0,5.488442508249335e-06,8.675915159651346e-05,0.5966090728203678,0.39628092126926706,0.0
2014-11-19,-0.0006533419164717793,0.0,5.486769328854969e-06,-0.0006588286858006342,0.5966058633500337,0.3963387828468273,0.0
2014-11-20,0.00090057037278982,0.0,5.4903865530122276e-06,0.0008950799862368078,0.5963454108969062,0.39594630171196,0.0
2014-11-21,0.0014639412821553662,0.0,5.485476612681246e-06,0.0014584558055426849,0.5967118764115702,0.39649198004870473,0.0
2014-11-24,0.00019147903897126698,0.0,1.643246381579223e-05,0.00017504657515547475,0.5973046752224698,0.39737636546366417,0.0
2014-11-25,0.0006427037423451809,0.0,5.477724104920432e-06,0.0006372260182402605,0.5974351936225242,0.3974982637929283,0.0
2014-11-26,0.0009911692598474511,0.0,5.474235779451784e-06,0.0009856950240679993,0.5976970292667955,0.39788742331680543,0.0
2014-11-28,-0.0010960854764460442,1.1915917254390115e-07,1.0958904109589042e-05,-0.001107163539728177,0.5983392455125975,0.39833924551259753,0.00029787542529975675
2014-12-01,-0.0019534852048834843,0.0,1.6460166615753375e-05,-0.001969945371499238,0.5979488211558176,0.3976834606641517,0.0
2014-12-02,-0.00027909659543435026,0.0,5.496352943586601e-06,-0.00028459294837793685,0.597127963068209,0.396511080627298,0.0
2014-12-03,0.0004843174695868631,0.0,5.497917612169788e-06,0.00047881955197469334,0.597018773805849,0.39634478096165177,0.0
2014-12-04,0.000331456572512101,0.0,5.495286361616146e-06,0.0003259612861504848,0.5972171320358429,0.39663917983685354,0.0
2014-12-05,-0.001174759033453822,0.0,5.493495694694042e-06,-0.0011802525291485161,0.5973538743711778,0.3968412815148455,0.0
2014-12-08,-0.0007257258174479473,0.0,1.650356100042769e-05,-0.000742229378448375,0.5969273862136283,0.39613406070842455,0.0
2014-12-09,7.98489846086763e-06,0.0,5.505273175629898e-06,2.4796252852377317e-06,0.5966445074781203,0.39570203656762903,0.0
2014-12-10,-0.0018433495121993211,0.0,5.504058704539762e-06,-0.001848853570903861,0.5966071829716493,0.395709040255948,0.0
2014-12-11,-0.0011077177848948568,0.0,5.514253752280536e-06,-0.0011132320386471374,0.5958655015197131,0.39459523956147347,0.0
2014-12-12,-0.002124890869007863,1.028815588378273e-06,5.479452054794521e-06,-0.002131399136651036,0.5928511179240608,0.3928511179240609,0.002569507127035478
2014-12-15,-0.001416944951015908,0.0,1.6477061714531456e-05,-0.0014334220127304395,0.5920317169316504,0.39156079940485095,0.0
2014-12-16,-0.0007420517523403421,0.0,5.497834597389262e-06,-0.0007475495869377314,0.591374860826427,0.39070389802171895,0.0
2014-12-17,0.004009915331471357,0.0,5.501947576027074e-06,0.00400441338389533,0.5910746666970254,0.39025358017203715,0.0
2014-12-18,0.0021066577263206213,0.0,5.480003377159785e-06,0.0021011777229434617,0.5927111216800576,0.3926909984137254,0.0
2014-12-19,0.0019103646174721445,0.0,5.469710384380672e-06,0.001904894907087764,0.5936142844861447,0.3939698554562502,0.0
2014-12-22,0.0002347444990000929,0.0,1.6374347766358587e-05,0.00021837015123373431,0.5943487747855776,0.395127543628215,0.0
2014-12-23,-0.0008993880145029054,0.0,5.456924292736454e-06,-0.0009048449387956418,0.5944537083383864,0.39527597165350603,0.0
2014-12-24,0.0010093342458610357,0.0,5.461866434936483e-06,0.0010038723794260993,0.594091881355908,0.3947337564807264,0.0
2014-12-26,-0.00025856136831117256,0.0,1.0915167174564712e-05,-0.0002694765354857373,0.5945480145182673,0.39534621358246125,0.0
2014-12-29,9.186636527882327e-05,1.3338184267069335e-07,1.6373579045736812e-05,7.535940439041576e-05,0.5947391754888756,0.3955272970990776,0.00033314933514376477
2014-12-30,0.00022525831569091556,0.0,5.457448411850462e-06,0.0002198008672790651,0.5947862191189417,0.3955893520863999,0.0
2014-12-31,-0.0008382988314307823,0.0,5.456249123561012e-06,-0.0008437550805543433,0.5948807221359796,0.3957276291260026,0.0
2015-01-02,-0.00011929852003721992,0.0,1.0924104795770532e-05,-0.00013022262483299046,0.5945877140641355,0.3952228015413233,0.0
2015-01-05,-0.0009136180987640125,0.0,1.63847039067118e-05,-0.0009300028026707244,0.5945021920025346,0.39515496113754117,0.0
2015-01-06,9.237777311592606e-05,0.0,5.467848888113196e-06,8.690992422781286e-05,0.594184814307665,0.39460832989153344,0.0
2015-01-07,0.0022311595445986495,0.0,5.466176905537101e-06,0.0022256933676931124,0.5941818642892054,0.39466640723710117,0.0
2015-01-08,0.0007585313713316946,0.0,5.454037889579118e-06,0.0007530773334421155,0.5950885392188743,0.39601615624923653,0.0
2015-01-09,0.0009592767831966019,0.0,5.449933668064934e-06,0.000953826849528537,0.5953986893329082,0.3964761104485382,0.0
2015-01-12,-0.00031445149949835136,0.0,1.6334220985652557e-05,-0.00033078572048400394,0.5957896859170051,0.39705666392489897,0.0
2015-01-13,0.0004944699543761547,9.915487749771258e-07,5.446541966859506e-06,0.000488031863634318,0.5931965414337412,0.3943977596433691,0.002475732866192154
2015-01-14,0.0009881524559693133,0.0,5.443885177430953e-06,0.0009827085707918824,0.5934014125908476,0.39469960361461753,0.0
2015-01-15,0.00041484644130427477,0.0,5.438540676895168e-06,0.0004094079006273796,0.5938060267749172,0.3952992920682435,0.0
2015-01-16,-0.00038611178557814547,0.0,5.436315006581175e-06,-0.00039154810058472666,0.5939776940554785,0.3955521963152658,0.0
2015-01-20,0.00011853298951311573,0.0,2.1753777676654535e-05,9.677921183646119e-05,0.5938240929655827,0.39532087166611,0.0
2015-01-21,0.00012645874277803212,0.0,5.437918141731846e-06,0.00012102082463630027,0.5938851502183363,0.3954011380451239,0.0
2015-01-22,-0.0002684380551578689,0.0,5.438450602269792e-06,-0.0002738765057601387,0.5939831824870317,0.3954797355041843,0.0
2015-01-23,0.002079321380223401,0.0,5.438749665782528e-06,0.0020738826305576183,0.5938339289915354,0.39531956619047326,0.0
2015-01-26,-0.0007068089926935629,0.0,1.6286046074401028e-05,-0.000723095038767964,0.5947233284965218,0.3965764345913093,0.0
2015-01-27,0.0008867006312132917,0.0,5.4326103183691165e-06,0.0008812680208949227,0.5944463607180772,0.3961560840976045,0.0
2015-01-28,0.0009035031131595492,2.960089321037513e-07,5.4278269480568425e-06,0.0008977792772793886,0.5940693747649131,0.3959536911608384,0.000739500544023039
2015-01-29,0.00015177792560692877,0.0,5.421771237480714e-06,0.00014635615436944804,0.5943958738599976,0.3965012236919514,0.0
2015-01-30,0.0009384762695679158,0.0,5.420977844010543e-06,0.0009330552917239052,0.5944606488111206,0.3965949575047356,0.0
2015-02-02,0.0004541958304310141,0.0,1.6247773461025088e-05,0.000437948056969989,0.5948441026429665,0.39716285886716135,0.0
2015-02-03,-0.00018997422128206053,0.0,5.41355363171405e-06,-0.00019538777491377458,0.5950377028676028,0.39744299531003996,0.0
2015-02-04,-0.0010128943294701353,0.0,5.415797103990958e-06,-0.0010183101265741263,0.5950072489369432,0.3973306546412734,0.0
2015-02-05,0.0005697614721249125,0.0,5.420130954861504e-06,0.000564341341170051,0.594556525935717,0.396721746083272,0.0
2015-02-06,-0.0018727633103683044,0.0,5.417073876125035e-06,-0.0018781803842444294,0.5947906224702416,0.3970674259916778,0.0
2015-02-09,-0.00026292569803059037,0.0,1.6281801789115575e-05,-0.0002792074998197059,0.5940335613423693,0.39593830624146326,0.0
2015-02-10,-0.0009543381202416426,0.0,5.427596095061024e-06,-0.0009597657163367036,0.593893144401114,0.3957858869313866,0.0
2015-02-11,-0.00022089050255324555,6.798583043927507e-07,5.479452054794521e-06,-0.00022704981291243282,0.5952501470937754,0.3952501470937754,0.0016983473854006031
2015-02-12,0.0010290185993262822,0.0,5.479498170865667e-06,0.0010235391011554165,0.5951206515156449,0.39511896827904813,0.0
2015-02-13,-0.00015366560538847954,0.0,5.473895424862684e-06,-0.00015913950081334222,0.5955401115245194,0.39574292851703136,0.0
2015-02-17,-0.0008298394351152487,0.0,2.19038556673245e-05,-0.0008517432907825732,0.5955249097738492,0.39565222680951306,0.0
2015-02-18,0.0009986462481406555,0.0,5.480632008373506e-06,0.000993165616132282,0.5952020296741689,0.39515896136853607,0.0
2015-02-19,-0.0007209756187503724,0.0,5.475194233718929e-06,-0.0007264508129840914,0.5956091374063832,0.3957645478756424,0.0
2015-02-20,0.000812050604255544,0.0,5.479174584550357e-06,0.0008065714296709936,0.5953206329454224,0.3953307606093344,0.0
2015-02-23,0.000513210481277662,0.0,1.6420685470998914e-05,0.0004967897958066631,0.595608557809784,0.39582355124596397,0.0
2015-02-24,0.0014886933581953867,0.0,5.472040346711032e-06,0.0014832213178486756,0.5958694360906481,0.3961399634356956,0.0
2015-02-25,0.000815584689391516,0.0,5.4627415095495735e-06,0.0008101219478819665,0.5964298240579283,0.3970397589593689,0.0
2015-02-26,-0.0009471145138979169,9.142855682132122e-08,5.459513248602816e-06,-0.0009526654557033411,0.5970339398864861,0.39776170631248337,0.00022841310956045469
2015-02-27,0.000756944481329291,0.0,5.4635245160439134e-06,0.0007514809568132471,0.5966116286691342,0.39719298383353135,0.0
2015-03-02,-0.0016615047802827647,0.0,1.638184724746524e-05,-0.00167788662753023,0.5969635759291002,0.39765110108493956,0.0
2015-03-03,-0.00033632004787698523,0.0,5.468597551180019e-06,-0.0003417886454281653,0.5962589492756222,0.3966551386575515,0.0
2015-03-04,-0.00043518762425580055,0.0,5.4716635949158285e-06,-0.0004406592878507164,0.5961700434098596,0.39645432219543186,0.0
2015-03-05,0.0002433415968944603,0.0,5.47407579725829e-06,0.00023786752109720201,0.5959974876140566,0.39619372101412903,0.0
2015-03-06,-0.003386562062613001,0.0,5.472774002072891e-06,-0.0033920348366150736,0.5960990366107841,0.39634278553512364,0.0
2015-03-09,0.0004796107984652551,0.0,1.647060123066187e-05,0.00046314019723459326,0.5946859963486466,0.3942936813755938,0.0
2015-03-10,-0.00020111456316792962,0.0,5.4888589144535005e-06,-0.00020660342208238312,0.5949338918104257,0.39459054143287303,0.0
2015-03-11,0.000799167481117734,0.0,5.48999316582877e-06,0.0007936774879519052,0.5948556764656607,0.39447092591291055,0.0
2015-03-12,0.000550094508824768,4.516917222280183e-08,5.479452054794521e-06,0.0005445698875977507,0.595069543119059,0.39506954311905906,0.00011291790717893324
2015-03-13,-0.0013467303771392829,0.0,5.475272383364744e-06,-0.0013522056495226477,0.5952517543387672,0.39540431234595397,0.0
2015-03-16,-0.0002353865364973585,0.0,1.6451655223998555e-05,-0.00025183819172135705,0.5947529555768875,0.39459115035157166,0.0
2015-03-17,-0.00016301567297362694,0.0,5.485266474256172e-06,-0.0001685009394478831,0.5946673289851975,0.39445510267484724,0.0
2015-03-18,0.004212846935449493,0.0,5.4861909025772465e-06,0.004207360744546916,0.5946045047298706,0.3943585367858014,0.0
2015-03-19,-0.0019012125649313398,0.0,5.463205227364231e-06,-0.001906675770158704,0.5963084668303374,0.396901476031543,0.0
2015-03-20,0.002150364625404107,0.0,5.47364168734402e-06,0.002144890983716763,0.5955427612183143,0.3957548396302577,0.0
2015-03-23,0.0007557427665365136,0.0,1.6385779351639556e-05,0.000739356987184874,0.5964138830833295,0.39705356763838157,0.0
2015-03-24,0.0005207441473984264,0.0,5.456697831634302e-06,0.0005152874495667921,0.596684875467656,0.3975154046130039,0.0
2015-03-25,-0.0005250450351983028,0.0,5.455080186254842e-06,-0.0005305001153845576,0.5969415781593609,0.39783115136105923,0.0
2015-03-26,-0.0013029227183120598,6.039777019918412e-07,5.4794520547606565e-06,-0.0013090061480688123,0.5974125136287483,0.39741251362998414,0.0015092291541763947
2015-03-27,0.0007974556482194351,0.0,5.48663409251997e-06,0.0007919690141269151,0.5968909248007266,0.39662878042374783,0.0
2015-03-30,0.0005849875331953621,0.0,1.644687686070707e-05,0.0005685406563346551,0.5972154043539387,0.39711173588200255,0.0
2015-03-31,0.0001640562342652665,0.0,5.477982954472211e-06,0.0001585782513107943,0.5974171229751195,0.39747074513688396,0.0
2015-04-01,0.0011152031535183577,0.0,5.479506426211138e-06,0.0011097236470921465,0.5975737396941556,0.39757175513744897,0.0
2015-04-02,0.00022050605327748435,0.0,5.471043057392867e-06,0.0002150350102200915,0.5979380879737947,0.3982450163789551,0.0
2015-04-06,0.0008189609364520883,0.0,2.1884237090673147e-05,0.0007970766993614151,0.5980735202680432,0.3983798568156506,0.0
2015-04-07,0.0007241670365416507,0.0,5.4667018919678434e-06,0.0007187003346496829,0.5984154981543796,0.3988808790975533,0.0
2015-04-08,0.0003867533114652887,0.0,5.463970411303077e-06,0.00038128934105398566,0.5987529761260968,0.39931805611353444,0.0
2015-04-09,-0.0006839603008396991,0.0,5.4618878516831975e-06,-0.0006894221886913824,0.598911370915596,0.39955246432915925,0.0
2015-04-10,0.00029963614646150323,1.830860858295101e-07,5.464461009548062e-06,0.00029398859936612565,0.5981397602430462,0.398686933394542,0.0004567491449963268
2015-04-13,-0.00024220085751922244,0.0,1.6388564977380868e-05,-0.0002585894224966033,0.5982635137370524,0.3988693065122519,0.0
2015-04-14,0.0003678453716420963,0.0,5.463077046389572e-06,0.0003623822945957067,0.5981325252634818,0.3987302130702624,0.0
2015-04-15,0.0007464090874312782,0.0,5.462288557704035e-06,0.0007409467988735742,0.5983270171188565,0.39895348476265924,0.0
2015-04-16,-0.0005039497945533455,0.0,5.457054653973268e-06,-0.0005094068492073187,0.5985864516368911,0.3994039567668667,0.0
2015-04-17,-0.00011932817943125176,0.0,5.461026173206911e-06,-0.00012478920560445868,0.5984307682555152,0.39910331293346296,0.0
2015-04-20,-0.0003503943799710729,0.0,1.6381552036242586e-05,-0.0003667759320073155,0.5983426629700482,0.39903377986243005,0.0
2015-04-21,5.549812342850471e-05,0.0,5.462520866596152e-06,5.003560256190856e-05,0.5982116782358997,0.3988296666051403,0.0
2015-04-22,-0.0005996512371392123,0.0,5.463438326896243e-06,-0.0006051146754661085,0.5982807061992951,0.39886520726758223,0.0
2015-04-23,0.00045252637224011067,0.0,5.4655548471957595e-06,0.0004470608173929149,0.59799945020449,0.3985066982818448,0.0
2015-04-24,0.0007248455316156547,9.054417227544853e-08,5.463112503654366e-06,0.0007192918749397249,0.5979585301255191,0.3985549237421349,0.00022602157657516941
2015-04-27,-3.268442055988386e-05,0.0,1.637755726708952e-05,-4.906197782697338e-05,0.5982530570940093,0.39899277701108676,0.0
2015-04-28,-0.000950516292556649,0.0,5.460643765356228e-06,-0.0009559769363220053,0.5982931647576208,0.39897966732211837,0.0
2015-04-29,-0.0017896668135737113,0.0,5.465869010066809e-06,-0.0017951326825837782,0.5979142406890613,0.39841002182162283,0.0
2015-04-30,-0.00039263261671862947,0.0,5.475698615611673e-06,-0.00039810831533424113,0.5971966210478592,0.39733362157803326,0.0
2015-05-01,-0.0004384427369814461,0.0,5.477879404953183e-06,-0.0004439206163863993,0.5970416756868326,0.3970990774060415,0.0
2015-05-04,-0.0004897508191636916,0.0,1.64373533510624e-05,-0.000506188172514754,0.5968245978099387,0.3968367987053462,0.0
2015-05-05,-0.0005435290429552213,0.0,5.483087702679622e-06,-0.0005490121306579009,0.5966804768278748,0.39654777568006877,0.0
2015-05-06,-0.0011439154964638489,0.0,5.486099637930844e-06,-0.0011494015961017797,0.5964644139837026,0.3962217771992268,0.0
2015-05-07,0.0004683066354388414,0.0,5.492412625769353e-06,0.00046281422281307206,0.5960055482156432,0.3955324873750619,0.0
2015-05-08,0.001984954340073835,1.3490148489846257e-07,5.479452054794521e-06,0.001979339986534142,0.5958170391183517,0.39581703911835164,0.000337213566990055
2015-05-11,-0.0024931651065266893,0.0,1.6409459817566603e-05,-0.002509574566344256,0.5966645912711216,0.397016163490728,0.0
2015-05-12,-0.0005201492113837989,0.0,5.4823862382221256e-06,-0.000525631597622021,0.5956226719049388,0.39551557420983136,0.0
2015-05-13,-0.0002537686649237867,0.0,5.486465255089053e-06,-0.0002592551301788757,0.5954591380756107,0.3952031562648604,0.0
2015-05-14,0.0013879831912484149,0.0,5.487888018211621e-06,0.0013824953032302032,0.595359719472262,0.3950518068075378,0.0
2015-05-15,0.001448251503512042,0.0,5.479117068591962e-06,0.00144277238644345,0.5958802435213179,0.39589247051771126,0.0
2015-05-18,-0.001558358614764214,0.0,1.6413670015916728e-05,-0.0015747722847801308,0.5964679275695335,0.3967682757092133,0.0
2015-05-19,-0.0013301279960102315,0.0,5.4798528590460075e-06,-0.0013356078488692775,0.5958478937037185,0.3958332643485392,0.0
2015-05-20,0.00012789422433573343,0.0,5.487181581834877e-06,0.00012240704275389856,0.5953128702497469,0.3950307425127737,0.0
2015-05-21,0.0014620873935917652,0.0,5.486509994371426e-06,0.0014566008835973938,0.5953678872516532,0.39511027245709635,0.0
2015-05-22,-9.07220186270163e-05,5.659955860344711e-08,5.479452054794521e-06,-9.625807024041427e-05,0.5958640115018812,0.39586401150188116,0.00014147707870874882
2015-05-26,0.00010384986221149837,0.0,2.1919918188202707e-05,8.192994402329566e-05,0.5958306429911386,0.39581138952378897,0.0
2015-05-27,0.00022661642715134987,0.0,5.479530609414574e-06,0.0002211368965419353,0.5958856719736011,0.3958828047299692,0.0
2015-05-28,-0.00046536066751729134,0.0,5.478319150919273e-06,-0.00047083898666821063,0.5959804951236614,0.3960218461151077,0.0
2015-05-29,0.000645949171037687,0.0,5.4797051993095526e-06,0.0006404694658383775,0.5957520563691358,0.39574281659433697,0.0
2015-06-01,-0.001122456994821509,0.0,1.642859358537056e-05,-0.0011388855884068795,0.5960162753146915,0.3961350533593498,0.0
2015-06-02,-0.0011993334893060756,0.0,5.4824417356722245e-06,-0.0012048159310417477,0.595572106809172,0.3954629834571359,0.0
2015-06-03,-0.0016393402204648371,0.0,5.490251647790924e-06,-0.001644830472112628,0.5951334232348571,0.39473923809048855,0.0
2015-06-04,0.0003054734944980313,0.0,5.4992970591690445e-06,0.00029997419743886224,0.5944718884913974,0.39374754583172733,0.0
2015-06-05,-0.001675929442944311,0.0,5.4964496834570475e-06,-0.0016814258926277682,0.5945552624822247,0.3939348490360425,0.0
2015-06-08,-0.00023585476861569723,3.2437222278019104e-07,1.6438356164383563e-05,-0.00025261749700286097,0.5930671042048016,0.39306710420480145,0.0008107905037010865
2015-06-09,-0.0012333630999267831,0.0,5.479631480424909e-06,-0.001238842731407208,0.5929370595937683,0.3929305105582591,0.0
2015-06-10,-0.0004921789248507612,0.0,5.4864283022485365e-06,-0.0004976653531530098,0.5924376335499769,0.3921830005179054,0.0
2015-06-11,0.0015517921960549249,0.0,5.490367292239371e-06,0.0015463018287626856,0.5922842557695298,0.3918858496027929,0.0
2015-06-12,-0.0002545113555545781,0.0,5.483085684054108e-06,-0.0002599944412386322,0.5929628351982161,0.3928302077302413,0.0
2015-06-15,-0.0009039366592267105,0.0,1.644994879942396e-05,-0.0009203866080261345,0.592818834143718,0.3926777904173931,0.0
2015-06-16,0.001034057606322682,0.0,5.489564147915572e-06,0.0010285680421747664,0.5925038607473344,0.392134769348416,0.0
2015-06-17,0.00033126476443197595,0.0,5.481522781904308e-06,0.00032578324165007165,0.5928404231300961,0.3927648415905889,0.0
2015-06-18,0.0007316987316089402,0.0,5.482137570847645e-06,0.0007262165940380926,0.5930661052747093,0.39296808393877025,0.0
2015-06-19,0.001019376844082422,0.0,5.475760986740099e-06,0.001013901083095682,0.5932793548540125,0.39341407883799884,0.0
2015-06-22,-0.0008176730265141885,1.6848319292745058e-08,1.6410644190301458e-05,-0.0008341005190237828,0.5936546645428077,0.39399182689414003,4.2117345100567416e-05
2015-06-23,-0.0003477852064942935,0.0,5.4759853108699605e-06,-0.00035326119180516345,0.5933758382491056,0.3935023744023519,0.0
2015-06-24,0.0004021247254677963,0.0,5.476715959187889e-06,0.0003966480095086084,0.5931936570454222,0.39329352453506417,0.0
2015-06-25,-0.000747131390233647,0.0,5.4745444920121675e-06,-0.0007526059347256591,0.5933604265387822,0.393539552580338,0.0
2015-06-26,-0.0011988582206886016,0.0,5.479872687537851e-06,-0.0012043380933761394,0.5931036148438991,0.3930882617487676,0.0
2015-06-29,0.0004617956496888891,0.0,1.645582168258067e-05,0.00044533982800630843,0.592574437096827,0.39236193995876234,0.0
2015-06-30,0.00018519603105276598,0.0,5.48403800417765e-06,0.00017971199304858833,0.5928162605791767,0.3926488734266925,0.0
2015-07-01,-4.990334019252607e-06,0.0,5.483052633860827e-06,-1.0473386653113435e-05,0.5928949062849526,0.3927634851490323,0.0
2015-07-02,0.0010997105213732252,0.0,5.4831100605925535e-06,0.0010942274113126327,0.5928961255813016,0.3927626083696735,0.0
2015-07-06,-0.0001718245167211863,0.0,2.190846739680478e-05,-0.00019373298411799107,0.5933465800104191,0.3934318150145753,0.0
2015-07-07,0.0003990837393531462,1.004119019608056e-07,5.478178153002306e-06,0.00039350514929818313,0.5930387186315481,0.3930852160469638,0.0002509766452621631
2015-07-08,-7.195650071544048e-05,0.0,5.4748192383881065e-06,-7.743131995382858e-05,0.5931604247949712,0.3933295225938053,0.0
2015-07-09,-0.0004226687387893478,0.0,5.475243193695662e-06,-0.00042814398198304346,0.5931343954734073,0.39328801890351556,0.0
2015-07-10,0.00011381809360148533,0.0,5.477588390200707e-06,0.00010834050521128461,0.5929656013883753,0.39303362514604945,0.0
2015-07-13,-0.0003651545398748064,0.0,1.6430985029382917e-05,-0.00038158552490418933,0.593015171918653,0.393104854061161,0.0
2015-07-14,-0.00022254990895251436,0.0,5.479085749606064e-06,-0.00022802899470212041,0.5928762503739804,0.39288962051335913,0.0
2015-07-15,0.0002529770426342033,0.0,5.48154070939696e-06,0.0002474955019248063,0.592832866397012,0.3927566305040231,0.0
2015-07-16,0.000602200429416427,0.0,5.478979402226466e-06,0.0005967214500142005,0.5928951116853055,0.3929123635040393,0.0
2015-07-17,-3.6218190691101694e-05,0.0,5.475711927465248e-06,-4.169390261856694e-05,0.593143370742466,0.3932798853899845,0.0
2015-07-20,-0.0008355195059633649,0.0,1.643143367570836e-05,-0.0008519509396390732,0.5931758401338801,0.393260063746095,0.0
2015-07-21,0.0001572599728606128,8.449226542202912e-09,5.479452054794521e-06,0.00015177207157927606,0.5927802782555421,0.39278027825554224,2.1122483598812192e-05
2015-07-22,-0.00036407831835793186,0.0,5.479825460467122e-06,-0.000369558143818399,0.5928915396411235,0.39287791033407365,0.0
2015-07-23,9.951150125887335e-05,0.0,5.480645970555569e-06,9.403085528831778e-05,0.5927025202508736,0.39265894232559534,0.0
2015-07-24,-0.0005954625816889081,0.0,5.480130669181654e-06,-0.0006009427123580898,0.5927462953110154,0.392721525885885,0.0
2015-07-27,-0.0006243642291056285,0.0,1.645389557432499e-05,-0.0006408181246799536,0.5925509131196944,0.3923618502987405,0.0
2015-07-28,0.0005048978219724121,0.0,5.486942025910689e-06,0.0004994108799465015,0.592262063465881,0.39198867952014077,0.0
2015-07-29,0.0008418557108886961,0.0,5.484203155187152e-06,0.0008363715077335089,0.5924710747870512,0.39229765962271995,0.0
2015-07-30,0.0006163459619625947,0.0,5.480825284119795e-06,0.0006108651366784749,0.5928611022928673,0.39281097942249477,0.0
2015-07-31,0.0006508246932934312,0.0,5.477479282988938e-06,0.0006453472140104422,0.593115134896885,0.39318714106778874,0.0
2015-08-03,-0.00022849719395480638,0.0,1.642184006023502e-05,-0.0002449190340150414,0.5933830215104055,0.3935839674442129,0.0
2015-08-04,-0.0006361531818624822,1.351666061827163e-07,5.4752876889167295e-06,-0.0006417636361575816,0.5929622989939191,0.3931142983484584,0.00033753574493734784
2015-08-05,-0.0006445137734183812,0.0,5.477599103339238e-06,-0.0006499913725217204,0.5926625523901083,0.3927301851182262,0.0
2015-08-06,-0.0005008304981298401,0.0,5.481161811227931e-06,-0.000506311659941068,0.5924030955178317,0.39234068940801226,0.0
2015-08-07,4.870166915349322e-05,0.0,5.483938393178797e-06,4.3217730760314426e-05,0.5922021038499228,0.3920383524988966,0.0
2015-08-10,-0.00036657866923009295,0.0,1.6451104200144358e-05,-0.0003830297734302373,0.5922252108893625,0.3920701097876062,0.0
2015-08-11,0.000573759081621106,0.0,5.487009112593991e-06,0.000568272072508512,0.5921294553323861,0.39185362272270546,0.0
2015-08-12,-0.0004885141295038018,0.0,5.482686967898795e-06,-0.0004939968164717006,0.5923225772669004,0.39220450293859455,0.0
2015-08-13,-0.0005217457248119795,0.0,5.4853967364236715e-06,-0.0005272311215484033,0.5921265717788037,0.39190959089933963,0.0
2015-08-14,0.0001864014425876553,0.0,5.488290333891792e-06,0.0001809131522537635,0.591916903066659,0.3915943058796086,0.0
2015-08-17,0.0004420463107575062,0.0,1.6458293030890023e-05,0.00042558801772661615,0.5919524070690985,0.39170984185993657,0.0
2015-08-18,-0.001024710185533968,7.090430162427438e-08,5.479452054794521e-06,-0.0010302605418903868,0.5919652155352426,0.39196521553524266,0.00017722911538269048
2015-08-19,0.0004209785854180717,0.0,5.486302855221028e-06,0.00041549228256285067,0.5915937455287538,0.3913436913131863,0.0
2015-08-20,-0.000805469942100449,0.0,5.485230381153551e-06,-0.0008109551724816026,0.5918128712175346,0.39160196230543004,0.0
2015-08-21,-0.0004113467710452164,0.0,5.488475192799675e-06,-0.00041683524623801604,0.5914430125526232,0.391113668015435,0.0
2015-08-24,-0.0027114982309123085,0.0,1.6472291810211842e-05,-0.0027279705227225204,0.5912781313470531,0.39086524765614244,0.0
2015-08-25,0.0002233000982838501,0.0,5.505783551971549e-06,0.00021779431473187855,0.5901766175319682,0.3892155178850066,0.0
2015-08-26,0.0005495166064745967,0.0,5.504584684722256e-06,0.0005440120217898745,0.5902713598839202,0.38935401889155785,0.0
2015-08-27,0.0024894316314832366,0.0,5.502801711964951e-06,0.0024839288297712715,0.5905438011029561,0.3896915386162354,0.0
2015-08-28,0.0002786251054389594,0.0,5.487960050483795e-06,0.0002731371453884756,0.5915197761946974,0.39120923435203886,0.0
2015-08-31,-0.0004332016600812629,0.0,1.6463004377298798e-05,-0.0004496646644585617,0.591680845370106,0.3913809587796374,0.0
2015-09-01,0.0006929774962964213,1.715199352508247e-07,5.479452054794521e-06,0.0006873265243063759,0.5910848933554048,0.39108489335540486,0.0004287331309966308
2015-09-02,-0.00027582199680251237,0.0,5.475688468871027e-06,-0.0002812976852713834,0.5913714055989168,0.3915087764851243,0.0
2015-09-03,0.0011670797037950608,0.0,5.476024864370665e-06,0.00116160367893069,0.5912179459286943,0.391343038379165,0.0
2015-09-04,0.00018894140095469203,0.0,5.470874213153938e-06,0.00018347052674153809,0.59174161467437,0.39205470589425123,0.0
2015-09-08,-0.0002718936469904971,0.0,2.1874671738838315e-05,-0.0002937683187293354,0.591778074964587,0.39217169534768737,0.0
2015-09-09,0.00040707675631938703,0.0,5.470274928178218e-06,0.00040160648139120884,0.5916799981558806,0.3920149632773756,0.0
2015-09-10,-0.00015481994959989294,0.0,5.468078912246301e-06,-0.00016028802851213923,0.5918493843634323,0.3922645040664422,0.0
2015-09-11,0.00010192077708356748,0.0,5.467759598673192e-06,9.645301748489429e-05,0.5917457700324372,0.39217254468086576,0.0
2015-09-14,-0.00017441386716713763,0.0,1.6405284221868137e-05,-0.00019081915138900577,0.5918342577505192,0.3922366330511234,0.0
2015-09-15,-0.0013777841986541736,0.0,5.469471753914673e-06,-0.0013832536704080883,0.5917727654602722,0.3921370464423866,0.0
2015-09-16,0.00022323214744901534,2.6294527118554175e-08,5.479452054794521e-06,0.00021772640086710227,0.5912347964739151,0.39123479647391507,6.573369777124194e-05
2015-09-17,0.0021436067689950245,0.0,5.478259293115614e-06,0.0021381285097019087,0.591329280625366,0.3913728164266462,0.0
2015-09-18,0.0005537873556192228,0.0,5.466571061678327e-06,0.0005483207845575445,0.5922066734222813,0.3926768296710223,0.0
2015-09-21,-0.001417703787905046,0.0,1.6390725809399708e-05,-0.0014340945137144459,0.5924356160161265,0.39301511866843014,0.0
2015-09-22,-0.0007307399576628457,0.0,5.472618528472139e-06,-0.0007362125761913178,0.591910385400504,0.39215980911127085,0.0
2015-09-23,-0.00045918917822739897,0.0,5.476650507451129e-06,-0.0004646658287348501,0.5916151999933421,0.391717456471376,0.0
2015-09-24,-0.0006874982740792995,0.0,5.477998341720664e-06,-0.0006929762724210202,0.591387095630514,0.3914401561577096,0.0
2015-09-25,-0.0011003203375124114,0.0,5.4817970970391386e-06,-0.0011058021346094505,0.5911092220217048,0.39102362797977647,0.0
2015-09-28,-0.0018081006985015676,0.0,1.6463596771570767e-05,-0.0018245642952731383,0.5906620570477086,0.3903549629935976,0.0
2015-09-29,0.00012008559388390627,0.0,5.4990993701935035e-06,0.00011458649451371277,0.5899742138895576,0.3892570868774948,0.0
2015-09-30,0.0012809858773517242,8.487722143082522e-07,5.479452054794521e-06,0.0012746576530826214,0.5879071282044243,0.3879071282044244,0.0021195621888954325
2015-10-01,-0.0009375006172147669,0.0,5.471279829091235e-06,-0.0009429718970438582,0.5883943777647378,0.38869266400290775,0.0
2015-10-02,0.0020889753135454945,0.0,5.477641782979498e-06,0.002083497671762515,0.5880550758022252,0.3881211507234735,0.0
2015-10-05,0.0011405175527171639,0.0,1.639875857363054e-05,0.0011241187941435334,0.5889170438260978,0.38939881451359276,0.0
2015-10-06,0.001077378613779311,0.0,5.45892105145931e-06,0.0010719196927278516,0.5893514307897323,0.39010081241146766,0.0
2015-10-07,0.0014780208527215672,0.0,5.453075792131787e-06,0.0014725677769294354,0.5897965948188214,0.3907593284060114,0.0
2015-10-08,-6.991072057630106e-05,0.0,5.445057575802135e-06,-7.535577815210319e-05,0.590405203992812,0.39166060247603396,0.0
2015-10-09,0.0004710865968626212,0.0,5.445467923274896e-06,0.00046564112893934627,0.5903797818000984,0.3916202026005648,0.0
2015-10-12,0.0005002766840220739,0.0,1.632880040876812e-05,0.0004839478836133058,0.5905758719812072,0.3919088003411953,0.0
2015-10-13,-0.001019371906851414,0.0,5.440300647604744e-06,-0.0010248122074990188,0.5907902369803834,0.3922192633428102,0.0
2015-10-14,0.0010413834005869574,0.0,5.445881653603953e-06,0.0010359375189333533,0.5903758894920965,0.3916012091355523,0.0
2015-10-15,0.00046087353711454733,0.0,5.440245898765199e-06,0.0004554332912157821,0.5908052355827609,0.3922362602778314,0.0
2015-10-16,0.00098917133959071,0.0,5.437769357569808e-06,0.00098373357023314,0.5909969494340963,0.3925183678827984,0.0
2015-10-19,0.00037686790196139064,0.0,1.6297275895307858e-05,0.00036057062606608276,0.5914043364743159,0.3931208130814035,0.0
2015-10-20,-0.0007015820774009469,0.0,5.430467231466471e-06,-0.0007070125446324134,0.5915679023673599,0.3933558484188337,0.0
2015-10-21,0.00017315418070066265,0.0,5.433121319166653e-06,0.000167721059381496,0.5912410023966969,0.39293207424711396,0.0
2015-10-22,0.0007228104168717397,0.0,5.4333980610739815e-06,0.0007173770188106656,0.5913583366879894,0.393039307458789,0.0
2015-10-23,-5.0593906407468825e-05,0.0,5.42950306035492e-06,-5.6023409467823745e-05,0.5916567061808216,0.39347984447786727,0.0
2015-10-26,0.0002506247131727053,0.0,1.6289421770010575e-05,0.00023433529140269474,0.591639257922818,0.39345129305435617,0.0
2015-10-27,-0.0004453655005353583,0.0,5.427348384458288e-06,-0.0004507928489198166,0.5917078971609302,0.39360968112820277,0.0
2015-10-28,-0.0007807492611343355,3.6253218203775843e-07,5.479452054794521e-06,-0.0007865912453711677,0.5924354100374499,0.39243541003744997,0.0009062212488217258
2015-10-29,-0.0009356008279267037,0.0,5.483765536757402e-06,-0.0009410845934634611,0.5921204175129368,0.3919629754212916,0.0
2015-10-30,0.00034757428477332885,0.0,5.4889310852363e-06,0.00034208535368809254,0.5917416956781226,0.39139571106699766,0.0
2015-11-02,-0.00016514793987045946,0.0,1.6461162133238432e-05,-0.0001816091020036979,0.5918867941595725,0.391609321538505,0.0
2015-11-03,0.00046862658454446257,0.0,5.488050724376617e-06,0.00046313853382008594,0.591829127776137,0.3915152763363906,0.0
2015-11-04,-0.0004585695804293771,0.0,5.486709666068477e-06,-0.0004640562900954456,0.5920673469229216,0.3918024441114222,0.0
2015-11-05,-0.0002400655862958998,0.0,5.488056940581406e-06,-0.0002455536432364812,0.5918396427631221,0.3915255644319006,0.0
2015-11-06,-0.002129976888772583,0.0,5.4894048839498606e-06,-0.0021354662936565326,0.5917448822885386,0.39138160402436867,0.0
2015-11-09,-0.0011425007443846959,0.0,1.650345722848983e-05,-0.0011590042016131857,0.5908767026820504,0.39008463973542434,0.0
2015-11-10,0.0002807578338581924,0.0,5.508739975524868e-06,0.00027524909388266757,0.5904624567395844,0.38939344763292677,0.0
2015-11-11,-0.0002085708450048646,1.9396270072446617e-07,5.479452054794521e-06,-0.00021424425976038358,0.5900518450536397,0.3900518450536396,0.00048486754442067515
2015-11-12,-0.00037143886988447145,0.0,5.4818246723917336e-06,-0.0003769206945568632,0.5900134143325143,0.389926813790216,0.0
2015-11-13,7.301328099372686e-05,0.0,5.483891664646846e-06,6.752938932908001e-05,0.5898643075271172,0.38970226176750733,0.0
2015-11-16,0.00043945890590260173,0.0,1.6446967709959e-05,0.0004230119381926427,0.589853729344043,0.3897489555395418,0.0
2015-11-17,0.0005675728894532434,0.0,5.48120275159806e-06,0.0005620916867016453,0.5900873303117602,0.39002342987843097,0.0
2015-11-18,0.0005921524311407658,0.0,5.476925928144381e-06,0.0005866755052126213,0.5902793745263517,0.3903715781490819,0.0
2015-11-19,-0.00025483333433498476,0.0,5.473714633846179e-06,-0.00026030704896883093,0.5905250803576331,0.3907344962222475,0.0
2015-11-20,0.0003106056156764585,0.0,5.4763370765408e-06,0.00030512927859991767,0.5904676372560779,0.3905813339623386,0.0
2015-11-23,-8.845008658217774e-05,0.0,1.6420409206415252e-05,-0.00010487049578859299,0.5905543487296536,0.3907727033849347,0.0
2015-11-24,0.000153255374438915,0.0,5.47524078668781e-06,0.0001477801336522272,0.5905715175609237,0.39072522884681876,0.0
2015-11-25,0.00017064065991638963,1.2357591299252218e-07,5.479452054159483e-06,0.00016503763194923764,0.590511929842457,0.3905119298656359,0.0003087988161031683
2015-11-27,0.00021054815151816405,0.0,1.095709577517919e-05,0.00019959105574298487,0.5905851017357183,0.39061810383869827,0.0
2015-11-30,-0.00025067373529716704,0.0,1.643595710399003e-05,-0.0002671096924011571,0.5907214730850034,0.3907506616531246,0.0
2015-12-01,0.0019123596380114104,0.0,5.4801161601385335e-06,0.0019068795218512718,0.5906285619632157,0.3906043221181591,0.0
2015-12-02,-0.0007872619480332822,0.0,5.468490356489768e-06,-0.000792730438389772,0.5913695222942197,0.3917696242823432,0.0
2015-12-03,-0.002582720192943718,0.0,5.472828834490414e-06,-0.0025881930217782085,0.5910508043093771,0.391292551850477,0.0
2015-12-04,0.0006438540712123098,0.0,5.488230153332819e-06,0.000638365841058977,0.5900388989520826,0.3897184983554347,0.0
2015-12-07,-0.000643184732039004,0.0,1.6454186669285923e-05,-0.0006596389187082899,0.590305921886982,0.3901133174106699,0.0
2015-12-08,-0.0013764644838018833,0.0,5.48834921850514e-06,-0.0013819528330203884,0.5900519583907274,0.38972721191528986,0.0
2015-12-09,0.0007879725818011096,0.0,5.494742842676684e-06,0.000782477838958433,0.5894462863009611,0.3888881725432623,0.0
2015-12-10,-0.0008008480042334104,3.258880476701695e-07,5.479452054829218e-06,-0.0008066533443359098,0.5889147964313249,0.3889147964300584,0.0008139478679961148
2015-12-11,-0.0029153553439699533,0.0,5.485080776398027e-06,-0.0029208404247463514,0.5886327229244289,0.3884272745859008,0.0
2015-12-14,-0.0014862767227578062,0.0,1.650705499953831e-05,-0.0015027837777573446,0.5874770724233694,0.38664123659565347,0.0
2015-12-15,0.0017260198411091013,0.0,5.510632956324333e-06,0.001720509208152777,0.5868727385316715,0.38573463562583327,0.0
2015-12-16,0.0006622864419008482,0.0,5.499965492160882e-06,0.0006567864764086873,0.5875439112777604,0.38679517081388815,0.0
2015-12-17,-0.0005173742265843509,0.0,5.497557424503859e-06,-0.0005228717840088547,0.5878639934593021,0.3872031474649112,0.0
2015-12-18,-0.00027571376302056673,0.0,5.499230952857975e-06,-0.0002812129939734247,0.587609995870972,0.386888066091656,0.0
2015-12-21,-0.0003383488404627813,0.0,1.6505942023231883e-05,-0.00035485478248601315,0.5875433979439229,0.3867211033279348,0.0
2015-12-22,0.0010905910066983154,0.0,5.5027305133038035e-06,0.0010850882761850116,0.5873695766626893,0.38651991292710036,0.0
2015-12-23,0.0011229962049463388,0.0,5.496766036919889e-06,0.0011174994389094189,0.5878223285521841,0.38719036820460817,0.0
2015-12-24,0.0005553841252684028,3.330217188562711e-07,5.479452054828498e-06,0.000549571651494718,0.5874560774175304,0.3874560774162903,0.0008318359265475916
2015-12-28,-0.0009415040637139537,0.0,2.1910559469473735e-05,-0.0009634146231834275,0.5877321937271328,0.3877983385681849,0.0
2015-12-29,0.0001227098104670061,0.0,5.481723529966344e-06,0.00011722808693703976,0.5873128062939799,0.38722989745020825,0.0
2015-12-30,0.00033763362014018687,0.0,5.481080993327845e-06,0.00033215253914685905,0.5873666602345623,0.38730720397809604,0.0
2015-12-31,0.0001638299345415435,0.0,5.480459169219753e-06,0.00015834947537232376,0.5875528828104977,0.3875161231339769,0.0
2016-01-04,-0.0008158711928239746,0.0,2.191357416846543e-05,-0.00083778476699244,0.5875799381579485,0.3876185738707014,0.0
2016-01-05,0.0005420750141330564,0.0,5.484186046312675e-06,0.0005365908280867438,0.5872998224984299,0.3871270318080172,0.0
2016-01-06,0.0009218388707181006,0.0,5.4812448605936784e-06,0.0009163576258575069,0.5875266361083594,0.3874611986966901,0.0
2016-01-07,-0.0008261705980254641,0.0,5.473826550895537e-06,-0.0008316444245763596,0.5878221347479137,0.38802746564022667,0.0
2016-01-08,-0.0001323825012136216,0.0,5.479586545052074e-06,-0.0001378620877586737,0.5875284857586929,0.38752357686429234,0.0
2016-01-11,-0.0007472335090567521,3.3807068827128646e-07,1.6438356164481006e-05,-0.0007640099359095044,0.5866329257188081,0.3866329257176225,0.0008441683573686548
2016-01-12,-0.00011288804525360747,0.0,5.483641611502328e-06,-0.0001183716868651098,0.5863336569493887,0.3861807381295536,0.0
2016-01-13,-0.0009702139418430077,0.0,5.485490022449635e-06,-0.0009756994318654574,0.5863339408165381,0.38611355499712646,0.0
2016-01-14,-0.0001066040677607927,0.0,5.489647041754375e-06,-0.00011209371480254708,0.5858916092288355,0.3855194922048008,0.0
2016-01-15,-0.00191274950797369,0.0,5.489056192250405e-06,-0.0019182385641659404,0.5858066463598,0.3854560953426602,0.0
2016-01-19,-0.0004400745615826586,0.0,2.1998422992333382e-05,-0.000462072984574992,0.5850160972902791,0.3842804874852373,0.0
2016-01-20,-0.0008170941633252685,0.0,5.503357292599147e-06,-0.0008225975206178677,0.5848903983809304,0.3840178572010615,0.0
2016-01-21,0.0006592552897949923,0.0,5.5078880676671226e-06,0.0006537474017273252,0.584554157017823,0.38351624254797295,0.0
2016-01-22,0.0022218436708547097,0.0,5.505493251867136e-06,0.0022163381776028426,0.584875011881231,0.38392450818808055,0.0
2016-01-25,-0.0014172788528161785,0.0,1.6472731747510364e-05,-0.0014337515845636887,0.5857106498345681,0.3852924135731922,0.0
2016-01-26,0.0014330567922197837,4.067362710189668e-07,5.47945205482531e-06,0.0014271706038939396,0.5841599671478803,0.3841599671467565,0.0010164452967242887
2016-01-27,0.0001148499986302941,0.0,5.470440904128918e-06,0.00010937955772616518,0.5847145941735874,0.38504350117288194,0.0
2016-01-28,0.0011010207530026599,0.0,5.471044666212057e-06,0.0010955497083364478,0.584809357645634,0.3851162273288938,0.0
2016-01-29,0.0013772970695279962,0.0,5.465057424145451e-06,0.0013718320121038508,0.5852691869116339,0.38579459093032487,0.0
2016-02-01,-0.0015764338582082958,0.0,1.6376291812638093e-05,-0.0015928101500209339,0.5858863645596606,0.3866414808392305,0.0
2016-02-02,-0.0002936975589838624,0.0,5.465076292507355e-06,-0.00029916263527636976,0.5851546456583662,0.3856793609818476,0.0
2016-02-03,0.0007199385841992368,0.0,5.466711728393774e-06,0.000714471872470843,0.5850359690015803,0.3855009909152077,0.0
2016-02-04,-4.391468430160503e-05,0.0,5.464009210508949e-06,-4.937869351211398e-05,0.5853815187057558,0.3859451825221792,0.0
2016-02-05,-0.0007581672206922022,0.0,5.4654738797765296e-06,-0.0007636326945719787,0.5854101206911236,0.38592032407928034,0.0
2016-02-08,-0.0005756831530496896,0.0,1.6408952051599516e-05,-0.0005920921051012891,0.5850987540085415,0.38545650404741416,0.0
2016-02-09,-0.001036213584847263,3.3842980349933664e-07,5.471694667648359e-06,-0.0010420237093184109,0.5839801952433733,0.38426333987420824,0.0008455009243977657
2016-02-10,0.00013421050619536333,0.0,5.4785999705643984e-06,0.00012873190622479894,0.5835957735138142,0.3836268745882136,0.0
2016-02-11,-0.0001538290060853349,0.0,5.476697224984643e-06,-0.00015930570331031954,0.5836111378691626,0.383711689157223,0.0
2016-02-12,0.0007996279874249792,0.0,5.4787675896505256e-06,0.0007941492198353286,0.5835939898636536,0.3836189728414094,0.0
2016-02-16,-7.130152904962159e-05,0.0,2.189289310841858e-05,-9.319442215804016e-05,0.5838862069612585,0.3841135573469391,0.0
2016-02-17,0.0012846504638218844,0.0,5.473733398525397e-06,0.0012791767304233589,0.5838693187959765,0.3840780497497995,0.0
2016-02-18,0.0012192479149887266,0.0,5.4667404713238915e-06,0.0012137811745174026,0.584406410178812,0.38487038297549003,0.0
2016-02-19,-0.00014341141641172007,0.0,5.461307028205582e-06,-0.00014887272343992565,0.5849592772169941,0.38562157068749037,0.0
2016-02-22,0.0013704796598800215,0.0,1.6386360566741193e-05,0.0013540932993132803,0.5849029418944856,0.38553555499913433,0.0
2016-02-23,6.206868569976603e-05,0.0,5.454733970195587e-06,5.661395172957044e-05,0.5854806261616182,0.3863828362494793,0.0
2016-02-24,0.0001305859492090258,2.491437394939762e-07,5.453232738927372e-06,0.00012488357273060443,0.5860883464857027,0.3870453515148537,0.0006223235212889089
2016-02-25,0.0014936866624995532,0.0,5.453744090744081e-06,0.0014882329184088092,0.5861892508994816,0.3871275915873228,0.0
2016-02-26,0.00045524783732092797,0.0,5.444449196261013e-06,0.00044980338812466693,0.5867661743880678,0.38804377872454077,0.0
2016-02-29,0.0012265158234607354,0.0,1.6326004096825753e-05,0.0012101898193639096,0.5869574067951273,0.38832435695041406,0.0
2016-03-01,0.0017658367013363581,0.0,5.436612012047369e-06,0.0017604000893243108,0.5875163505440371,0.3890800121043081,0.0
2016-03-02,-0.0007784708651391948,0.0,5.4270582182751484e-06,-0.00078389792335747,0.5882466378116252,0.3901590128445822,0.0
2016-03-03,0.0009708708954959734,0.0,5.4301284327193755e-06,0.000965440767063254,0.5878857038324341,0.38968601603817676,0.0
2016-03-04,0.0002412951016107626,0.0,5.4260772592726525e-06,0.00023586902435148994,0.5883319145832054,0.3902800946197536,0.0
2016-03-07,0.00037807928237027,0.0,1.627439315258314e-05,0.00036180488921768686,0.5884344162331643,0.3904292995434028,0.0
2016-03-08,-0.0003563216217025294,0.0,5.422835709054753e-06,-0.00036174445741158414,0.5885995373251391,0.3906660339446405,0.0
2016-03-09,0.00027723329394405,8.928237506398608e-07,5.4236121417749716e-06,0.0002709168580516351,0.5906433690597601,0.39268152588497357,0.0022305700928867828
2016-03-10,0.0010534452892268684,0.0,5.423328828423995e-06,0.0010480219603984445,0.5908038310977802,0.3928523288603046,0.0
2016-03-11,0.00187999165760743,0.0,5.417651011190491e-06,0.0018745740065962396,0.5912376463498183,0.3934933844413654,0.0
2016-03-14,-0.0001256844430475227,0.0,1.6218996138874207e-05,-0.0001419034391863969,0.5919647258882996,0.3946336061986634,0.0
2016-03-15,-0.0014568473728347898,0.0,5.407099332282676e-06,-0.0014622544721670724,0.5919230373599871,0.3945639117316695,0.0
2016-03-16,0.0023051078362417497,0.0,5.415017465788888e-06,0.002299692818775961,0.5913308661907702,0.39368272868947574,0.0
2016-03-17,0.0018255556921789127,0.0,5.403774522819178e-06,0.0018201519176560936,0.5923170456357814,0.3950792755528814,0.0
2016-03-18,0.0005899833272302156,0.0,5.3927774868094435e-06,0.0005845905497434061,0.5930200949619213,0.3961837166933767,0.0
2016-03-21,0.00013950176354615763,0.0,1.616888028581331e-05,0.00012333288326034432,0.5932632621925641,0.3965418853818352,0.0
2016-03-22,-0.0006733457197529903,0.0,5.390140506786981e-06,-0.0006787358602597772,0.5933725978170704,0.39663246931934565,0.0
2016-03-23,-0.00038346084810481567,9.275969912860845e-07,5.393801473208764e-06,-0.0003897822465693105,0.5925169112729406,0.39564315750082074,0.0023154460187605475
2016-03-24,-0.0008877091632797297,0.0,5.3947250598235334e-06,-0.0008931038883395532,0.5923212866241153,0.39541382194055646,0.0
2016-03-28,-3.538021543571325e-05,0.0,2.160291244936966e-05,-5.6983127885082915e-05,0.5920053566521084,0.3948787805516102,0.0
2016-03-29,0.0016498013676809265,0.0,5.401035880260692e-06,0.0016444003318006658,0.5920037106598256,0.3948659010303103,0.0
2016-03-30,0.0004344848764276004,0.0,5.392168995774914e-06,0.0004290927074318255,0.5926789106302149,0.39586474228443064,0.0
2016-03-31,0.0009245848080523702,0.0,5.389856247764893e-06,0.0009191949518046053,0.5928590040314774,0.3961292509880588,0.0
2016-04-01,0.0005275810420920773,0.0,5.3849064689227205e-06,0.0005221961356231546,0.5932382872007177,0.3966892010850384,0.0
2016-04-04,-8.021789297082681e-06,0.0,1.61462878776338e-05,-2.4168077174716483e-05,0.5934559678297465,0.3970094653185353,0.0
2016-04-05,-0.000156206557167428,0.0,5.382226037265507e-06,-0.00016158878320469348,0.5934622888828474,0.39701103852265646,0.0
2016-04-06,0.000954896074493032,0.0,5.384273288997722e-06,0.0009495118012040342,0.5934449446672373,0.39691896961882056,0.0
2016-04-07,-0.00018090880192762852,6.56405119305438e-07,5.379165707677649e-06,-0.0001869443727546116,0.5921961829050923,0.3958566345748582,0.0016398035595103222
2016-04-08,0.0005142031790092896,0.0,5.378994993602836e-06,0.0005088241840156868,0.5920830262205423,0.3957497089540387,0.0
2016-04-11,0.0005550890138415116,0.0,1.6132305993958684e-05,0.000538956707847553,0.5923387756058298,0.39606238601266586,0.0
2016-04-12,0.00022648403300232756,0.0,5.373363412534094e-06,0.00022111066958979347,0.5925315950805249,0.3964038305230305,0.0
2016-04-13,0.0013770059962285052,0.0,5.3721755671972765e-06,0.001371633820661308,0.5926270429512434,0.39654263474854273,0.0
2016-04-14,7.440169366099323e-06,0.0,5.365990408571294e-06,2.0741789575280287e-06,0.5932332382328124,0.39737458831996025,0.0
2016-04-15,0.0005133973370826388,0.0,5.365979278569988e-06,0.0005080313578040688,0.5932394479173989,0.3973812042495944,0.0
2016-04-18,0.0007149169882938257,0.0,1.6086245308515496e-05,0.0006988307429853102,0.5934085458817123,0.39769256129477387,0.0
2016-04-19,0.0008684850724672876,0.0,5.359509187277571e-06,0.00086312556328001,0.5937513386567963,0.398129253321165,0.0
2016-04-20,-0.00018793073280680243,0.0,5.354887247206026e-06,-0.00019328562005400845,0.5941070347602375,0.3986536502372177,0.0
2016-04-21,-0.0006728779886179092,5.233122377728091e-07,5.3559224700206424e-06,-0.0006787572233257028,0.5929863239931032,0.39749515383734974,0.0013061018536833224
2016-04-22,7.325812091475748e-05,0.0,5.358388310577632e-06,6.789973260417984e-05,0.5926729781156331,0.39709180477954936,0.0
2016-04-25,-0.0010417625018336613,0.0,1.6077589266873176e-05,-0.0010578400911005344,0.5927487667434721,0.3971380973298486,0.0
2016-04-26,0.00031591879947485475,0.0,5.363698437390294e-06,0.00031055510103746443,0.5922907780870172,0.3965157851222714,0.0
2016-04-27,0.0017524843919200347,0.0,5.363206027561839e-06,0.001747121185892473,0.592465524078189,0.39670850407218183,0.0
2016-04-28,0.0003110932699293628,0.0,5.353852198958902e-06,0.0003057394177304039,0.5931816482453769,0.39776604298337687,0.0
2016-04-29,0.0002202377695449553,0.0,5.352215815611869e-06,0.0002148855537293434,0.5933113428508102,0.397955465580977,0.0
2016-05-02,-0.00016120377099823477,0.0,1.6056728409466848e-05,-0.00017726049940770163,0.5934470218413379,0.3980901595261579,0.0
2016-05-03,-0.00030086114205904024,0.0,5.352014649632041e-06,-0.0003062131567086723,0.5933480400578108,0.39799950534624134,0.0
2016-05-04,-0.0007303589786306046,0.0,5.354831432428582e-06,-0.0007357138100630332,0.5932718093473175,0.3978204620636741,0.0
2016-05-05,0.00045029979300438105,4.6592893322582214e-07,5.3575956659977625e-06,0.0004444762684051575,0.5924107624678309,0.3968585206589128,0.0011643025763470732
2016-05-06,-0.00022058086639723283,0.0,5.355215399840336e-06,-0.00022593608179707317,0.5925976666612924,0.3971323045671201,0.0
2016-05-09,-0.0003792852314158084,0.0,1.6072810928138395e-05,-0.00039535804234394677,0.5925539536051888,0.39700142064617155,0.0
2016-05-10,0.0014555500465587572,0.0,5.359722652168067e-06,0.0014501903239065891,0.5924088819896236,0.39677900518548903,0.0
2016-05-11,0.00035982041844471893,0.0,5.351961289691833e-06,0.0003544684571550271,0.5930044627023379,0.39765787562858584,0.0
2016-05-12,0.00016869095141597233,0.0,5.347718818968861e-06,0.00016334323259700346,0.5930683982131179,0.3978766613207542,0.0
2016-05-13,-7.08767508292179e-05,0.0,5.3468454479491966e-06,-7.622359627716709e-05,0.5931402037262739,0.3979803448761282,0.0
2016-05-16,5.229802194257094e-05,0.0,1.604175910441714e-05,3.62562628381538e-05,0.5931145362984055,0.3979398005279969,0.0
2016-05-17,-0.00014031729838660526,0.0,5.347059170423019e-06,-0.00014566435755702828,0.5931453290873955,0.3979776693669553,0.0
2016-05-18,-0.0022694287282627092,0.0,5.347838159832891e-06,-0.002274776566422542,0.593091404067355,0.3978953112334544,0.0
2016-05-19,-0.0003457621191269494,1.8202933622307965e-07,5.361203391739533e-06,-0.000351305351854912,0.5921400168435843,0.3964560930450914,0.00045491687094374733
2016-05-20,0.0004345587898722403,0.0,5.361914702052901e-06,0.0004291968751701874,0.5919594221333895,0.39624953550845854,0.0
2016-05-23,4.3131432533482214e-05,0.0,1.608235992059059e-05,2.7049072612891623e-05,0.5921826241336248,0.3965139117664392,0.0
2016-05-24,0.0005001157871155806,0.0,5.36182060009676e-06,0.0004947539665154839,0.5922527688923818,0.39654631698885,0.0
2016-05-25,0.0006232134837600982,0.0,5.356819096139403e-06,0.0006178566646639588,0.5923739866291022,0.3968500896200141,0.0
2016-05-26,0.00014580285376515907,0.0,5.354682326471911e-06,0.00014044817143868716,0.5926737781311429,0.39722787321491815,0.0
2016-05-27,-0.000171970001561747,0.0,5.353930376740487e-06,-0.0001773239319384875,0.592736332250898,0.3973178734998703,0.0
2016-05-31,0.00015619957539546802,0.0,2.1424230472883457e-05,0.00013477534492258456,0.5927124425265136,0.3972163394614521,0.0
2016-06-01,0.0005034844512561193,0.0,5.355335850984372e-06,0.0004981291154051349,0.5927887487938241,0.3973189902328945,0.0
2016-06-02,0.0006319887657762741,0.0,5.352669530446115e-06,0.000626636096245828,0.5929968442516151,0.39762440639033203,0.0
2016-06-03,0.002034670603217297,1.7983168552710923e-07,5.3481412439277335e-06,0.002029142630287842,0.5936635385337109,0.39845638313034887,0.00044939352048820047
2016-06-06,0.0003293360711426849,0.0,1.6015454723118854e-05,0.00031332061641956607,0.5945347450452062,0.39968004591392675,0.0
2016-06-07,0.0008242204752265242,0.0,5.337976196667748e-06,0.0008188824990298564,0.5947202212338497,0.399884090055477,0.0
2016-06-08,0.0013609675711312502,0.0,5.3336085979302275e-06,0.00135563396253332,0.5950571598149812,0.4003804459905281,0.0
2016-06-09,-0.00012952105802828827,0.0,5.3263879655065585e-06,-0.00013484744599379482,0.5956106972964094,0.40119753655541995,0.0
2016-06-10,-0.000513680214648062,0.0,5.324774186876816e-06,-0.0005190049888349388,0.5954763636098928,0.4011221057888889,0.0
2016-06-13,-0.001076850963216273,0.0,1.5982617618909304e-05,-0.0010928335808351823,0.5952716323421422,0.400816451312079,0.0
2016-06-14,-0.0008245617922969393,0.0,5.3333676896132515e-06,-0.0008298951599865526,0.5948448478039929,0.4001769271331093,0.0
2016-06-15,0.0009870949542160974,0.0,5.337797501925087e-06,0.0009817571567141722,0.5945136700289989,0.39968406120873323,0.0
2016-06-16,0.000296346979956171,0.0,5.332562220801192e-06,0.0002910144177353698,0.59491670125411,0.40027818019486644,0.0
2016-06-17,-0.0002870816613486501,7.774326538231345e-07,5.332183263401271e-06,-0.00029319127726587453,0.5931405447320908,0.3985158556179444,0.0019421325086362018
2016-06-20,0.0008376121729826209,0.0,1.5997722852170966e-05,0.00082161445013045,0.5929845267697891,0.39834556540170907,0.0
2016-06-21,9.215467028653943e-05,0.0,5.329368385442234e-06,8.68253019010972e-05,0.5933774182238969,0.39885547215525524,0.0
2016-06-22,0.0007111451198491091,0.0,5.328905701595891e-06,0.0007058162141475132,0.5934180491929087,0.39891299108465866,0.0
2016-06-23,0.0005832489646455763,0.0,5.325147126411349e-06,0.0005779238175191649,0.5937101440665717,0.3993422739525574,0.0
2016-06-24,-0.0009917202310902643,0.0,5.322071374605427e-06,-0.0009970423024648696,0.5939501351017232,0.39969452992862514,0.0
2016-06-27,-0.00028306670185834646,0.0,1.5978634838080534e-05,-0.000299045336696427,0.5935074538716109,0.39910073000829777,0.0
2016-06-28,0.002516395611068969,0.0,5.327804867894083e-06,0.002511067806201075,0.5934018412231573,0.3989369635450234,0.0
2016-06-29,0.0018996576347379106,0.0,5.314459898735023e-06,0.0018943431748391756,0.5944255938622969,0.40044780755846837,0.0
2016-06-30,0.0016217234251231344,0.0,5.3044115229699455e-06,0.0016164190136001644,0.595197742715442,0.4015867221270389,0.0
2016-07-01,0.001198816112700193,1.2448282923993968e-06,5.295851208407912e-06,0.0011922754331993857,0.5932639443555757,0.3999653752486871,0.0031059462667469145
2016-07-05,0.00023093847257197434,0.0,2.116744523960542e-05,0.00020977102733236893,0.5938394005468515,0.4006864627354521,0.0
2016-07-06,0.0007712514611010951,0.0,5.2907514635314895e-06,0.0007659607096375635,0.5939457464100194,0.40083331799112004,0.0
2016-07-07,0.0010143090472295863,0.0,5.285549810341967e-06,0.0010090234974192442,0.5942197596480719,0.4012971915705902,0.0
2016-07-08,0.0016076533584908849,0.0,5.2813730279880305e-06,0.0016023719854628968,0.5946760835738653,0.401905968052302,0.0
2016-07-11,-0.00019080089180737936,0.0,1.581532379520125e-05,-0.00020661621560258062,0.5952878497321612,0.40286807689054616,0.0
2016-07-12,-0.0007481284495494152,0.0,5.2740135392597815e-06,-0.000753402463088675,0.5952619870305472,0.40276049284756515,0.0
2016-07-13,0.00014068240916009943,0.0,5.275679366979246e-06,0.0001354067297931202,0.5948777667586924,0.40231546986394995,0.0
2016-07-14,-0.000198737538811686,0.0,5.276125218738844e-06,-0.00020401366403042484,0.5949802348636408,0.402401664379673,0.0
2016-07-15,-0.0007342881240934132,0.0,5.278352267298773e-06,-0.000739566476360712,0.5949448562337903,0.40228499847738525,0.0
2016-07-18,0.0002278634598533279,9.790367178964653e-07,1.584332271031198e-05,0.00021104110042511947,0.5941026567543738,0.401342230445578,0.0024449074071006965
2016-07-19,-5.11606511842576e-05,0.0,5.279993274513102e-06,-5.64406444587707e-05,0.5942051185121381,0.4014853639924098,0.0
2016-07-20,5.976883588881291e-05,0.0,5.2814423983337325e-06,5.4487393490479175e-05,0.5942295093644105,0.40145686182522944,0.0
2016-07-21,6.412462571083723e-05,0.0,5.2811546419826705e-06,5.884347106885456e-05,0.5942568986908261,0.40149475425845854,0.0
2016-07-22,0.0003174278195709368,0.0,5.280843898797493e-06,0.0003121469756721393,0.5942860534623433,0.4015352511562349,0.0
2016-07-25,-0.0008783704488738117,0.0,1.583758804118348e-05,-0.0008942080369149951,0.594417935521056,0.4017272810199903,0.0
2016-07-26,-0.0006868236281333021,0.0,5.282769297317741e-06,-0.0006921063974306198,0.5940287530495062,0.40120767369740873,0.0
2016-07-27,0.0013332451393112653,0.0,5.286428068003163e-06,0.0013279587112432622,0.5937528695809027,0.40079824509878725,0.0
2016-07-28,-0.0006979930060279489,0.0,5.2805681301440796e-06,-0.000703273574158093,0.5943389211809231,0.40159818443066436,0.0
2016-07-29,0.0010243748586052021,0.0,5.28313270753767e-06,0.0010190917258976644,0.5940166761825274,0.40118233235740247,0.0
2016-08-01,-0.0017051379866664079,3.1682878154759397e-07,1.5836714218795555e-05,-0.001721291529666751,0.5936855508741301,0.4010055278787842,0.0007917110954962503
2016-08-02,-0.0010485652441841247,0.0,5.286854409623238e-06,-0.001053852098593748,0.5929590733271669,0.3999888873759188,0.0
2016-08-03,0.0007664595039389791,0.0,5.293585597446101e-06,0.000761165918341533,0.5925770640664425,0.39936118975965973,0.0
2016-08-04,0.001912835712865246,0.0,5.288406495248542e-06,0.0019075473063699976,0.5928501544576218,0.39982331738105004,0.0
2016-08-05,-0.00077831024637019,0.0,5.278337816165204e-06,-0.0007835885841863552,0.5936306116961673,0.4009712814061373,0.0
2016-08-08,0.0010639050062989772,0.0,1.5847431314762537e-05,0.0010480575749842146,0.5933172180486613,0.4005068037190503,0.0
2016-08-09,0.001531174305060509,0.0,5.276946561104693e-06,0.0015258973584994042,0.5937588296158675,0.40115028013554616,0.0
2016-08-10,0.0004907081080972632,0.0,5.2689067502123645e-06,0.00048543920134705085,0.5943830364157242,0.4020679400329729,0.0
2016-08-11,-0.0004081016303897637,0.0,5.266350257349422e-06,-0.0004133679806471131,0.5945851096030829,0.40236332520982904,0.0
2016-08-12,0.0012349333870393293,0.0,5.268528098170346e-06,0.001229664858941159,0.5944227232934717,0.4021214477102541,0.0
2016-08-15,-2.5850535313714937e-05,7.91444376159535e-05,0.0,-0.00010499497292966843,0.5982291613684784,0.5982291613684784,0.19745329511733803
2016-08-16,-0.0006132614636221465,0.0,0.0,-0.0006132614636221465,0.5982661257688443,0.5982661257688443,0.0
2016-08-17,0.000753813079534182,0.0,0.0,0.000753813079534182,0.5980196066844924,0.5980196066844924,0.0
2016-08-18,0.0011118898164375502,0.0,0.0,0.0011118898164375502,0.5983223965157549,0.5983223965157549,0.0
2016-08-19,-0.0012669441047224346,0.0,0.0,-0.0012669441047224346,0.5987685217104992,0.5987685217104992,0.0
2016-08-22,0.0004659843267137565,0.0,0.0,0.0004659843267137565,0.5982595390018091,0.5982595390018091,0.0
2016-08-23,0.0005077102267575144,0.0,0.0,0.0005077102267575144,0.5984466565661886,0.5984466565661886,0.0
2016-08-24,-0.0007079521963554702,0.0,0.0,-0.0007079521963554702,0.5986504258494896,0.5986504258494896,0.0
2016-08-25,2.1561117124058416e-05,0.0,0.0,2.1561117124058416e-05,0.5983660882395279,0.5983660882395279,0.0
2016-08-26,-0.0007296297581313322,0.0,0.0,-0.0007296297581313322,0.5983747477286322,0.5983747477286322,0.0
2016-08-29,0.0017648023601642881,8.465212558520305e-08,0.0,0.001764717708038703,0.5981801745726004,0.5981801745726004,0.00021160585242702146
2016-08-30,-0.0001374861347186918,0.0,0.0,-0.0001374861347186918,0.5988881084825918,0.5988881084825918,0.0
2016-08-31,-0.0008338514768778091,0.0,0.0,-0.0008338514768778091,0.5988329535760023,0.5988329535760023,0.0
2016-09-01,7.573951567662205e-05,0.0,0.0,7.573951567662205e-05,0.5984981606743115,0.5984981606743115,0.0
2016-09-02,0.00047322879415050086,0.0,0.0,0.00047322879415050086,0.5985285679261346,0.5985285679261346,0.0
2016-09-06,0.0012355472589795247,0.0,0.0,0.0012355472589795247,0.5987184659026303,0.5987184659026303,0.0
2016-09-07,-0.00015386871149585137,0.0,0.0,-0.00015386871149585137,0.5992136563709378,0.5992136563709378,0.0
2016-09-08,-0.0015484409158493364,0.0,0.0,-0.0015484409158493364,0.5991519784023489,0.5991519784023489,0.0
2016-09-09,-0.0028720529517689075,0.0,0.0,-0.0028720529517689075,0.5985303263331704,0.5985303263331704,0.0
2016-09-12,0.0002504752960111563,0.0,0.0,0.0002504752960111563,0.5973739630352469,0.5973739630352469,0.0
2016-09-13,-0.002399386848363797,1.8296508578133897e-07,0.0,-0.0023995698134495784,0.597017437609886,0.597017437609886,0.000457348047575426
2016-09-14,0.0002454287769242998,0.0,0.0,0.0002454287769242998,0.596048310294262,0.596048310294262,0.0
2016-09-15,0.0011391576187995002,0.0,0.0,0.0011391576187995002,0.5961474273372283,0.5961474273372283,0.0
2016-09-16,-0.00016706262885982678,0.0,0.0,-0.00016706262885982678,0.5966069555971305,0.5966069555971305,0.0
2016-09-19,0.0002567230328913571,0.0,0.0,0.0002567230328913571,0.5965395524341188,0.5965395524341188,0.0
2016-09-20,0.0001812037170787437,0.0,0.0,0.0001812037170787437,0.5966431034399415,0.5966431034399415,0.0
2016-09-21,0.0024016454203653836,0.0,0.0,0.0024016454203653836,0.5967161799671691,0.5967161799671691,0.0
2016-09-22,0.0012625658043225883,0.0,0.0,0.0012625658043225883,0.5976824041787058,0.5976824041787058,0.0
2016-09-23,-0.000462880731995535,0.0,0.0,-0.000462880731995535,0.5981897161029792,0.5981897161029792,0.0
2016-09-26,-0.000498658007121038,0.0,0.0,-0.000498658007121038,0.5980036397334796,0.5980036397334796,0.0
2016-09-27,0.0009259185493484337,0.0,0.0,0.0009259185493484337,0.5978030810193905,0.5978030810193905,0.0
2016-09-28,0.0008417128372671283,0.0,0.0,0.0008417128372671283,0.5981751381126014,0.5981751381126014,0.0
2016-09-29,-0.0007952261815371555,0.0,0.0,-0.0007952261815371555,0.5985130748115276,0.5985130748115276,0.0
2016-09-30,0.00038506097691203445,0.0,0.0,0.00038506097691203445,0.5981935478008281,0.5981935478008281,0.0
2016-10-03,-0.00022832685653117638,0.0,0.0,-0.00022832685653117638,0.5983482082321447,0.5983482082321447,0.0
2016-10-04,-0.0013347545958706326,0.0,0.0,-0.0013347545958706326,0.5982564793969536,0.5982564793969536,0.0
2016-10-05,-4.766900617293959e-05,0.0,0.0,-4.766900617293959e-05,0.597719533695725,0.597719533695725,0.0
2016-10-06,-0.00017648911438646118,0.0,0.0,-0.00017648911438646118,0.5977003564715343,0.5977003564715343,0.0
2016-10-07,0.0005802882287227937,0.0,0.0,0.0005802882287227937,0.5976293424305249,0.5976293424305249,0.0
2016-10-10,0.0005065788677674629,0.0,0.0,0.0005065788677674629,0.5978626979732213,0.5978626979732213,0.0
2016-10-11,-0.0018059441934691939,1.3796241515308795e-06,0.0,-0.0018073238176207248,0.5985889168515214,0.5985889168515214,0.003444638816724188
2016-10-12,1.0620598894708229e-06,0.0,0.0,1.0620598894708229e-06,0.5978635056114301,0.5978635056114301,0.0
2016-10-13,0.00019148147683046757,0.0,0.0,0.00019148147683046757,0.5978639327040172,0.5978639327040172,0.0
2016-10-14,-0.000888498258800428,0.0,0.0,-0.000888498258800428,0.597940919570511,0.597940919570511,0.0
2016-10-17,0.0003310997081708428,0.0,0.0,0.0003310997081708428,0.5975833730981964,0.5975833730981964,0.0
2016-10-18,0.0008167986221800414,0.0,0.0,0.0008167986221800414,0.5977165690247943,0.5977165690247943,0.0
2016-10-19,0.0005399579444521342,0.0,0.0,0.0005399579444521342,0.5980448854085707,0.5980448854085707,0.0
2016-10-20,0.00013007255112084868,0.0,0.0,0.00013007255112084868,0.5982618071373969,0.5982618071373969,0.0
2016-10-21,0.0005233714098870101,0.0,0.0,0.0005233714098870101,0.5983140554529534,0.5983140554529534,0.0
2016-10-24,-0.00044900995683358827,0.0,0.0,-0.00044900995683358827,0.5985241764207755,0.5985241764207755,0.0
2016-10-25,6.473864621305407e-05,1.3902506903493116e-07,0.0,6.459962114401914e-05,0.5984436597569218,0.5984436597569218,0.0003475087050629766
2016-10-26,-0.0014814728581090098,0.0,0.0,-0.0014814728581090098,0.5984697374848271,0.5984697374848271,0.0
2016-10-27,-0.0018309711206320792,0.0,0.0,-0.0018309711206320792,0.5978739987284033,0.5978739987284033,0.0
2016-10-28,-0.0007069397906867547,0.0,0.0,-0.0007069397906867547,0.5971363670509208,0.5971363670509208,0.0
2016-10-31,5.8837506713163256e-05,0.0,0.0,5.8837506713163256e-05,0.5968513652394476,0.5968513652394476,0.0
2016-11-01,-0.0007317130943574783,0.0,0.0,-0.0007317130943574783,0.5968750841043927,0.5968750841043927,0.0
2016-11-02,-0.00010717839745722048,0.0,0.0,-0.00010717839745722048,0.5965798963320117,0.5965798963320117,0.0
2016-11-03,0.00011213726587990132,0.0,0.0,0.00011213726587990132,0.5965366537771309,0.5965366537771309,0.0
2016-11-04,0.00020067666039380358,0.0,0.0,0.00020067666039380358,0.5965818919807706,0.5965818919807706,0.0
2016-11-07,0.0019645826547852793,0.0,0.0,0.0019645826547852793,0.59666283233659,0.59666283233659,0.0
2016-11-08,-0.0003090822570328277,2.806675776815706e-07,0.0,-0.0003093629246105093,0.5967521133385754,0.5967521133385754,0.0007015545398481454
2016-11-09,-0.0046086502296573345,0.0,0.0,-0.0046086502296573345,0.5966276055424965,0.5966276055424965,0.0
2016-11-10,-0.005568313613093815,0.0,0.0,-0.005568313613093815,0.5947599961054817,0.5947599961054817,0.0
2016-11-11,-0.0021234153231338704,0.0,0.0,-0.0021234153231338704,0.5924908573992779,0.5924908573992779,0.0
2016-11-14,-0.0014712056635670739,0.0,0.0,-0.0014712056635670739,0.5916237049166932,0.5916237049166932,0.0
2016-11-15,0.0036433521079145734,0.0,0.0,0.0036433521079145734,0.591022014187692,0.591022014187692,0.0
2016-11-16,-0.0005556152214600724,0.0,0.0,-0.0005556152214600724,0.5925066559218004,0.5925066559218004,0.0
2016-11-17,-0.0012122421801961688,0.0,0.0,-0.0012122421801961688,0.5922801205506866,0.5922801205506866,0.0
2016-11-18,-0.0011673512509367571,0.0,0.0,-0.0011673512509367571,0.5917852654308642,0.5917852654308642,0.0
2016-11-21,0.0012146681234562824,0.0,0.0,0.0012146681234562824,0.5913081785218142,0.5913081785218142,0.0
2016-11-22,0.0011592603107634116,7.776168214919764e-07,0.0,0.0011584826939419197,0.5898603385793274,0.5898603385793274,0.0019436626103639526
2016-11-23,-0.0018458939998511246,0.0,0.0,-0.0018458939998511246,0.5903357051920097,0.5903357051920097,0.0
2016-11-25,0.00026239043552955647,0.0,0.0,0.00026239043552955647,0.5895781098876438,0.5895781098876438,0.0
2016-11-28,0.0006765653087941505,0.0,0.0,0.0006765653087941505,0.5896857724165236,0.5896857724165236,0.0
2016-11-29,-0.0006074899750669775,0.0,0.0,-0.0006074899750669775,0.5899631890981082,0.5899631890981082,0.0
2016-11-30,-0.0009240624458216717,0.0,0.0,-0.0009240624458216717,0.5897139444324413,0.5897139444324413,0.0
2016-12-01,-0.0015236921332395232,0.0,0.0,-0.0015236921332395232,0.5893344638326758,0.5893344638326758,0.0
2016-12-02,0.0014315525788333094,0.0,0.0,0.0014315525788333094,0.5887077811142971,0.5887077811142971,0.0
2016-12-05,0.0008141463598423325,0.0,0.0,0.0008141463598423325,0.5892957258770557,0.5892957258770557,0.0
2016-12-06,0.0015325791470087744,0.0,0.0,0.0015325791470087744,0.5896298272593804,0.5896298272593804,0.0
2016-12-07,0.0022374912738725907,2.861565102336233e-07,0.0,0.002237205117362357,0.5896444756020278,0.5896444756020278,0.0007149540672954785
2016-12-08,-0.0005801141409916952,0.0,0.0,-0.0005801141409916952,0.5905607613185652,0.5905607613185652,0.0
2016-12-09,-0.0008658128128359073,0.0,0.0,-0.0008658128128359073,0.5903231019567727,0.5903231019567727,0.0
2016-12-12,-0.00023347066810423123,0.0,0.0,-0.00023347066810423123,0.589968091076355,0.589968091076355,0.0
2016-12-13,0.000838931575534314,0.0,0.0,0.000838931575534314,0.5898723382971692,0.5898723382971692,0.0
2016-12-14,-0.00255689296498692,0.0,0.0,-0.00255689296498692,0.5902161189341405,0.5902161189341405,0.0
2016-12-15,-0.00043783308237104704,0.0,0.0,-0.00043783308237104704,0.5891656594991387,0.5891656594991387,0.0
2016-12-16,0.0003008294516593451,0.0,0.0,0.0003008294516593451,0.5889857038429535,0.5889857038429535,0.0
2016-12-19,0.0014368653937075213,0.0,0.0,0.0014368653937075213,0.5891093118633578,0.5891093118633578,0.0
2016-12-20,0.00027436961428222475,0.0,0.0,0.00027436961428222475,0.5896988593733229,0.5896988593733229,0.0
2016-12-21,0.0009726877394831846,1.7614090379957283e-07,0.0,0.0009725115985793851,0.589496178617833,0.589496178617833,0.00044016162998207486
2016-12-22,0.0003933863062253192,0.0,0.0,0.0003933863062253192,0.5898951864465508,0.5898951864465508,0.0
2016-12-23,0.0005834392016104154,0.0,0.0,0.0005834392016104154,0.5900564526244138,0.5900564526244138,0.0
2016-12-27,-0.0004065015796472859,0.0,0.0,-0.0004065015796472859,0.5902954902964515,0.5902954902964515,0.0
2016-12-28,0.0006265106490012177,0.0,0.0,0.0006265106490012177,0.5901288770375153,0.5901288770375153,0.0
2016-12-29,0.0010301315707495777,0.0,0.0,0.0010301315707495777,0.5903855048806927,0.5903855048806927,0.0
2016-12-30,-4.584201823262729e-05,0.0,0.0,-4.584201823262729e-05,0.5908070274802143,0.5908070274802143,0.0
2017-01-03,0.0007021463178691208,0.0,0.0,0.0007021463178691208,0.5907882683885528,0.5907882683885528,0.0
2017-01-04,0.0016997384850489777,0.0,0.0,0.0016997384850489777,0.5910753932954363,0.5910753932954363,0.0
2017-01-05,0.0013582406632818467,0.0,0.0,0.0013582406632818467,0.5917692787631021,0.5917692787631021,0.0
2017-01-06,-0.0007903096399139623,2.531773606592228e-07,0.0,-0.0007905628172746215,0.5916904039738456,0.5916904039738456,0.0006325982651001344
2017-01-09,0.00037962435656333085,0.0,0.0,0.00037962435656333085,0.5913676075758216,0.5913676075758216,0.0
2017-01-10,-0.0002870795120556939,0.0,0.0,-0.0002870795120556939,0.5915226755172993,0.5915226755172993,0.0
2017-01-11,0.000668707007120632,0.0,0.0,0.000668707007120632,0.5914053763721197,0.5914053763721197,0.0
2017-01-12,0.0005490214972774638,0.0,0.0,0.0005490214972774638,0.5916784238712351,0.5916784238712351,0.0
2017-01-13,-0.0002565648452589313,0.0,0.0,-0.0002565648452589313,0.5919024781836981,0.5919024781836981,0.0
2017-01-17,0.0008506362550567756,0.0,0.0,0.0008506362550567756,0.5917977478360374,0.5917977478360374,0.0
2017-01-18,-0.001569194309891909,0.0,0.0,-0.001569194309891909,0.5921446843543432,0.5921446843543432,0.0
2017-01-19,-0.0013279906598525956,0.0,0.0,-0.0013279906598525956,0.5915036742443553,0.5915036742443553,0.0
2017-01-20,0.00038079917830349824,0.0,0.0,0.00038079917830349824,0.590960473573751,0.590960473573751,0.0
2017-01-23,0.0009940554806551433,4.0076695176904066e-05,0.0,0.0009539787854782392,0.49220086866353674,0.49220086866353674,0.0999303186644433
2017-01-24,-0.0006684222301646623,0.0,0.0,-0.0006684222301646623,0.49272487506630125,0.49272487506630125,0.0
2017-01-25,-0.0002606107610581445,0.0,0.0,-0.0002606107610581445,0.49238557429981095,0.49238557429981095,0.0
2017-01-26,2.1766108483798182e-05,0.0,0.0,2.1766108483798182e-05,0.49225325003287723,0.49225325003287723,0.0
2017-01-27,0.0005962226980304575,0.0,0.0,0.0005962226980304575,0.4922643014631727,0.4922643014631727,0.0
2017-01-30,-0.0005452612921526427,0.0,0.0,-0.0005452612921526427,0.49256684462813854,0.49256684462813854,0.0
2017-01-31,0.000541493573794566,0.0,0.0,0.000541493573794566,0.4922900100229648,0.4922900100229648,0.0
2017-02-01,0.00012893339585085136,0.0,0.0,0.00012893339585085136,0.49256478293212413,0.49256478293212413,0.0
2017-02-02,0.0005162676918716755,0.0,0.0,0.0005162676918716755,0.4926301998434104,0.4926301998434104,0.0
2017-02-03,0.0007902848746821985,0.0,0.0,0.0007902848746821985,0.49289200331838684,0.49289200331838684,0.0
2017-02-06,0.0004430557781233164,3.103414232605091e-07,6.119925158971062e-17,0.0004427454366999947,0.4929617022518305,0.4929617022510859,0.0007755729096915326
2017-02-07,-3.3725764835172334e-05,0.0,2.0412442709570732e-17,-3.3725764835192744e-05,0.49318640200102615,0.49318640200028113,0.0
2017-02-08,0.0009900519712683917,0.0,2.0408293022776702e-17,0.0009900519712683713,0.4931693087483216,0.49316930874757664,0.0
2017-02-09,-0.0006158392700246512,0.0,2.0407407305276548e-17,-0.0006158392700246715,0.49367060116774736,0.4936706011670024,0.0
2017-02-10,0.00018846120697794537,0.0,2.0403092820423615e-17,0.00018846120697792496,0.4933585914925671,0.4933585914918224,0.0
2017-02-13,0.00013968551373736386,0.0,6.119048178102384e-17,0.00013968551373730266,0.4934540557526096,0.4934540557518651,0.0
2017-02-14,-0.0005072214765323107,0.0,2.0389159567655555e-17,-0.000507221476532331,0.4935248030006976,0.49352480299995344,0.0
2017-02-15,-0.0002597680050150674,0.0,2.0385015364540597e-17,-0.0002597680050150878,0.4932677775346118,0.4932677775338678,0.0
2017-02-16,0.00038383298552127604,0.0,2.0383078143834416e-17,0.00038383298552125566,0.49313611051322537,0.4931361105124814,0.0
2017-02-17,0.0005245062336285906,0.0,2.03849216116588e-17,0.0005245062336285703,0.49333058694671034,0.49333058694596627,0.0
2017-02-21,0.0004981819743901465,1.1497561002974503e-07,1.3321514639981463e-16,0.0004980669987799834,0.49347151209149753,0.49347151209028195,0.00028737416963028894
2017-02-22,0.0003948946433967799,0.0,3.3291133201652684e-17,0.0003948946433967466,0.493723786541299,0.49372378654008386,0.0
2017-02-23,0.0007070339093248219,0.0,3.3285881018613855e-17,0.0007070339093247886,0.4939236333876242,0.49392363338640927,0.0
2017-02-24,0.0010532945256672625,0.0,3.327810105739729e-17,0.0010532945256672293,0.4942811937322395,0.4942811937310248,0.0
2017-02-27,-0.00046634414279947395,0.0,9.977640013652033e-17,-0.00046634414279957375,0.4948133041134572,0.4948133041122433,0.0
2017-02-28,0.00012010205482682052,0.0,3.324680176129042e-17,0.00012010205482678727,0.4945776033391338,0.49457760333792034,0.0
2017-03-01,-0.0005318999571556754,0.0,3.322707901071262e-17,-0.0005318999571557086,0.49463829831793615,0.49463829831672335,0.0
2017-03-02,-0.0009772103595899917,0.0,3.3218779795883163e-17,-0.000977210359590025,0.49436935339867133,0.49436935339745885,0.0
2017-03-03,0.0005044507797940278,0.0,3.32158443014805e-17,0.0005044507797939946,0.49387476257340696,0.4938747625721946,0.0
2017-03-06,-0.0005335392296742591,0.0,9.962083828256387e-17,-0.0005335392296743587,0.49412994911505054,0.4941299491138385,0.0
2017-03-07,-0.0012600437047455622,1.366776373216611e-07,8.168897877398599e-18,-0.0012601803823828921,0.4936191619331473,0.4936191619328492,0.00034158508961323886
2017-03-08,-0.001894430466620972,0.0,8.176295449199986e-18,-0.0018944304666209803,0.4929803624100108,0.4929803624097124,0.0
2017-03-09,-0.0015810096468528204,0.0,8.185016014792925e-18,-0.0015810096468528287,0.49201802588174676,0.492018025881448,0.0
2017-03-10,0.0007418055113837631,0.0,8.196999571797642e-18,0.0007418055113837549,0.4912136297221502,0.491213629721851,0.0
2017-03-13,-0.0004232282569101834,0.0,2.4587357065068785e-17,-0.000423228256910208,0.49159077049063876,0.49159077049033967,0.0
2017-03-14,-0.00047760898634666154,0.0,8.195368810531858e-18,-0.00047760898634666973,0.4913755062327198,0.49137550623242066,0.0
2017-03-15,0.0038614803825862266,0.0,8.198307182858001e-18,0.0038614803825862184,0.4911324665258724,0.4911324665255732,0.0
2017-03-16,-0.0007654374863575166,0.0,8.182282488341217e-18,-0.0007654374863575248,0.49308988997148273,0.4930898899711841,0.0
2017-03-17,0.0007154334481632869,0.0,8.182732241169173e-18,0.0007154334481632788,0.49270158474767856,0.49270158474737985,0.0
2017-03-20,0.0003444316841543111,0.0,2.4542282654667923e-17,0.0003444316841542865,0.49306426352961885,0.4930642635293202,0.0
2017-03-21,-0.00021096764169844135,2.1321666605170395e-08,8.182789663801073e-18,-0.0002109889633650547,0.493185506497984,0.49318550649768533,5.330164241136581e-05
2017-03-22,0.000701635899691666,0.0,8.188391930304345e-18,0.0007016358996916578,0.493078572993259,0.49307857299296015,0.0
2017-03-23,0.0001677764626480601,0.0,8.184593378963498e-18,0.0001677764626480519,0.49343399788590553,0.4934339978856068,0.0
2017-03-24,0.0006751621298389944,0.0,8.183220427187157e-18,0.0006751621298389862,0.4935189734809333,0.4935189734806346,0.0
2017-03-27,0.00024853865733510467,0.0,2.453309746322665e-17,0.0002485386573350801,0.4938606995690076,0.4938606995687091,0.0
2017-03-28,0.0002424343473935206,0.0,8.178564478089587e-18,0.00024243434739351242,0.49398646349396436,0.4939864634936658,0.0
2017-03-29,0.0010407977971587622,0.0,8.172716456446526e-18,0.001040797797158754,0.49410910882201925,0.49410910882172104,0.0
2017-03-30,-0.0001350986536714551,0.0,8.169048108872809e-18,-0.00013509865367146326,0.49463509150554186,0.4946350915052437,0.0
2017-03-31,-6.091350702582345e-05,0.0,8.168219862260786e-18,-6.0913507025831616e-05,0.4945668081618036,0.49456680816150544,0.0
2017-04-03,0.0007218370406494508,0.0,2.450904648889111e-17,0.0007218370406494263,0.49453601857801993,0.4945360185777217,0.0
2017-04-04,-0.00035122226410565845,1.3189448865410888e-07,0.0,-0.00035135415859431255,0.4952303168872186,0.4952303168872186,0.00032969886639032386
2017-04-05,0.0005027122385457663,0.0,0.0,0.0005027122385457663,0.4950530335651807,0.4950530335651807,0.0
2017-04-06,0.00023602533670885725,0.0,0.0,0.00023602533670885725,0.49530674903915023,0.49530674903915023,0.0
2017-04-07,-0.0002827116823903545,0.0,0.0,-0.0002827116823903545,0.4954258413248461,0.4954258413248461,0.0
2017-04-10,0.00040015087505441716,0.0,0.0,0.00040015087505441716,0.49528315197561035,0.49528315197561035,0.0
2017-04-11,0.000592438651890924,0.0,0.0,0.000592438651890924,0.4954850340807011,0.4954850340807011,0.0
2017-04-12,0.0008196657568424334,0.0,0.0,0.0008196657568424334,0.4957837512753569,0.4957837512753569,0.0
2017-04-13,9.72885394587054e-06,0.0,0.0,9.72885394587054e-06,0.49619670158725004,0.49619670158725004,0.0
2017-04-17,0.00024655796443423555,0.0,0.0,0.00024655796443423555,0.4962016029682731,0.4962016029682731,0.0
2017-04-18,0.001056749820462518,0.0,0.0,0.001056749820462518,0.49632578785675713,0.49632578785675713,0.0
2017-04-19,-0.0007474523930321703,1.451161485614605e-07,3.997165530758011e-17,-0.0007475975091807718,0.4970523084016408,0.49705230840018183,0.00036272084619143265
2017-04-20,0.0001430723642463113,0.0,3.9982653004374e-17,0.00014307236424627133,0.49667616987607666,0.4966761698746173,0.0
2017-04-21,0.0001917609457965302,0.0,3.9972214960743034e-17,0.00019176094579649022,0.4967481713050192,0.4967481713035602,0.0
2017-04-24,0.00038472326875422434,0.0,1.1995037031117737e-16,0.0003847232687541044,0.49684465684950496,0.4968446568480456,0.0
2017-04-25,-0.0007011081114051717,0.0,3.992560328891994e-17,-0.0007011081114052116,0.4970381579734265,0.4970381579719692,0.0
2017-04-26,0.00022396813550959962,0.0,3.9915845139937404e-17,0.0002239681355095597,0.49668527994060185,0.49668527993914496,0.0
2017-04-27,0.0004184057999948237,0.0,3.992107443902934e-17,0.0004184057999947838,0.49679798115854695,0.49679798115708984,0.0
2017-04-28,0.00040297558696675533,0.0,3.9918526242840364e-17,0.00040297558696671544,0.49700843574637976,0.4970084357449227,0.0
2017-05-01,-0.0005729706553494982,0.0,1.1976392212256827e-16,-0.000572970655349618,0.49721104741966693,0.4972110474182098,0.0
2017-05-02,0.000805129688286388,0.0,3.991681026656435e-17,0.0008051296882863481,0.4969227989460867,0.49692279894462976,0.0
2017-05-03,1.2461368767808546e-06,4.7125363720386707e-07,6.418382058316194e-17,7.748832395128038e-07,0.4962730656894439,0.4962730656871012,0.0011768425183153741
2017-05-04,-0.0011821003056590674,0.0,6.413823839775493e-17,-0.0011821003056591316,0.4962739272719705,0.49627392726962943,0.0
2017-05-05,0.00034999991976009337,0.0,6.420654114225816e-17,0.0003499999197600292,0.4956777678071444,0.49567776780480083,0.0
2017-05-08,-0.00033421253888274243,0.0,1.9262069211783006e-16,-0.00033421253888293504,0.4958542187901161,0.4958542187877726,0.0
2017-05-09,-0.0001928493522551058,0.0,6.419793031752972e-17,-0.00019284935225516998,0.4956856706176973,0.49568567061535407,0.0
2017-05-10,0.0009739019539806919,0.0,6.417988857589253e-17,0.0009739019539806277,0.4955883951664341,0.49558839516409153,0.0
2017-05-11,0.00031651887407923375,0.0,6.41326420000111e-17,0.0003165188740791696,0.49607916465263097,0.49607916465029017,0.0
2017-05-12,0.0009486883138008506,0.0,6.411993850515666e-17,0.0009486883138007865,0.4962386146391303,0.4962386146367899,0.0
2017-05-15,0.00032849288093770993,0.0,1.92405110057498e-16,0.00032849288093751754,0.4967160742180463,0.4967160742157053,0.0
2017-05-16,0.0004312556458302831,0.0,6.410637487903338e-17,0.00043125564583021897,0.496881345114443,0.4968813451121031,0.0
2017-05-17,0.00048763858901941103,2.0538059851401138e-07,0.0,0.00048743320842089703,0.49682495272183325,0.49682495272183325,0.000513314678621063
2017-05-18,-0.00030696065325456877,0.0,0.0,-0.00030696065325456877,0.49707030273837816,0.49707030273837816,0.0
2017-05-19,0.0006166776210081691,0.0,0.0,0.0006166776210081691,0.4969158757069431,0.4969158757069431,0.0
2017-05-22,0.00022889361239730532,0.0,0.0,0.00022889361239730532,0.4972259252272786,0.4972259252272786,0.0
2017-05-23,-0.00015561364639299667,0.0,0.0,-0.00015561364639299667,0.49734098066601795,0.49734098066601795,0.0
2017-05-24,0.0007216494961952283,0.0,0.0,0.0007216494961952283,0.4972627478890394,0.4972627478890394,0.0
2017-05-25,-7.631163979528067e-05,0.0,0.0,-7.631163979528067e-05,0.49762528634804754,0.49762528634804754,0.0
2017-05-26,0.0004157676815564808,0.0,0.0,0.0004157676815564808,0.4975869463840716,0.4975869463840716,0.0
2017-05-30,0.00044796464547708196,0.0,0.0,0.00044796464547708196,0.49779574668214144,0.49779574668214144,0.0
2017-05-31,0.00036166273749266856,0.0,0.0,0.00036166273749266856,0.49802061569906664,0.49802061569906664,0.0
2017-06-01,0.0004334927885830931,1.935485588940756e-07,0.0,0.00043329924002419903,0.49826560235196016,0.49826560235196016,0.0004837954417119539
2017-06-02,0.0012939574367860653,0.0,0.0,0.0012939574367860653,0.498483102790939,0.498483102790939,0.0
2017-06-05,-0.0006019962451763226,0.0,0.0,-0.0006019962451763226,0.4991312056921878,0.4991312056921878,0.0
2017-06-06,0.0005042662651849937,0.0,0.0,0.0005042662651849937,0.49882950293476125,0.49882950293476125,0.0
2017-06-07,-0.0003786761493582479,0.0,0.0,-0.0003786761493582479,0.4990820989338961,0.4990820989338961,0.0
2017-06-08,-0.00037941158745075413,0.0,0.0,-0.00037941158745075413,0.4988923414153294,0.4988923414153294,0.0
2017-06-09,-0.00030463339752889425,0.0,0.0,-0.00030463339752889425,0.4987021431996952,0.4987021431996952,0.0
2017-06-12,0.00014618594836416857,0.0,0.0,0.00014618594836416857,0.49854938459503134,0.49854938459503134,0.0
2017-06-13,0.00043881180019945867,0.0,0.0,0.00043881180019945867,0.4986226789142026,0.4986226789142026,0.0
2017-06-14,0.0010239862764217266,0.0,0.0,0.0010239862764217266,0.4988425926982839,0.4988425926982839,0.0
2017-06-15,-0.0010575545429767125,3.291145597973035e-07,0.0,-0.0010578836575365097,0.4988927764683974,0.4988927764683974,0.0008224443060714653
2017-06-16,1.096274598014146e-05,0.0,0.0,1.096274598014146e-05,0.4983624313971258,0.4983624313971258,0.0
2017-06-19,-6.845824815790774e-06,0.0,0.0,-6.845824815790774e-06,0.4983679306620776,0.4983679306620776,0.0
2017-06-20,-0.0005134525783770094,0.0,0.0,-0.0005134525783770094,0.4983644965532996,0.4983644965532996,0.0
2017-06-21,-0.0007214054557941935,0.0,0.0,-0.0007214054557941935,0.4981067981947628,0.4981067981947628,0.0
2017-06-22,0.0006276822705385618,0.0,0.0,0.0006276822705385618,0.49774446831400176,0.49774446831400176,0.0
2017-06-23,0.0008164894735109823,0.0,0.0,0.0008164894735109823,0.4980595274494874,0.4980595274494874,0.0
2017-06-26,0.0005115592022859009,0.0,0.0,0.0005115592022859009,0.49846902221348977,0.49846902221348977,0.0
2017-06-27,-0.0014108996598356605,0.0,0.0,-0.0014108996598356605,0.4987254538204595,0.4987254538204595,0.0
2017-06-28,0.0005436883957527268,0.0,0.0,0.0005436883957527268,0.49801720646782166,0.49801720646782166,0.0
2017-06-29,-0.001375686919203441,3.2924283400393877e-07,0.0,-0.001376016162037445,0.49874065552949565,0.49874065552949565,0.0008227150281837486
2017-06-30,-1.5978390600152766e-05,0.0,0.0,-1.5978390600152766e-05,0.49805029386415667,0.49805029386415667,0.0
2017-07-03,-0.0006145712430797048,0.0,0.0,-0.0006145712430797048,0.4980422733875361,0.4980422733875361,0.0
2017-07-05,9.463429361138805e-05,0.0,0.0,9.463429361138805e-05,0.4977335948985958,0.4977335948985958,0.0
2017-07-06,-0.001086501140646921,0.0,0.0,-0.001086501140646921,0.49778112202735103,0.49778112202735103,0.0
2017-07-07,-0.0001765364632409898,0.0,0.0,-0.0001765364632409898,0.4972348671370178,0.4972348671370178,0.0
2017-07-10,0.0007504626589247437,0.0,0.0,0.0007504626589247437,0.49714609508711766,0.49714609508711766,0.0
2017-07-11,0.00010485915743126588,0.0,0.0,0.00010485915743126588,0.49752318517362026,0.49752318517362026,0.0
2017-07-12,0.0017922831237192063,0.0,0.0,0.0017922831237192063,0.4975758689446758,0.4975758689446758,0.0
2017-07-13,-9.377575872541308e-05,0.0,0.0,-9.377575872541308e-05,0.498474744196771,0.498474744196771,0.0
2017-07-14,0.0010631344050066787,1.6255969966050913e-07,0.0,0.0010629718453070182,0.4980214048597407,0.4980214048597407,0.00040630401487430634
2017-07-17,0.00014630955508151936,0.0,0.0,0.00014630955508151936,0.4985545897724707,0.4985545897724707,0.0
2017-07-18,0.0009404808586250177,0.0,0.0,0.0009404808586250177,0.4986279452947249,0.4986279452947249,0.0
2017-07-19,0.00038492191416053274,0.0,0.0,0.00038492191416053274,0.4990990330661929,0.4990990330661929,0.0
2017-07-20,0.00029902598297117144,0.0,0.0,0.00029902598297117144,0.4992917666378145,0.4992917666378145,0.0
2017-07-21,0.00045693432000197575,0.0,0.0,0.00045693432000197575,0.4994414466512643,0.4994414466512643,0.0
2017-07-24,-0.0002257606493498894,0.0,0.0,-0.0002257606493498894,0.4996700645700866,0.4996700645700866,0.0
2017-07-25,-0.000985185261302364,0.0,0.0,-0.000985185261302364,0.49955708425246487,0.49955708425246487,0.0
2017-07-26,0.001143172030812629,0.0,0.0,0.001143172030812629,0.49906356906385707,0.49906356906385707,0.0
2017-07-27,-0.0005412035277335376,0.0,0.0,-0.0005412035277335376,0.4996355716835221,0.4996355716835221,0.0
2017-07-28,0.00027053409552950136,3.3216660074949196e-07,0.0,0.00027020192892875187,0.49893865756910477,0.49893865756910477,0.0008301866738500002
2017-07-31,0.00012300806002784503,0.0,0.0,0.00012300806002784503,0.49907434081506724,0.49907434081506724,0.0
2017-08-01,0.0006524288258008972,0.0,0.0,0.0006524288258008972,0.4991359511300564,0.4991359511300564,0.0
2017-08-02,7.19871605993424e-05,0.0,0.0,7.19871605993424e-05,0.49946251621287296,0.49946251621287296,0.0
2017-08-03,0.000502873514685646,0.0,0.0,0.000502873514685646,0.49949854589142995,0.49949854589142995,0.0
2017-08-04,-0.0007066458040865817,0.0,0.0,-0.0007066458040865817,0.49975010831268385,0.49975010831268385,0.0
2017-08-07,0.00023408404357856178,0.0,0.0,0.00023408404357856178,0.4993963588501548,0.4993963588501548,0.0
2017-08-08,-0.0011777492749325057,0.0,0.0,-0.0011777492749325057,0.4995135147503785,0.4995135147503785,0.0
2017-08-09,-0.00015097695997434254,0.0,0.0,-0.00015097695997434254,0.4989233721152016,0.4989233721152016,0.0
2017-08-10,-0.0009196506118699942,0.0,0.0,-0.0009196506118699942,0.49884770966592273,0.49884770966592273,0.0
2017-08-11,0.0007577108566532252,4.044163604859549e-05,0.0,0.0007172692206046297,0.597610117207339,0.597610117207339,0.10077628318533395
2017-08-14,0.0005120410801945356,0.0,0.0,0.0005120410801945356,0.5979389448630413,0.5979389448630413,0.0
2017-08-15,-0.00020658519431275815,0.0,0.0,-0.00020658519431275815,0.5981447112791598,0.5981447112791598,0.0
2017-08-16,0.0004335224595037256,0.0,0.0,0.0004335224595037256,0.5980616767725542,0.5980616767725542,0.0
2017-08-17,-0.0004596735179512224,0.0,0.0,-0.0004596735179512224,0.598235850554762,0.598235850554762,0.0
2017-08-18,0.0003170176570870186,0.0,0.0,0.0003170176570870186,0.5980510852830974,0.5980510852830974,0.0
2017-08-21,0.0004277568644016238,0.0,0.0,0.0004277568644016238,0.5981784698031675,0.5981784698031675,0.0
2017-08-22,0.0003252456809334168,0.0,0.0,0.0003252456809334168,0.5983502782287401,0.5983502782287401,0.0
2017-08-23,0.0008451456161066004,0.0,0.0,0.0008451456161066004,0.5984808705913923,0.5984808705913923,0.0
2017-08-24,-5.99156345157137e-05,0.0,0.0,-5.99156345157137e-05,0.5988199261720576,0.5988199261720576,0.0
2017-08-25,0.0007182044838571249,3.47906900927344e-07,0.0,0.0007178565769561976,0.5984086720466176,0.5984086720466176,0.0008692620192850969
2017-08-28,-0.00013921133796814564,0.0,0.0,-0.00013921133796814564,0.5986970978811564,0.5986970978811564,0.0
2017-08-29,0.000191754594693956,0.0,0.0,0.000191754594693956,0.5986412241889705,0.5986412241889705,0.0
2017-08-30,0.0006945368379542315,0.0,0.0,0.0006945368379542315,0.5987181718232905,0.5987181718232905,0.0
2017-08-31,0.000914760879798668,0.0,0.0,0.000914760879798668,0.5989966833988118,0.5989966833988118,0.0
2017-09-01,-0.000497096714656912,0.0,0.0,-0.000497096714656912,0.5993631702976301,0.5993631702976301,0.0
2017-09-05,0.0010030564360040057,0.0,0.0,0.0010030564360040057,0.5991639159971562,0.5991639159971562,0.0
2017-09-06,-0.0006062070697338209,0.0,0.0,-0.0006062070697338209,0.5995655743250273,0.5995655743250273,0.0
2017-09-07,0.0009977214948452637,0.0,0.0,0.0009977214948452637,0.5993226809015076,0.5993226809015076,0.0
2017-09-08,-0.0005356586460959288,0.0,0.0,-0.0005356586460959288,0.5997220468193087,0.5997220468193087,0.0
2017-09-11,-0.000432413296191462,7.078147419458589e-07,0.0,-0.0004331211109334079,0.5988892465090081,0.5988892465090081,0.0017683053203052107
2017-09-12,-0.0002537331928330414,0.0,0.0,-0.0002537331928330414,0.5987161498167591,0.5987161498167591,0.0
2017-09-13,-0.00020504078122848322,0.0,0.0,-0.00020504078122848322,0.5986143049427947,0.5986143049427947,0.0
2017-09-14,0.00044083143354685324,0.0,0.0,0.00044083143354685324,0.5985319876278998,0.5985319876278998,0.0
2017-09-15,0.00027065424247648166,0.0,0.0,0.00027065424247648166,0.5987088893634711,0.5987088893634711,0.0
2017-09-18,-0.0004261511468595453,0.0,0.0,-0.0004261511468595453,0.5988174711169211,0.5988174711169211,0.0
2017-09-19,6.978844159477433e-05,0.0,0.0,6.978844159477433e-05,0.5986464338344032,0.5986464338344032,0.0
2017-09-20,-0.001054490953343839,0.0,0.0,-0.001054490953343839,0.5986744417196878,0.5986744417196878,0.0
2017-09-21,0.00020553143122214467,0.0,0.0,0.00020553143122214467,0.5982508008236432,0.5982508008236432,0.0
2017-09-22,0.0005447818660090247,0.0,0.0,0.0005447818660090247,0.5983333559438703,0.5983333559438703,0.0
2017-09-25,0.0004463129414876253,2.793291759750561e-07,0.0,0.00044603361231165025,0.5989503946958645,0.5989503946958645,0.0006981060047317883
2017-09-26,2.3004569998011554e-05,0.0,0.0,2.3004569998011554e-05,0.5991294757530395,0.5991294757530395,0.0
2017-09-27,-0.0010412540837148353,0.0,0.0,-0.0010412540837148353,0.5991386973949351,0.5991386973949351,0.0
2017-09-28,0.00030731589104039084,0.0,0.0,0.00030731589104039084,0.5987208638557151,0.5987208638557151,0.0
2017-09-29,0.0005730572380651974,0.0,0.0,0.0005730572380651974,0.59884414542461,0.59884414542461,0.0
2017-10-02,2.775027744237509e-05,0.0,0.0,2.775027744237509e-05,0.5990738990287008,0.5990738990287008,0.0
2017-10-03,0.00034660923697993497,0.0,0.0,0.00034660923697993497,0.5990850245305009,0.5990850245305009,0.0
2017-10-04,0.0001388276079716302,0.0,0.0,0.0001388276079716302,0.5992239372158223,0.5992239372158223,0.0
2017-10-05,-0.0001554928752773547,0.0,0.0,-0.0001554928752773547,0.599279568274824,0.599279568274824,0.0
2017-10-06,-0.0005806989849983106,0.0,0.0,-0.0005806989849983106,0.5992172494125738,0.5992172494125738,0.0
2017-10-09,3.815103765808908e-05,2.457843107575763e-07,0.0,3.79052533473315e-05,0.5989810847324335,0.5989810847324335,0.0006142727697906608
2017-10-10,0.00033977109370756503,0.0,0.0,0.00033977109370756503,0.5989965306548428,0.5989965306548428,0.0
2017-10-11,2.0438952985211215e-05,0.0,0.0,2.0438952985211215e-05,0.5991327337643233,0.5991327337643233,0.0
2017-10-12,0.00020416661966412222,0.0,0.0,0.00020416661966412222,0.5991409269040722,0.5991409269040722,0.0
2017-10-13,0.0008734807754584557,0.0,0.0,0.0008734807754584557,0.5992227522399856,0.5992227522399856,0.0
2017-10-16,-0.00028976434610395303,0.0,0.0,-0.00028976434610395303,0.5995725179475235,0.5995725179475235,0.0
2017-10-17,0.00034180573731490817,0.0,0.0,0.00034180573731490817,0.5994564547090361,0.5994564547090361,0.0
2017-10-18,-0.00011932911058285496,0.0,0.0,-0.00011932911058285496,0.5995933160108827,0.5995933160108827,0.0
2017-10-19,0.00035730298298982337,0.0,0.0,0.00035730298298982337,0.5995455301351649,0.5995455301351649,0.0
2017-10-20,-0.0006884214695916647,0.0,0.0,-0.0006884214695916647,0.5996885626058709,0.5996885626058709,0.0
2017-10-23,-8.521509764170688e-05,2.0264614628944942e-07,0.0,-8.541774378799633e-05,0.5989903685376815,0.5989903685376815,0.0005064712998906623
2017-10-24,-0.00045472809100656134,0.0,0.0,-0.00045472809100656134,0.5989563149370892,0.5989563149370892,0.0
2017-10-25,-0.0009842907221077216,0.0,0.0,-0.0009842907221077216,0.5987738661431786,0.5987738661431786,0.0
2017-10-26,-0.0005230286007930441,0.0,0.0,-0.0005230286007930441,0.5983785538799631,0.5983785538799631,0.0
2017-10-27,0.001129656205304687,0.0,0.0,0.001129656205304687,0.5981683844523288,0.5981683844523288,0.0
2017-10-30,0.0007414816684596023,0.0,0.0,0.0007414816684596023,0.598621803822315,0.598621803822315,0.0
2017-10-31,-8.782533869822992e-05,0.0,0.0,-8.782533869822992e-05,0.5989191978846544,0.5989191978846544,0.0
2017-11-01,4.762457846295787e-05,0.0,0.0,4.762457846295787e-05,0.598883969733439,0.598883969733439,0.0
2017-11-02,0.00025775823605437534,0.0,0.0,0.00025775823605437534,0.5989030718055671,0.5989030718055671,0.0
2017-11-03,-0.000415161127706516,0.0,0.0,-0.000415161127706516,0.5990064312005301,0.5990064312005301,0.0
2017-11-06,7.91097873840018e-05,2.7940104216757006e-07,0.0,7.883038634183422e-05,0.5990326165259214,0.5990326165259214,0.0006983509268315979
2017-11-07,-0.0006854253047693523,0.0,0.0,-0.0006854253047693523,0.5990645018271826,0.5990645018271826,0.0
2017-11-08,-0.0006034301626837561,0.0,0.0,-0.0006034301626837561,0.5987895019993138,0.5987895019993138,0.0
2017-11-09,-0.0010846306000461292,0.0,0.0,-0.0010846306000461292,0.5985472533030646,0.5985472533030646,0.0
2017-11-10,-0.0005803183621463381,0.0,0.0,-0.0005803183621463381,0.5981113525782599,0.5981113525782599,0.0
2017-11-13,4.839150712308558e-05,0.0,0.0,4.839150712308558e-05,0.5978779937942356,0.5978779937942356,0.0
2017-11-14,-0.0005051209518167261,0.0,0.0,-0.0005051209518167261,0.5978974521425444,0.5978974521425444,0.0
2017-11-15,0.0005916840858433925,0.0,0.0,0.0005916840858433925,0.5976942390736638,0.5976942390736638,0.0
2017-11-16,0.0011836261191210092,0.0,0.0,0.0011836261191210092,0.5979321362300857,0.5979321362300857,0.0
2017-11-17,0.00010088818634193109,0.0,0.0,0.00010088818634193109,0.5984074716359014,0.5984074716359014,0.0
2017-11-20,-0.00011625371570087207,9.656962336650742e-08,0.0,-0.00011635028532423858,0.5982065907710441,0.5982065907710441,0.00024139271952471064
2017-11-21,0.0006445279265013479,0.0,0.0,0.0006445279265013479,0.5981599331342331,0.5981599331342331,0.0
2017-11-22,0.000889524141306461,0.0,0.0,0.000889524141306461,0.5984187634559446,0.5984187634559446,0.0
2017-11-24,-0.0002749925675007187,0.0,0.0,-0.0002749925675007187,0.5987756621905058,0.5987756621905058,0.0
2017-11-27,-0.00035781957152463084,0.0,0.0,-0.00035781957152463084,0.5986652981304117,0.5986652981304117,0.0
2017-11-28,0.0004961694998785384,0.0,0.0,0.0004961694998785384,0.5985216413161308,0.5985216413161308,0.0
2017-11-29,-0.0011084536616350325,0.0,0.0,-0.0011084536616350325,0.5987207438439697,0.5987207438439697,0.0
2017-11-30,6.26571133785586e-06,0.0,0.0,6.26571133785586e-06,0.5982754507964361,0.5982754507964361,0.0
2017-12-01,0.0009181525249106332,0.0,0.0,0.0009181525249106332,0.5982779678707276,0.5982779678707276,0.0
2017-12-04,0.00017131782827320183,0.0,0.0,0.00017131782827320183,0.5986464716261858,0.5986464716261858,0.0
2017-12-05,0.0006513848942211647,2.141224228326733e-07,0.0,0.0006511707717983321,0.5990410914196729,0.5990410914196729,0.0005351046040352747
2017-12-06,0.0008021040353540461,0.0,0.0,0.0008021040353540461,0.5993022282194039,0.5993022282194039,0.0
2017-12-07,-0.0004272609686880593,0.0,0.0,-0.0004272609686880593,0.5996233719284414,0.5996233719284414,0.0
2017-12-08,-0.0005190529104972516,0.0,0.0,-0.0005190529104972516,0.5994522335017217,0.5994522335017217,0.0
2017-12-11,-0.00013076119556801194,0.0,0.0,-0.00013076119556801194,0.5992442200477388,0.5992442200477388,0.0
2017-12-12,-0.00010184934682026715,0.0,0.0,-0.00010184934682026715,0.5991918098896066,0.5991918098896066,0.0
2017-12-13,0.0011388501823987901,0.0,0.0,0.0011388501823987901,0.5991509836791208,0.5991509836791208,0.0
2017-12-14,7.595031207076204e-05,0.0,0.0,7.595031207076204e-05,0.5996069713528267,0.5996069713528267,0.0
2017-12-15,0.00014491315302642417,0.0,0.0,0.00014491315302642417,0.5996373790188315,0.5996373790188315,0.0
2017-12-18,-0.0002525713532991791,0.0,0.0,-0.0002525713532991791,0.5996953884222664,0.5996953884222664,0.0
2017-12-19,-0.0012837828485233553,2.8667528438760097e-07,0.0,-0.001284069523807743,0.599066285363764,0.599066285363764,0.0007164835350466081
2017-12-20,-0.000544636685737228,0.0,0.0,-0.000544636685737228,0.5985510837202882,0.5985510837202882,0.0
2017-12-21,0.0005181463353730711,0.0,0.0,0.0005181463353730711,0.5983323207667028,0.5983323207667028,0.0
2017-12-22,0.0005173138536121115,0.0,0.0,0.0005173138536121115,0.5985403356206008,0.5985403356206008,0.0
2017-12-26,0.00046419523358608335,0.0,0.0,0.00046419523358608335,0.5987479088861252,0.5987479088861252,0.0
2017-12-27,0.0012436388753759434,0.0,0.0,0.0012436388753759434,0.5989340817737198,0.5989340817737198,0.0
2017-12-28,-9.253743722255587e-05,0.0,0.0,-9.253743722255587e-05,0.5994322434080394,0.5994322434080394,0.0
2017-12-29,0.00046628250880689375,0.0,0.0,0.00046628250880689375,0.5993951724639602,0.5993951724639602,0.0
2018-01-02,-0.00047767257696247595,0.0,0.0,-0.00047767257696247595,0.5995818804293254,0.5995818804293254,0.0
2018-01-03,0.0007581972398405796,0.0,0.0,0.0007581972398405796,0.5993905202667857,0.5993905202667857,0.0
2018-01-04,0.0001515350184216729,3.6131872966814785e-07,0.0,0.00015117369969200477,0.5990122488159415,0.5990122488159415,0.0009030156420991981
2018-01-05,8.653535052578339e-05,0.0,0.0,8.653535052578339e-05,0.599073219719352,0.599073219719352,0.0
2018-01-08,-0.00024853502030174453,0.0,0.0,-0.00024853502030174453,0.5991079110567914,0.5991079110567914,0.0
2018-01-09,-0.0011145434920612517,0.0,0.0,-0.0011145434920612517,0.5990082505642048,0.5990082505642048,0.0
2018-01-10,-0.0005975297634389768,0.0,0.0,-0.0005975297634389768,0.5985608291488742,0.5985608291488742,0.0
2018-01-11,0.0006891394549798033,0.0,0.0,0.0006891394549798033,0.5983208138798135,0.5983208138798135,0.0
2018-01-12,-0.00013199842155062612,0.0,0.0,-0.00013199842155062612,0.5985974362238419,0.5985974362238419,0.0
2018-01-16,3.55386048081448e-05,0.0,0.0,3.55386048081448e-05,0.5985444447242227,0.5985444447242227,0.0
2018-01-17,-0.00018520842663893744,0.0,0.0,-0.00018520842663893744,0.5985587113875322,0.5985587113875322,0.0
2018-01-18,-0.0007826686734611782,0.0,0.0,-0.0007826686734611782,0.5984843473052258,0.5984843473052258,0.0
2018-01-19,-0.0005037362193508039,1.0162086797174264e-07,0.0,-0.0005038378402187756,0.5979158173636226,0.5979158173636226,0.0002540300691469446
2018-01-22,-3.716636611392377e-05,0.0,0.0,-3.716636611392377e-05,0.597713231687996,0.597713231687996,0.0
2018-01-23,0.0009576376929924046,0.0,0.0,0.0009576376929924046,0.597698279594967,0.597698279594967,0.0
2018-01-24,-0.0004731312083079402,0.0,0.0,-0.0004731312083079402,0.5980831703005353,0.5980831703005353,0.0
2018-01-25,0.0006488796024116012,0.0,0.0,0.0006488796024116012,0.5978929208923279,0.5978929208923279,0.0
2018-01-26,-0.00012639554941865173,0.0,0.0,-0.00012639554941865173,0.5981536707786634,0.5981536707786634,0.0
2018-01-29,-0.001516262213273592,0.0,0.0,-0.001516262213273592,0.5981028727704577,0.5981028727704577,0.0
2018-01-30,-0.00087684623418093,0.0,0.0,-0.00087684623418093,0.5974925659576575,0.5974925659576575,0.0
2018-01-31,0.000626883399347106,0.0,0.0,0.000626883399347106,0.597139319086699,0.597139319086699,0.0
2018-02-01,-0.001121782888490357,0.0,0.0,-0.001121782888490357,0.5973917075416808,0.5973917075416808,0.0
2018-02-02,-0.0020160855943639282,4.002242110393814e-05,1.0846006989190838e-16,-0.0020561080154679746,0.4971494913459465,0.4971494913419877,0.09979006996933378
2018-02-05,-0.0011697024420198369,0.0,3.2608950064532996e-16,-0.001169702442020163,0.49615355104478914,0.4961535510408217,0.0
2018-02-06,0.000830235157164033,0.0,1.0901933034257554e-16,0.0008302351571639239,0.49556351045112723,0.495563510447148,0.0
2018-02-07,-0.000978875262497042,0.0,1.0885076244540787e-16,-0.000978875262497151,0.49598196394450245,0.4959819639405294,0.0
2018-02-08,-0.0024034757034980953,0.0,1.0887921031103225e-16,-0.002403475703498204,0.4954881097354842,0.49548810973151014,0.0
2018-02-09,-0.0008965267939745709,0.0,1.0915460343451928e-16,-0.0008965267939746801,0.4942726062319698,0.49427260622798563,0.0
2018-02-12,0.0008555540392585602,0.0,3.28032347542041e-16,0.0008555540392582321,0.4938188012246649,0.49381880122067384,0.0
2018-02-13,-0.0006752649994769159,0.0,1.091983352999133e-16,-0.0006752649994770251,0.49425149639976734,0.4942514963957816,0.0
2018-02-14,-0.0006779480571140286,0.0,1.0927212293995321e-16,-0.0006779480571141379,0.49390975136828985,0.49390975136430143,0.0
2018-02-15,0.0020341772919563344,0.0,1.0918927885309082e-16,0.002034177291956225,0.49356641570375326,0.49356641569976784,0.0
2018-02-16,0.0014518975903670146,2.240455677225625e-07,1.0894614859104383e-16,0.001451673544799183,0.49403444760998977,0.4940344476060133,0.0005600524849156788
2018-02-20,-0.0014968630475095232,0.0,4.3525704474268337e-16,-0.0014968630475099584,0.49476810343379246,0.49476810342982075,0.0
2018-02-21,-0.0015449724073963958,0.0,1.08964316876688e-16,-0.001544972407396505,0.4940107067583033,0.4940107067543261,0.0
2018-02-22,0.0003917552721546333,0.0,1.0914601298534036e-16,0.00039175527215452416,0.4932277576270031,0.4932277576230193,0.0
2018-02-23,0.0020836977422083853,0.0,1.0911639113981723e-16,0.002083697742208276,0.4934262105797443,0.4934262105757615,0.0
2018-02-26,0.0004545879941119764,0.0,3.2674672483564057e-16,0.00045458799411164966,0.4944795623742663,0.4944795623702909,0.0
2018-02-27,-0.000869159148438917,0.0,1.0887910000001793e-16,-0.0008691591484390258,0.4947092614775353,0.4947092614735612,0.0
2018-02-28,-6.402017174679256e-05,0.0,1.0889554120775469e-16,-6.402017174690145e-05,0.4942697013618283,0.4942697013578536,0.0
2018-03-01,-0.0008289784362048318,0.0,1.0892857810045234e-16,-0.0008289784362049407,0.49423732234834294,0.494237322344367,0.0
2018-03-02,0.00029707019113297715,0.0,1.0917067054135048e-16,0.00029707019113286797,0.49381770814361087,0.4938177081396261,0.0
2018-03-05,-0.0001544243445524419,3.108188753752133e-08,3.272578383329852e-16,-0.0001544554264403067,0.49389033322195625,0.4938903332179746,7.77019341682561e-05
2018-03-06,0.0002981281135305594,0.0,1.0910279763012887e-16,0.0002981281135304503,0.4938121808483783,0.49381218084439604,0.0
2018-03-07,-0.0002353119233176549,0.0,1.0904416937937165e-16,-0.00023531192331776394,0.49396304469124025,0.49396304468726016,0.0
2018-03-08,0.00037031182367523903,0.0,1.0906983481197722e-16,0.00037031182367512996,0.49384394013529465,0.49384394013131355,0.0
2018-03-09,1.9972358650606427e-05,0.0,1.0905556772529129e-16,1.997235865049737e-05,0.494031306324973,0.49403130632099246,0.0
2018-03-12,-0.00013489043896490282,0.0,3.2700316267424238e-16,-0.0001348904389652298,0.4940414115113629,0.4940414115073843,0.0
2018-03-13,-0.0003246120221141596,0.0,1.0906810191602525e-16,-0.0003246120221142687,0.49397315332788927,0.49397315332390834,0.0
2018-03-14,0.0003747832292326232,0.0,1.0912969798177837e-16,0.00037478322923251405,0.49380883759108435,0.4938088375871011,0.0
2018-03-15,6.208925376955734e-05,0.0,1.0907573439590232e-16,6.208925376944827e-05,0.49399847847531775,0.49399847847133643,0.0
2018-03-16,0.0004130649070180165,0.0,1.0908204050155327e-16,0.00041306490701790744,0.49402989378164297,0.49402989377766143,0.0
2018-03-19,-0.0011692502009049153,4.012185018792199e-05,1.6438356164383563e-05,-0.0012258104072572207,0.5942748139535704,0.39427481395357056,0.10003600797253892
2018-03-20,-0.0004134534432416736,0.0,5.486177067740213e-06,-0.0004189396203094138,0.5938334910261434,0.3935880280536255,0.0
2018-03-21,0.0002231753843716042,0.0,5.486500771895633e-06,0.00021768888359970857,0.5935966382267275,0.393339360052537,0.0
2018-03-22,-0.00047507233089056196,0.0,5.4892546605121445e-06,-0.0004805615855510741,0.5938346750028954,0.3934768798942022,0.0
2018-03-23,-0.001063509915257619,0.0,5.494524264927102e-06,-0.001069004439522546,0.5937408956081709,0.3931907599383316,0.0
2018-03-26,0.001533148191843837,0.0,1.650517164248335e-05,0.0015166430202013536,0.5933598060354166,0.3925468843852025,0.0
2018-03-27,0.0005862954358136891,0.0,5.490762518789706e-06,0.0005808046732948994,0.5938960908746349,0.3934832589388107,0.0
2018-03-28,0.0006117112215242252,0.0,5.49151930983129e-06,0.0006062197022143939,0.594281264600605,0.3938408097917631,0.0
2018-03-29,0.0013072358610388903,0.0,5.4888484858249596e-06,0.0013017470125530654,0.5945565107304659,0.39421354099785466,0.0
2018-04-02,-0.0007266205912268143,0.0,2.1934724917789032e-05,-0.0007485553161446034,0.5951609431005743,0.3950065782257494,0.0
2018-04-03,-2.0245915960639703e-05,8.971598342608281e-08,5.479452054794521e-06,-2.5815083998860306e-05,0.5947128517656396,0.39471285176563947,0.00022426907379868855
2018-04-04,0.00042573627317941915,0.0,5.476971087073218e-06,0.00042025930209234596,0.5946122398136624,0.3947027951354899,0.0
2018-04-05,-9.790957865984137e-05,0.0,5.4713903204321734e-06,-0.00010338096898027354,0.5946682914210448,0.3949625447252705,0.0
2018-04-06,0.0003387193701897185,0.0,5.473268025202545e-06,0.000333246102164516,0.5946797437757025,0.3949054608558095,0.0
2018-04-09,0.0003125045106210908,0.0,1.6428099203370893e-05,0.00029607641141771987,0.5949877174962971,0.3951125105219513,0.0
2018-04-10,0.00025604497326916007,0.0,5.473758751476239e-06,0.00025057121451768383,0.5951001680952072,0.3953079736663245,0.0
2018-04-11,0.00020437868775298956,0.0,5.469766424350422e-06,0.00019890892132863914,0.5951114010014485,0.3954649265126582,0.0
2018-04-12,1.4988253771774317e-05,0.0,5.468678655377988e-06,9.51957511639633e-06,0.595197389618455,0.39559061869715845,0.0
2018-04-13,0.0002672901471887648,0.0,5.465346812601351e-06,0.0002618248003761635,0.5950869996494379,0.39560184098948875,0.0
2018-04-16,6.797644933534816e-06,0.0,1.6387832480002157e-05,-9.59018754646734e-06,0.5951508050844088,0.3957655099110493,0.0
2018-04-17,-2.69482550211954e-05,2.0220649299851798e-07,5.46200839267378e-06,-3.26124699068677e-05,0.5948289733525371,0.39546566701994407,0.0005054042922919849
2018-04-18,-0.0006249405642369169,0.0,5.462186528067554e-06,-0.0006304027507649844,0.5948214236932963,0.39545161541883034,0.0
2018-04-19,-0.0011924135491939256,0.0,5.461039824953648e-06,-0.0011978745890188793,0.5944036852934149,0.3950757316826066,0.0
2018-04-20,-0.0010854299151447254,0.0,5.4675893112527875e-06,-0.0010908975044559783,0.593922716674366,0.3943557068136394,0.0
2018-04-23,-0.0006252245903324377,0.0,1.641476855497245e-05,-0.0006416393588874102,0.593412780406274,0.3936997629874426,0.0
2018-04-24,-0.0007643877308933822,0.0,5.474447200300678e-06,-0.0007698621780936829,0.5931442352360063,0.39332691242503176,0.0
2018-04-25,-0.000940657571186785,0.0,5.479977961462476e-06,-0.0009461375491482474,0.5928841721740858,0.3928649765807054,0.0
2018-04-26,0.0008942131255942609,0.0,5.484509982361666e-06,0.0008887286156118993,0.5924800988539642,0.3922954844977633,0.0
2018-04-27,0.00033909089168138374,0.0,5.480956129490119e-06,0.0003336099355518936,0.5928954676947318,0.39284056896834224,0.0
2018-04-30,-0.00038057413769390945,0.0,1.644133157708676e-05,-0.0003970154692709962,0.5930847358181612,0.39304853496360564,0.0
2018-05-01,-0.0002861036826611694,2.061750571604864e-07,5.479452054794521e-06,-0.0002917893097731244,0.5923520649750935,0.39235206497509356,0.0005154107357791538
2018-05-02,-0.0007550847902016944,0.0,5.478612825029041e-06,-0.0007605634030267234,0.5921497634528551,0.39218039533929505,0.0
2018-05-03,4.84608335261441e-05,0.0,5.484761431443779e-06,4.297607209470032e-05,0.5919170331579426,0.39172324091024463,0.0
2018-05-04,0.0003977737164634682,0.0,5.488483371309581e-06,0.00039228523309215867,0.5920845087112205,0.3917548656584208,0.0
2018-05-07,-0.00039431998434825066,0.0,1.645305297114853e-05,-0.0004107730373193992,0.5921776751581185,0.39199886400914463,0.0
2018-05-08,-0.0007234977744332956,0.0,5.486604739676332e-06,-0.000728984379172972,0.5920265437153057,0.3917654707171197,0.0
2018-05-09,2.7400342219552062e-05,0.0,5.491271567857621e-06,2.1909070651694442e-05,0.5917586566177954,0.39132724439099215,0.0
2018-05-10,0.0020651034039224792,0.0,5.4885088873675045e-06,0.0020596148950351115,0.5916766450934133,0.39134607070449934,0.0
2018-05-11,0.000667483013818429,0.0,5.477227907186361e-06,0.0006620057859112427,0.5925213826320401,0.3926025640197378,0.0
2018-05-14,-0.00034834617360079425,0.0,1.6420813048311733e-05,-0.000364766986649106,0.592796430978683,0.39300987222422357,0.0
2018-05-15,-0.0020771445924740975,1.7375250504669842e-08,5.475601668463071e-06,-0.0020826375693930653,0.5926417615299614,0.39278230063105946,4.343549831077598e-05
2018-05-16,0.00018804477867129666,0.0,5.483730736014717e-06,0.00018256104793528194,0.5916767233127581,0.39152055144822084,0.0
2018-05-17,-0.0005674017929846115,0.0,5.482729803116314e-06,-0.0005728845227877278,0.5917567363615165,0.3916370985477709,0.0
2018-05-18,0.00029620802908295486,0.0,5.487192094789073e-06,0.0002907208369881658,0.591576374412535,0.3912938629527337,0.0
2018-05-21,0.00021702314734681248,0.0,1.6464712250766304e-05,0.00020055843509604617,0.5917969263933088,0.39147626067565205,0.0
2018-05-22,0.00037607802378632806,0.0,5.487136925327198e-06,0.0003705908868610009,0.5918952399575889,0.39161474218314607,0.0
2018-05-23,0.001233956187522521,0.0,5.48510419569879e-06,0.001228471083326822,0.5920519089393737,0.3918456057963677,0.0
2018-05-24,0.0007645463774183408,0.0,5.4829855867745725e-06,0.0007590633918315663,0.5927262415105309,0.3925972675932588,0.0
2018-05-25,0.00036116719126982893,0.0,5.482116531576654e-06,0.00035568507473825227,0.5931607072947086,0.3930634538921608,0.0
2018-05-29,-5.341032060300564e-05,0.0,2.1939091960517727e-05,-7.534941256352337e-05,0.5934789497125892,0.39328473557286503,0.0
2018-05-30,-0.00023149598709264207,3.7039232777680925e-07,5.479452054794432e-06,-0.00023734583147521333,0.5931213073634084,0.3931213073634116,0.0009254708636548091
2018-05-31,-0.0003883713581984964,0.0,5.4741946383335915e-06,-0.00039384555283683,0.5927911885723876,0.39298308427321144,0.0
2018-06-01,-0.0003935355856352425,0.0,5.473728714352087e-06,-0.00039900931434959456,0.5925404935916682,0.3927493955178169,0.0
2018-06-04,4.740475737281158e-06,0.0,1.6415123083144626e-05,-1.1674647345863468e-05,0.5922298069110568,0.39251247606613043,0.0
2018-06-05,0.00046790972683973664,0.0,5.467173351879917e-06,0.0004624425534878567,0.5920736264390647,0.3925217990954477,0.0
2018-06-06,-0.00045196343042478256,0.0,5.467930144798214e-06,-0.00045743136056958076,0.5923875079462069,0.39280805766107213,0.0
2018-06-07,0.0001622796967417002,0.0,5.468459932155248e-06,0.00015681123680954496,0.5921344398718396,0.39253565234817306,0.0
2018-06-08,-0.00011256042897641901,0.0,5.47285845666974e-06,-0.00011803328743308875,0.5923956959197793,0.3926363622513337,0.0
2018-06-11,-0.00010846052091716115,0.0,1.6416566149098675e-05,-0.00012487708706625982,0.5923050263136803,0.39257013816631314,0.0
2018-06-12,-0.0002685317708997448,0.0,5.470903660004265e-06,-0.00027400267455974907,0.5921986768275654,0.39251069323740984,0.0
2018-06-13,-0.00040446132259523324,3.568455185733162e-07,5.469771076489658e-06,-0.00041028793919029624,0.5911044447523203,0.39145780046044776,0.0008918658640500251
2018-06-14,0.0007505889791114516,0.0,5.469386696182741e-06,0.0007451195924152689,0.590846463872601,0.391213849461931,0.0
2018-06-15,-5.605277238738113e-05,0.0,5.467287599347115e-06,-6.152005998672824e-05,0.5912285928924808,0.39167259551631106,0.0
2018-06-18,-0.0006337592420227863,0.0,1.6410753146900284e-05,-0.0006501699951696866,0.5913047997866611,0.3916406364993743,0.0
2018-06-19,-2.866560391326074e-05,0.0,5.475126773920362e-06,-3.41407306871811e-05,0.591103390839304,0.3912612635912109,0.0
2018-06-20,-0.00024205223359561717,0.0,5.477284759381459e-06,-0.00024752951835499865,0.5911668491275169,0.3912459554100936,0.0
2018-06-21,0.0001388984196087592,0.0,5.476011353856819e-06,0.0001334224082549024,0.590975126563178,0.3911007121474041,0.0
2018-06-22,0.0005589693143201668,0.0,5.478567909595314e-06,0.0005534907464105715,0.5911551460999332,0.3911874173997044,0.0
2018-06-25,-0.0007365710470002889,0.0,1.642858799462547e-05,-0.0007529996349949144,0.591410832594551,0.391529678659941,0.0
2018-06-26,0.00014788607127369242,0.0,5.482292534857244e-06,0.00014240377873883517,0.5911912739525932,0.39108759643030383,0.0
2018-06-27,4.320846296418313e-05,8.823824637111578e-08,5.479452054794521e-06,3.764077266301749e-05,0.5910343896093482,0.3910343896093482,0.000220573473577651
2018-06-28,-0.000312389179636841,0.0,5.4825317228204015e-06,-0.0003178717113596614,0.5911752860463632,0.3910628781634185,0.0
2018-06-29,-8.167119764175788e-05,0.0,5.484275018706165e-06,-8.715547266046405e-05,0.5910507751881359,0.3908747370053608,0.0
2018-07-02,6.774735507736184e-05,0.0,1.6450322440944167e-05,5.129703263641768e-05,0.5909727182289889,0.3908271285308347,0.0
2018-07-03,0.0008680108607020308,0.0,5.482499827034657e-06,0.0008625283608749961,0.5909860688540136,0.39087482516724864,0.0
2018-07-05,0.0012314093466350327,0.0,1.095950022869261e-05,0.0012204498464063402,0.5914161170832988,0.39140523790965853,0.0
2018-07-06,0.0012710383320205375,0.0,5.4724157887430906e-06,0.0012655659162317944,0.5919012143281246,0.3921580380390019,0.0
2018-07-09,0.00048077852601987806,0.0,1.6400430727088256e-05,0.0004643780952927898,0.5924703691297484,0.3929317952835079,0.0
2018-07-10,0.0001387035033145394,0.0,5.4609903374165385e-06,0.00013324251297712288,0.5925561137424101,0.39322996642670655,0.0
2018-07-11,-0.0002447482790237487,0.0,5.4596050749501e-06,-0.0002502078840986988,0.5925918487183586,0.39331626348267973,0.0
2018-07-12,0.0007426083954893959,1.288558247810628e-07,5.4629420990221094e-06,0.0007370165975655927,0.5927517862939148,0.39335439967960795,0.0003221138873052087
2018-07-13,0.0006502346356055047,0.0,5.458262588096217e-06,0.0006447763730174085,0.5930333504178688,0.39380676595235675,0.0
2018-07-16,-0.0005071349547921768,0.0,1.6368178370133415e-05,-0.0005235031331623102,0.5933489980883003,0.39420282791834377,0.0
2018-07-17,-1.1218823566491317e-05,0.0,5.457602569123368e-06,-1.6676426135614684e-05,0.5931043956163282,0.39390190184332524,0.0
2018-07-18,1.8980109694363644e-05,0.0,5.457038058236622e-06,1.3523071636127022e-05,0.5930791409438204,0.39389725181818364,0.0
2018-07-19,0.00016988775597040034,0.0,5.456306937317779e-06,0.00016443144903308257,0.5930661082545898,0.39391090504249093,0.0
2018-07-20,-0.00047395331808434385,0.0,5.458036959238349e-06,-0.0004794113550435822,0.5932343531881521,0.39401600417595256,0.0
2018-07-23,-0.0006728599825176751,0.0,1.6381964577551446e-05,-0.0006892419470952265,0.593044712239164,0.39373080987895465,0.0
2018-07-24,0.00038090399019920766,0.0,5.461136667017625e-06,0.00037544285353219005,0.5926605371220076,0.3933290487758644,0.0
2018-07-25,0.0012248936866314434,0.0,5.459741210926634e-06,0.0012194339454205168,0.5928427468522336,0.39356219265341147,0.0
2018-07-26,0.00020425319991676212,6.451099526139665e-08,5.451128545197607e-06,0.0001987375603763031,0.5932906354665894,0.39432444356687696,0.0001612672224821786
2018-07-27,0.0002422127373782188,0.0,5.450045416467598e-06,0.0002367626919617512,0.5933769623766201,0.39445030467555275,0.0
2018-07-30,-0.00045838130615086546,0.0,1.6348226984842594e-05,-0.00047472953313570807,0.5935025193854685,0.39459909106988367,0.0
2018-07-31,0.0004134796532301703,0.0,5.451997219041983e-06,0.0004080276560111283,0.5933258073628443,0.394327908867812,0.0
2018-08-01,-0.000823107727995357,0.0,5.449773560710214e-06,-0.0008285575015560672,0.593497123775811,0.39458038880988805,0.0
2018-08-02,0.00014910335563626906,0.0,5.4548191517628645e-06,0.0001436485364845062,0.5931847012117689,0.39408380217242445,0.0
2018-08-03,0.0006340347244597356,0.0,5.4573214211561225e-06,0.0006285774030385795,0.5933685145541351,0.3941762826819366,0.0
2018-08-06,0.0001347481982544242,0.0,1.636364265300504e-05,0.00011838455560141917,0.5936532900692848,0.39456230445772333,0.0
2018-08-07,-0.000490850832930227,0.0,5.455213398302141e-06,-0.0004963060463285291,0.5937656211898161,0.39465033215178796,0.0
2018-08-08,-0.00017881843211212234,0.0,5.45595547050423e-06,-0.00018427438758262656,0.5934975768635102,0.3943552021901059,0.0
2018-08-09,-0.00035243111967168825,2.993197248828667e-07,5.45761574060422e-06,-0.0003581880551371753,0.5927039311713075,0.3935009566392534,0.0007480771179910195
2018-08-10,-0.001033782066569013,0.0,5.462856178558352e-06,-0.0010392449227475712,0.5926836476012091,0.39328939708382926,0.0
2018-08-13,-0.00048745736456873913,0.0,1.6421397856511815e-05,-0.000503878762425251,0.5924573626830475,0.3926636887621535,0.0
2018-08-14,0.0008848107577109095,0.0,5.4752408904655475e-06,0.0008793355168204439,0.5922202327950201,0.3923739402930277,0.0
2018-08-15,-5.4732209791474175e-05,0.0,5.4704305465936284e-06,-6.0202640338067805e-05,0.5925839634269915,0.39291324847632414,0.0
2018-08-16,0.0004747067173080749,0.0,5.473390559515388e-06,0.0004692333267485595,0.5926609242327484,0.3928821688104367,0.0
2018-08-17,0.0005491367310683946,0.0,5.469510262405016e-06,0.0005436672208059896,0.592809510518887,0.3931723859411039,0.0
2018-08-20,0.00018062922630267378,0.0,1.640552196737479e-05,0.00016422370433529898,0.5931081027665257,0.3935075854967992,0.0
2018-08-21,0.0001149090090372014,0.0,5.47089160673863e-06,0.00010943811743046277,0.5933111160478884,0.3936235724019284,0.0
2018-08-22,0.0005298663174715752,0.0,5.468979610974336e-06,0.0005243973378606008,0.5933131519285356,0.3936953961279722,0.0
2018-08-23,-0.00045856462701882305,3.877511099932858e-08,5.467425844263126e-06,-0.00046407082797408547,0.5934970714375623,0.39393602812195816,9.692788619297366e-05
2018-08-24,0.0006240258173711314,0.0,5.469311583449235e-06,0.0006185565057876822,0.593290022482442,0.3936601496865448,0.0
2018-08-27,1.6767943784636536e-05,0.0,1.639974871410726e-05,3.681950705292764e-07,0.5935707152483273,0.39404043922668885,0.0
2018-08-28,-0.0006338949762712205,0.0,5.464614331051474e-06,-0.000639359590602272,0.5935154851639847,0.3940570620806057,0.0
2018-08-29,-0.0004153139336957381,0.0,5.466140190059806e-06,-0.00042078007388579786,0.5931889838432529,0.3936748669060699,0.0
2018-08-30,-0.0005404923936360772,0.0,5.4677833774749e-06,-0.0005459601770135521,0.5929991916921874,0.3934250984143535,0.0
2018-08-31,-0.00036286453026844885,0.0,5.474716885120843e-06,-0.0003683392471535697,0.5929263888487509,0.3930992225418404,0.0
2018-09-04,-0.0008043648183203748,0.0,2.19121872312294e-05,-0.0008262770055516043,0.5928297800146484,0.3928810715296801,0.0
2018-09-05,-8.555439380662586e-05,0.0,5.4813254355983555e-06,-9.103571924222422e-05,0.5924693169832084,0.3924009385838685,0.0
2018-09-06,0.0007695631216651401,0.0,5.481824477432418e-06,0.0007640812971877077,0.5924376955811251,0.3923511021548419,0.0
2018-09-07,-0.0009372665975421782,1.5634089729169505e-07,5.479452054794483e-06,-0.0009429023904942644,0.5924356042380502,0.39243560423805157,0.000390828615090232
2018-09-10,0.00034974057645579247,0.0,1.6436074078421616e-05,0.00033330450237737086,0.5918400653756822,0.3918678307548859,0.0
2018-09-11,-0.00040700624336252193,0.0,5.4775242007278725e-06,-0.00041248376756324983,0.5920165203331466,0.39208688700657923,0.0
2018-09-12,0.0007792899267235655,0.0,5.47648982545531e-06,0.0007738134368981102,0.5917333876542659,0.39184150902514703,0.0
2018-09-13,0.0013174052302307169,0.0,5.47225532075797e-06,0.001311932974909959,0.5920545378242444,0.39231721861657864,0.0
2018-09-14,-5.75139287283662e-07,0.0,5.465742097482554e-06,-6.040881384766216e-06,0.5926184647855164,0.39311887822740316,0.0
2018-09-17,-0.0004054439904247636,0.0,1.6391408652348488e-05,-0.0004218353990771121,0.5925494831537408,0.3931206778835009,0.0
2018-09-18,-0.0008227739914473842,0.0,5.4647894861443835e-06,-0.0008282387809335286,0.5923457812360031,0.39288096499173314,0.0
2018-09-19,-8.7347929491417e-05,0.0,5.468664375196349e-06,-9.281659386661334e-05,0.5919894276599293,0.3923831779652625,0.0
2018-09-20,0.000972435719970125,0.0,5.4678521966877454e-06,0.0009669678677734372,0.5919088501575167,0.3923322449784141,0.0
2018-09-21,0.00023968984586744243,8.033773915050194e-05,0.0,0.0001593521067169405,0.5922000896443357,0.5922000896443357,0.2001804669462067
2018-09-24,-0.00041892978069935815,0.0,0.0,-0.00041892978069935815,0.5923453880047206,0.5923453880047206,0.0
2018-09-25,-6.222222647060516e-05,0.0,0.0,-6.222222647060516e-05,0.5921745377732662,0.5921745377732662,0.0
2018-09-26,0.0010498838545900811,0.0,0.0,0.0010498838545900811,0.5921491603859574,0.5921491603859574,0.0
2018-09-27,0.0008115408059618725,0.0,0.0,0.0008115408059618725,0.5925769073129569,0.5925769073129569,0.0
2018-09-28,-0.00025519937402471437,0.0,0.0,-0.00025519937402471437,0.5929072796673167,0.5929072796673167,0.0
2018-10-01,0.00010350998850025614,0.0,0.0,0.00010350998850025614,0.5928033633405364,0.5928033633405364,0.0
2018-10-02,0.0002506775252130987,0.0,0.0,0.0002506775252130987,0.5928455078973318,0.5928455078973318,0.0
2018-10-03,-0.0018015712065132337,0.0,0.0,-0.0018015712065132337,0.592947546798932,0.592947546798932,0.0
2018-10-04,-0.0015867295929483825,0.0,0.0,-0.0015867295929483825,0.5922128892818751,0.5922128892818751,0.0
2018-10-05,-0.0011725535966833403,1.637835476218903e-07,0.0,-0.0011727173802309622,0.5911591344982176,0.5911591344982176,0.00040943392376510413
2018-10-08,-0.00043141504210725696,0.0,0.0,-0.00043141504210725696,0.590679280760224,0.590679280760224,0.0
2018-10-09,0.00038549853195917876,0.0,0.0,0.00038549853195917876,0.5905026174296797,0.5905026174296797,0.0
2018-10-10,-0.001364488533960454,0.0,0.0,-0.001364488533960454,0.5906604172379073,0.5906604172379073,0.0
2018-10-11,0.0007777367082819613,0.0,0.0,0.0007777367082819613,0.5901011149091177,0.5901011149091177,0.0
2018-10-12,0.0006481360659750079,0.0,0.0,0.0006481360659750079,0.5904196605740796,0.5904196605740796,0.0
2018-10-15,-0.0001291428139694471,0.0,0.0,-0.0001291428139694471,0.5906849524187634,0.5906849524187634,0.0
2018-10-16,0.0009674554488033258,0.0,0.0,0.0009674554488033258,0.5906320854943355,0.5906320854943355,0.0
2018-10-17,-0.0010586596833770797,0.0,0.0,-0.0010586596833770797,0.5910277479280119,0.5910277479280119,0.0
2018-10-18,-0.0005259236028491627,0.0,0.0,-0.0005259236028491627,0.5905943266474877,0.5905943266474877,0.0
2018-10-19,-0.0002740043490115998,2.2295065516857876e-07,0.0,-0.0002742272996667684,0.5898215683278656,0.5898215683278656,0.000557328913495771
2018-10-22,-0.00016522963625738283,0.0,0.0,-0.00016522963625738283,0.5897092783618476,0.5897092783618476,0.0
2018-10-23,0.0012042669190468589,0.0,0.0,0.0012042669190468589,0.5896414749720222,0.5896414749720222,0.0
2018-10-24,-0.0013222208566761463,0.0,0.0,-0.0013222208566761463,0.5901350617584237,0.5901350617584237,0.0
2018-10-25,0.0003137150358247716,0.0,0.0,0.0003137150358247716,0.5895924122862104,0.5895924122862104,0.0
2018-10-26,-3.820642924376959e-05,0.0,0.0,-3.820642924376959e-05,0.5897211229388257,0.5897211229388257,0.0
2018-10-29,-0.0005089631947984722,0.0,0.0,-0.0005089631947984722,0.5897054470490193,0.5897054470490193,0.0
2018-10-30,-4.051102498158376e-05,0.0,0.0,-4.051102498158376e-05,0.5894965158842679,0.5894965158842679,0.0
2018-10-31,-0.0008742382820589125,0.0,0.0,-0.0008742382820589125,0.5894798852936454,0.5894798852936454,0.0
2018-11-01,0.0012453973981509854,0.0,0.0,0.0012453973981509854,0.5891206788618002,0.5891206788618002,0.0
2018-11-02,-0.0008787239688309203,1.3727203400326023e-07,0.0,-0.0008788612408649236,0.5892885942167596,0.5892885942167596,0.00034315619536721845
2018-11-05,0.0004999454053353665,0.0,0.0,0.0004999454053353665,0.5889274557624795,0.5889274557624795,0.0
2018-11-06,0.00014122555206115556,0.0,0.0,0.00014122555206115556,0.5891328668978771,0.5891328668978771,0.0
2018-11-07,0.0013139588433257112,0.0,0.0,0.0013139588433257112,0.5891908836421266,0.5891908836421266,0.0
2018-11-08,-0.0009017179218500912,0.0,0.0,-0.0009017179218500912,0.5897299615872507,0.5897299615872507,0.0
2018-11-09,-0.0002040631420320776,0.0,0.0,-0.0002040631420320776,0.5893596798511382,0.5893596798511382,0.0
2018-11-12,-0.0008000669771409116,0.0,0.0,-0.0008000669771409116,0.5892758661938854,0.5892758661938854,0.0
2018-11-13,-0.00037914777433049115,0.0,0.0,-0.00037914777433049115,0.588946996259738,0.588946996259738,0.0
2018-11-14,-7.391244771216219e-05,0.0,0.0,-7.391244771216219e-05,0.588791087315709,0.588791087315709,0.0
2018-11-15,-0.00044739203634230337,0.0,0.0,-0.00044739203634230337,0.5887606916118304,0.5887606916118304,0.0
2018-11-16,0.0002437410409382728,2.080141172090383e-07,0.0,0.00024353302682106375,0.5880566275368622,0.5880566275368622,0.0005199965330201683
2018-11-19,-0.0006531466105107428,0.0,0.0,-0.0006531466105107428,0.588157132890981,0.588157132890981,0.0
2018-11-20,-0.001181142815252232,0.0,0.0,-0.001181142815252232,0.5878879633110671,0.5878879633110671,0.0
2018-11-21,0.0011318422906562687,0.0,0.0,0.0011318422906562687,0.5874006245231451,0.5874006245231451,0.0
2018-11-23,-0.0007562018596069966,0.0,0.0,-0.0007562018596069966,0.5878670939755545,0.5878670939755545,0.0
2018-11-26,0.0006247264653431384,0.0,0.0,0.0006247264653431384,0.5875552024526641,0.5875552024526641,0.0
2018-11-27,-0.0007615562756916877,0.0,0.0,-0.0007615562756916877,0.5878127067634271,0.5878127067634271,0.0
2018-11-28,0.002391672681386798,0.0,0.0,0.002391672681386798,0.5874985637058853,0.5874985637058853,0.0
2018-11-29,-0.00028667384460338277,0.0,0.0,-0.00028667384460338277,0.588482778203177,0.588482778203177,0.0
2018-11-30,0.0002083687169369653,0.0,0.0,0.0002083687169369653,0.5883647731501218,0.5883647731501218,0.0
2018-12-03,0.0016572019621536583,1.7110467020428803e-07,0.0,0.001657030857483454,0.5880394745432891,0.5880394745432891,0.0004276358693138293
2018-12-04,-0.0004335778404969103,0.0,0.0,-0.0004335778404969103,0.5887211473977515,0.5887211473977515,0.0
2018-12-06,0.000535295590665082,0.0,0.0,0.000535295590665082,0.5885427486512551,0.5885427486512551,0.0
2018-12-07,0.00018703107497616985,0.0,0.0,0.00018703107497616985,0.5887628820672024,0.5887628820672024,0.0
2018-12-10,0.0003374121860145129,0.0,0.0,0.0003374121860145129,0.5888397818047989,0.5888397818047989,0.0
2018-12-11,0.00020384389719749335,0.0,0.0,0.00020384389719749335,0.5889784654792605,0.5889784654792605,0.0
2018-12-12,0.0005388835751628378,0.0,0.0,0.0005388835751628378,0.589062232635266,0.589062232635266,0.0
2018-12-13,0.0008816058952669848,0.0,0.0,0.0008816058952669848,0.5892835609783043,0.5892835609783043,0.0
2018-12-14,-0.0004539625867113647,0.0,0.0,-0.0004539625867113647,0.5896453320726992,0.5896453320726992,0.0
2018-12-17,-0.00025311479347615845,0.0,0.0,-0.00025311479347615845,0.5894589618010472,0.5894589618010472,0.0
2018-12-18,0.0005058638418552581,1.9566235590159506e-07,0.0,0.0005056681794993565,0.589314857692084,0.589314857692084,0.0004890628334878368
2018-12-19,-0.0008468220607568662,0.0,0.0,-0.0008468220607568662,0.5895226187045652,0.5895226187045652,0.0
2018-12-20,-0.0012967036240882715,0.0,0.0,-0.0012967036240882715,0.589174722796713,0.589174722796713,0.0
2018-12-21,-0.0007413715883891111,0.0,0.0,-0.0007413715883891111,0.5886413124958262,0.5886413124958262,0.0
2018-12-24,-0.0007206557069637713,0.0,0.0,-0.0007206557069637713,0.588336116588699,0.588336116588699,0.0
2018-12-26,0.001312076282030977,0.0,0.0,0.001312076282030977,0.5880392347121491,0.5880392347121491,0.0
2018-12-27,0.0006897947415487723,0.0,0.0,0.0006897947415487723,0.5885790503820735,0.5885790503820735,0.0
2018-12-28,0.0008935455452489709,0.0,0.0,0.0008935455452489709,0.5888626507636311,0.5888626507636311,0.0
2018-12-31,0.0008080623860610088,0.0,0.0,0.0008080623860610088,0.5892296927418023,0.5892296927418023,0.0
2019-01-02,0.00014501924905866882,0.0,0.0,0.00014501924905866882,0.589561352774411,0.589561352774411,0.0
2019-01-03,0.0010141826829189872,4.129612045639582e-07,0.0,0.0010137697217144231,0.5885888749601468,0.5885888749601468,0.0010319906881573748
2019-01-04,0.0018000341029875743,0.0,0.0,0.0018000341029875743,0.5890059412539125,0.5890059412539125,0.0
2019-01-07,0.0012828045081275197,0.0,0.0,0.0012828045081275197,0.5897444152973185,0.5897444152973185,0.0
2019-01-08,0.0006450432109060983,0.0,0.0,0.0006450432109060983,0.5902700187643626,0.5902700187643626,0.0
2019-01-09,0.000598076442368348,0.0,0.0,0.000598076442368348,0.5905341419362045,0.5905341419362045,0.0
2019-01-10,7.182784402634677e-05,0.0,0.0,7.182784402634677e-05,0.5907788874433443,0.5907788874433443,0.0
2019-01-11,-3.803597759156256e-05,0.0,0.0,-3.803597759156256e-05,0.5908082788024713,0.5908082788024713,0.0
2019-01-14,-0.0006222434890951503,0.0,0.0,-0.0006222434890951503,0.5907927142033186,0.5907927142033186,0.0
2019-01-15,0.0007845789340748639,0.0,0.0,0.0007845789340748639,0.5905379290956669,0.5905379290956669,0.0
2019-01-16,0.0004837030271880503,0.0,0.0,0.0004837030271880503,0.5908589325582465,0.5908589325582465,0.0
2019-01-17,0.0008052776448942681,4.4545501142280833e-07,0.0,0.0008048321898828452,0.5921702855109974,0.5921702855109974,0.0011135458597718892
2019-01-18,0.0007153564580249942,0.0,0.0,0.0007153564580249942,0.5924987011287595,0.5924987011287595,0.0
2019-01-22,-0.00037309579695815555,0.0,0.0,-0.00037309579695815555,0.5927900014310082,0.5927900014310082,0.0
2019-01-23,0.0009152309456214198,0.0,0.0,0.0009152309456214198,0.5926380163870817,0.5926380163870817,0.0
2019-01-24,0.0009511387529408465,0.0,0.0,0.0009511387529408465,0.5930105057667467,0.5930105057667467,0.0
2019-01-25,0.0001584671562769664,0.0,0.0,0.0001584671562769664,0.5933972414074967,0.5933972414074967,0.0
2019-01-28,-0.0006007120723720005,0.0,0.0,-0.0006007120723720005,0.5934616643814596,0.5934616643814596,0.0
2019-01-29,0.00042086239314485417,0.0,0.0,0.00042086239314485417,0.5932173051058048,0.5932173051058048,0.0
2019-01-30,0.002163228830100912,0.0,0.0,0.002163228830100912,0.5933884326231316,0.5933884326231316,0.0
2019-01-31,0.0019803373159483165,0.0,0.0,0.0019803373159483165,0.594266127832752,0.594266127832752,0.0
2019-02-01,-0.00037831043647203183,7.971702294403545e-07,0.0,-0.0003791076067014722,0.5970603249091483,0.5970603249091483,0.001992295185238066
2019-02-04,-0.00020886329198640518,0.0,0.0,-0.00020886329198640518,0.5969083069523451,0.5969083069523451,0.0
2019-02-05,0.001416825075055459,0.0,0.0,0.001416825075055459,0.5968240983062679,0.5968240983062679,0.0
2019-02-06,-0.0006557189853061649,0.0,0.0,-0.0006557189853061649,0.5973945198459049,0.5973945198459049,0.0
2019-02-07,-0.00028408470643967145,0.0,0.0,-0.00028408470643967145,0.5971303505681688,0.5971303505681688,0.0
2019-02-08,-4.417929659509305e-05,0.0,0.0,-4.417929659509305e-05,0.5970158689395966,0.5970158689395966,0.0
2019-02-11,-0.0004396438288371158,0.0,0.0,-0.0004396438288371158,0.5969980645975641,0.5969980645975641,0.0
2019-02-12,0.001082762602623494,0.0,0.0,0.001082762602623494,0.5968208093544812,0.5968208093544812,0.0
2019-02-13,-0.000578097704089535,0.0,0.0,-0.000578097704089535,0.5972568845383671,0.5972568845383671,0.0
2019-02-14,0.0007317723701902597,0.0,0.0,0.0007317723701902597,0.5970239249946033,0.5970239249946033,0.0
2019-02-15,0.0003967349458660142,1.7047971960490674e-07,0.0,0.0003965644661464093,0.5969199426848035,0.5969199426848035,0.00042604728111497633
2019-02-19,0.00024330577998691002,0.0,0.0,0.00024330577998691002,0.597079896960085,0.597079896960085,0.0
2019-02-20,4.846852832027507e-05,0.0,0.0,4.846852832027507e-05,0.597177905903885,0.597177905903885,0.0
2019-02-21,-0.0005724995357102585,0.0,0.0,-0.0005724995357102585,0.5971974291516977,0.5971974291516977,0.0
2019-02-22,0.0014898489518320457,0.0,0.0,0.0014898489518320457,0.596966692770433,0.596966692770433,0.0
2019-02-25,-0.00021074205097472123,0.0,0.0,-0.00021074205097472123,0.597566258258748,0.597566258258748,0.0
2019-02-26,0.000858160020387021,0.0,0.0,0.000858160020387021,0.597481430669892,0.597481430669892,0.0
2019-02-27,-0.0004043232953655959,0.0,0.0,-0.0004043232953655959,0.597826559837501,0.597826559837501,0.0
2019-02-28,-0.0002782938893520448,0.0,0.0,-0.0002782938893520448,0.5976638859740334,0.5976638859740334,0.0
2019-03-01,-0.0002808515163755523,0.0,0.0,-0.0002808515163755523,0.5975518871234385,0.5975518871234385,0.0
2019-03-04,0.00010181375640816186,3.4402965897251206e-07,0.0,0.00010146972674918935,0.5969857781325381,0.5969857781325381,0.0008598272182393368
2019-03-05,8.322657203217174e-05,0.0,0.0,8.322657203217174e-05,0.597027011721205,0.597027011721205,0.0
2019-03-06,3.168612881888879e-05,0.0,0.0,3.168612881888879e-05,0.5970605469906155,0.5970605469906155,0.0
2019-03-07,0.00033342707895226407,0.0,0.0,0.00033342707895226407,0.5970733141774868,0.5970733141774868,0.0
2019-03-08,0.000311771379321514,0.0,0.0,0.000311771379321514,0.5972076160654864,0.5972076160654864,0.0
2019-03-11,0.0007409793812060308,0.0,0.0,0.0007409793812060308,0.5973331560628279,0.5973331560628279,0.0
2019-03-12,0.0009220778534531402,0.0,0.0,0.0009220778534531402,0.597631302970969,0.597631302970969,0.0
2019-03-13,0.00013802350193611415,0.0,0.0,0.00013802350193611415,0.5980019764456205,0.5980019764456205,0.0
2019-03-14,-0.0004691498638402035,0.0,0.0,-0.0004691498638402035,0.5980574539634016,0.5980574539634016,0.0
2019-03-15,0.0010250838056064008,0.0,0.0,0.0010250838056064008,0.5978687941629371,0.5978687941629371,0.0
2019-03-18,-8.36039585442581e-06,1.8858196998609957e-07,0.0,-8.54897782441191e-06,0.5983209440502193,0.5983209440502193,0.00047137332364715354
2019-03-19,0.00019039115634831278,0.0,0.0,0.00019039115634831278,0.5983176986591027,0.5983176986591027,0.0
2019-03-20,0.002271624204741833,0.0,0.0,0.002271624204741833,0.5983941608592129,0.5983941608592129,0.0
2019-03-21,0.00030505490336669235,0.0,0.0,0.00030505490336669235,0.5993043907040235,0.5993043907040235,0.0
2019-03-22,0.00017424165259083359,0.0,0.0,0.00017424165259083359,0.5994265875876381,0.5994265875876381,0.0
2019-03-25,0.0009001606235167055,0.0,0.0,0.0009001606235167055,0.5994963720016491,0.5994963720016491,0.0
2019-03-26,0.0004477764616291392,0.0,0.0,0.0004477764616291392,0.5998565653652662,0.5998565653652662,0.0
2019-03-27,4.651566585912708e-05,0.0,0.0,4.651566585912708e-05,0.6000356599822172,0.6000356599822172,0.0
2019-03-28,0.0006051707728199136,0.0,0.0,0.0006051707728199136,0.6000542637244476,0.6000542637244476,0.0
2019-03-29,5.588637332009131e-05,0.0,0.0,5.588637332009131e-05,0.6002961528105504,0.6002961528105504,0.0
2019-04-01,-0.0004905807543983847,8.161610789605256e-07,0.0,-0.0004913969154773453,0.5993339080320136,0.5993339080320136,0.002039778700460105
2019-04-02,0.0003625951258201512,0.0,0.0,0.0003625951258201512,0.5991377417158403,0.5991377417158403,0.0
2019-04-03,-0.0005742189444994405,0.0,0.0,-0.0005742189444994405,0.5992830397324668,0.5992830397324668,0.0
2019-04-04,0.0003316597085254932,0.0,0.0,0.0003316597085254932,0.5990528082592254,0.5990528082592254,0.0
2019-04-05,0.0007780783776082015,0.0,0.0,0.0007780783776082015,0.5991857421991408,0.5991857421991408,0.0
2019-04-08,-0.0006866618762351784,0.0,0.0,-0.0006866618762351784,0.5994973646398893,0.5994973646398893,0.0
2019-04-09,0.0003625522621679227,0.0,0.0,0.0003625522621679227,0.5992221657802905,0.5992221657802905,0.0
2019-04-10,0.0012848062113954015,0.0,0.0,0.0012848062113954015,0.5993674160299073,0.5993674160299073,0.0
2019-04-11,-0.000365976261810527,0.0,0.0,-0.000365976261810527,0.5998814907758526,0.5998814907758526,0.0
2019-04-12,-0.00015670116793269407,0.0,0.0,-0.00015670116793269407,0.5997350032886225,0.5997350032886225,0.0
2019-04-15,-6.797159261157237e-06,6.725207322034108e-07,0.0,-7.4696799933606476e-06,0.5991180319553101,0.5991180319553101,0.0016806146764842289
2019-04-16,-0.0005911266338868515,0.0,0.0,-0.0005911266338868515,0.5991157099986817,0.5991157099986817,0.0
2019-04-17,-7.397493568018186e-05,0.0,0.0,-7.397493568018186e-05,0.5988785964536232,0.5988785964536232,0.0
2019-04-18,0.00030979408238040427,0.0,0.0,0.00030979408238040427,0.5988489213283803,0.5988489213283803,0.0
2019-04-22,-0.0003656565022538598,0.0,0.0,-0.0003656565022538598,0.5989731570711955,0.5989731570711955,0.0
2019-04-23,0.0012396795522501087,0.0,0.0,0.0012396795522501087,0.5988264653597222,0.5988264653597222,0.0
2019-04-24,0.00022462865459541768,0.0,0.0,0.00022462865459541768,0.5993231762252161,0.5993231762252161,0.0
2019-04-25,0.00018028669939154597,0.0,0.0,0.00018028669939154597,0.5994131595082446,0.5994131595082446,0.0
2019-04-26,0.0007827707875323896,0.0,0.0,0.0007827707875323896,0.5994853669694915,0.5994853669694915,0.0
2019-04-29,-0.0004016223594221703,0.0,0.0,-0.0004016223594221703,0.5997986329087811,0.5997986329087811,0.0
2019-04-30,0.0003621785139055475,7.01525786377255e-07,0.0,0.00036147698811917026,0.6000000006667768,0.6000000006667768,0.0017523221381594305
2019-05-01,-0.0004039298638847768,0.0,0.0,-0.0004039298638847768,0.6001452404867172,0.6001452404867172,0.0
2019-05-02,-0.0005211463877251573,0.0,0.0,-0.0005211463877251573,0.5999836619417338,0.5999836619417338,0.0
2019-05-03,0.0014192823537142751,0.0,0.0,0.0014192823537142751,0.5997750861736154,0.5997750861736154,0.0
2019-05-06,0.0003603081122709697,0.0,0.0,0.0003603081122709697,0.6003423132759089,0.6003423132759089,0.0
2019-05-07,-0.0009122822397059728,0.0,0.0,-0.0009122822397059728,0.6004862613169205,0.6004862613169205,0.0
2019-05-08,-0.00030477225650332507,0.0,0.0,-0.00030477225650332507,0.600121459226133,0.600121459226133,0.0
2019-05-09,-9.65242045666967e-05,0.0,0.0,-9.65242045666967e-05,0.5999995501864408,0.5999995501864408,0.0
2019-05-10,0.0007266479902668084,0.0,0.0,0.0007266479902668084,0.5999609367340636,0.5999609367340636,0.0
2019-05-13,-0.001306951566477754,0.0,0.0,-0.001306951566477754,0.6002514132412438,0.6002514132412438,0.0
2019-05-14,0.0007291606313184603,1.1148756315509707e-06,0.0,0.0007280457556869093,0.5994050677703998,0.5994050677703998,0.0027857827743023237
2019-05-15,0.0010053164939813702,0.0,0.0,0.0010053164939813702,0.5996976210939853,0.5996976210939853,0.0
2019-05-16,8.635913857078513e-05,0.0,0.0,8.635913857078513e-05,0.6000996475142882,0.6000996475142882,0.0
2019-05-17,-0.00017384996387482813,0.0,0.0,-0.00017384996387482813,0.6001341795820835,0.6001341795820835,0.0
2019-05-20,4.229143504256967e-05,0.0,0.0,4.229143504256967e-05,0.600064650836079,0.600064650836079,0.0
2019-05-21,0.0003539230092446243,0.0,0.0,0.0003539230092446243,0.600081563960639,0.600081563960639,0.0
2019-05-22,0.00031305769448947786,0.0,0.0,0.00031305769448947786,0.6002230542203161,0.6002230542203161,0.0
2019-05-23,-0.00016271663966960126,0.0,0.0,-0.00016271663966960126,0.6003481683013463,0.6003481683013463,0.0
2019-05-24,0.00020491585436353403,0.0,0.0,0.00020491585436353403,0.6002831277150686,0.6002831277150686,0.0
2019-05-28,0.0002412980069844064,0.0,0.0,0.0002412980069844064,0.6003650192585809,0.6003650192585809,0.0
2019-05-29,-0.00022434119149922452,3.4816694530025397e-07,6.032998299698151e-15,-0.00022468935845055776,0.5999999997357702,0.5999999995155662,0.0008702460051365187
2019-05-30,0.0012654435431395565,0.0,6.014360705179367e-15,0.0012654435431335423,0.5999104520381379,0.5999104518186136,0.0
2019-05-31,-9.443809174874627e-05,0.0,6.020496213455916e-15,-9.443809175476677e-05,0.6004161029011698,0.6004161026814215,0.0
2019-06-03,0.0008162194392643142,0.0,1.793012213696794e-14,0.0008162194392463841,0.600378363394772,0.600378363176622,0.0
2019-06-04,0.0014685206775855164,0.0,5.991780236443027e-15,0.0014685206775795247,0.6007042763271881,0.6007042761084882,0.0
2019-06-05,0.0004771372153777847,0.0,6.032030870617945e-15,0.0004771372153717527,0.6012897905159759,0.6012897902958069,0.0
2019-06-06,0.0006588621574726831,0.0,6.0179047508009496e-15,0.0006588621574666652,0.6014799392676187,0.6014799390479653,0.0
2019-06-07,0.001695248966631929,0.0,6.048108849196858e-15,0.0016952489666258808,0.6017423361724898,0.6017423359517337,0.0
2019-06-10,-0.000548983627733478,0.0,1.8209522059580736e-14,-0.0005489836277516875,0.6024163394633365,0.6024163392417875,0.0
2019-06-11,4.507104482777411e-06,0.0,6.078737040208032e-15,4.507104476698674e-06,0.602197952652478,0.6021979524306039,0.0
2019-06-12,-4.025080807171552e-05,1.5618287823167025e-06,5.9525776605111896e-15,-4.18126368599848e-05,0.6000000002200165,0.6000000000027477,0.003902920490557571
2019-06-13,0.0008863996516330914,0.0,5.934466431455621e-15,0.0008863996516271569,0.599984836359359,0.599984836142751,0.0
2019-06-14,-0.00010548763039656111,0.0,5.955134696771678e-15,-0.00010548763040251624,0.6003390956466998,0.6003390954293373,0.0
2019-06-17,-0.00014668438012163556,0.0,1.7837469848217205e-14,-0.00014668438013947302,0.6002969319168263,0.6002969316998037,0.0
2019-06-18,0.0024997867823244933,0.0,5.94967331210115e-15,0.0024997867823185436,0.6002382931187753,0.6002382929016123,0.0
2019-06-19,0.0022348005383033007,0.0,5.982147995740542e-15,0.0022348005382973185,0.6012351202960494,0.601235120077701,0.0
2019-06-20,0.001655346766432296,0.0,5.976871657174339e-15,0.0016553467664263191,0.6021242931402159,0.6021242929220603,0.0
2019-06-21,-0.0018345306094958204,0.0,6.0243151976465985e-15,-0.0018345306095018446,0.602781826960624,0.6027818267407365,0.0
2019-06-24,0.0006263536091068175,0.0,1.8050462695637828e-14,0.000626353609088767,0.6020517787671053,0.6020517785474911,0.0
2019-06-25,-0.0012021324423228657,0.0,6.025273943743051e-15,-0.001202132442328891,0.6023008790473096,0.6023008788273873,0.0
2019-06-26,-0.000266523932222969,1.1873251132293094e-06,0.0,-0.0002677112573361983,0.600000001417734,0.600000001417734,0.002966859489295648
2019-06-27,0.001509216865903411,0.0,0.0,0.001509216865903411,0.5998940758828342,0.5998940758828342,0.0
2019-06-28,0.0004639261690270811,0.0,0.0,0.0004639261690270811,0.6004970125295033,0.6004970125295033,0.0
2019-07-01,0.0005564109365634352,0.0,0.0,0.0005564109365634352,0.6006822664758418,0.6006822664758418,0.0
2019-07-02,0.0009724796733848524,0.0,0.0,0.0009724796733848524,0.6009043276726597,0.6009043276726597,0.0
2019-07-03,0.0010475796209028917,0.0,0.0,0.0010475796209028917,0.6012920630369735,0.6012920630369735,0.0
2019-07-05,-0.002142122397210697,0.0,0.0,-0.002142122397210697,0.6017093042530333,0.6017093042530333,0.0
2019-07-08,-0.00046042424292721065,0.0,0.0,-0.00046042424292721065,0.6008542852777764,0.6008542852777764,0.0
2019-07-09,-0.0003955684015357969,0.0,0.0,-0.0003955684015357969,0.6006704242601877,0.6006704242601877,0.0
2019-07-10,0.0009034582045763553,0.0,0.0,0.0009034582045763553,0.6005123995886597,0.6005123995886597,0.0
2019-07-11,-0.0012365954156804122,7.307305730598436e-07,0.0,-0.0012373261462534722,0.6000000001605457,0.6000000001605457,0.0018262787909923742
2019-07-12,0.0006427360512044183,0.0,0.0,0.0006427360512044183,0.5995051881890261,0.5995051881890261,0.0
2019-07-15,0.000440626508795234,0.0,0.0,0.000440626508795234,0.5997624353009043,0.5997624353009043,0.0
2019-07-16,-0.0005650638286022174,0.0,0.0,-0.0005650638286022174,0.5999387129091394,0.5999387129091394,0.0
2019-07-17,0.000789840224516818,0.0,0.0,0.000789840224516818,0.5997125249359382,0.5997125249359382,0.0
2019-07-18,0.0006887121354456019,0.0,0.0,0.0006887121354456019,0.6000284385638232,0.6000284385638232,0.0
2019-07-19,-0.0006263126217779417,0.0,0.0,-0.0006263126217779417,0.6003037142463143,0.6003037142463143,0.0
2019-07-22,0.0010042124579464167,0.0,0.0,0.0010042124579464167,0.6000532225315464,0.6000532225315464,0.0
2019-07-23,0.00044757482449007887,0.0,0.0,0.00044757482449007887,0.6004544511492195,0.6004544511492195,0.0
2019-07-24,0.0007348792366265322,0.0,0.0,0.0007348792366265322,0.600633197675677,0.600633197675677,0.0
2019-07-25,-0.0005921851826293785,7.159758543758315e-07,0.0,-0.0005929011584837543,0.6000000001181867,0.6000000001181867,0.0017890621161813973
2019-07-26,0.00029278074824849796,0.0,0.0,0.00029278074824849796,0.59976341535934,0.59976341535934,0.0
2019-07-29,-0.00020718482168922045,0.0,0.0,-0.00020718482168922045,0.5998805626276028,0.5998805626276028,0.0
2019-07-30,9.068228757886728e-08,0.0,0.0,9.068228757886728e-08,0.5997976467744098,0.5997976467744098,0.0
2019-07-31,-0.0002910958180157754,0.0,0.0,-0.0002910958180157754,0.5997976830656715,0.5997976830656715,0.0
2019-08-01,0.0017807481092132302,0.0,0.0,0.0017807481092132302,0.5996811519231234,0.5996811519231234,0.0
2019-08-02,2.6524151384899457e-05,0.0,0.0,2.6524151384899457e-05,0.6003927517748283,0.6003927517748283,0.0
2019-08-05,-0.001466821158926509,0.0,0.0,-0.001466821158926509,0.6004033507368464,0.6004033507368464,0.0
2019-08-06,0.00207274721361976,0.0,0.0,0.00207274721361976,0.5998163528958176,0.5998163528958176,0.0
2019-08-07,0.0007617699660139757,0.0,0.0,0.0007617699660139757,0.6006441166901906,0.6006441166901906,0.0
2019-08-08,0.0011844046106278087,1.0000800377045858e-06,4.295098021879552e-15,0.001183404530585809,0.5987374218239356,0.5987374216671644,0.0024990617451214336
2019-08-09,-0.0005968700262004146,0.0,4.348505233628974e-15,-0.0005968700262047631,0.5992127153945181,0.5992127152357976,0.0
2019-08-12,-0.0003084121053099777,0.0,1.3010697622155582e-14,-0.0003084121053229884,0.5989733546096613,0.5989733544513646,0.0
2019-08-13,-3.558805747231032e-05,0.0,4.29001259879306e-15,-3.5588057476600335e-05,0.5988496349792874,0.5988496348227021,0.0
2019-08-14,-0.0002667685939379208,0.0,4.338294984048811e-15,-0.00026676859394225905,0.5988353583107225,0.5988353581523745,0.0
2019-08-15,0.0016054476731139275,0.0,4.251697141413848e-15,0.001605447673109676,0.5987283116234277,0.5987283114682405,0.0
2019-08-16,0.0010127892194928094,0.0,4.255860933871042e-15,0.0010127892194885535,0.5993714997173933,0.5993714995620543,0.0
2019-08-19,-0.0007086441438615494,0.0,1.2858694286390788e-14,-0.0007086441438744082,0.5997768414190647,0.5997768412626173,0.0
2019-08-20,0.0008734905896530395,0.0,4.311377087899896e-15,0.0008734905896487282,0.5994930244971128,0.5994930243397477,0.0
2019-08-21,0.0006524020642903557,0.0,4.294008939800098e-15,0.0006524020642860617,0.599842558256361,0.5998425580996299,0.0
2019-08-22,-0.00022629244511112784,8.943962495546819e-07,0.0,-0.00022718684136068253,0.598932372966171,0.598932372966171,0.002235154321789417
2019-08-23,0.00024511316572991567,0.0,0.0,0.00024511316572991567,0.5988421295729512,0.5988421295729512,0.0
2019-08-26,0.00030175683320304326,0.0,0.0,0.00030175683320304326,0.5989404345526845,0.5989404345526845,0.0
2019-08-27,0.0009516964160347891,0.0,0.0,0.0009516964160347891,0.5990614205087404,0.5990614205087404,0.0
2019-08-28,0.0004598748722807733,0.0,0.0,0.0004598748722807733,0.5994426295226403,0.5994426295226403,0.0
2019-08-29,-1.983119535407014e-05,0.0,0.0,-1.983119535407014e-05,0.5996267511193338,0.5996267511193338,0.0
2019-08-30,0.0002623182475242207,0.0,0.0,0.0002623182475242207,0.5996188110817604,0.5996188110817604,0.0
2019-09-03,-1.2580362233283468e-05,0.0,0.0,-1.2580362233283468e-05,0.5997238108302289,0.5997238108302289,0.0
2019-09-04,0.00109431275834362,0.0,0.0,0.00109431275834362,0.5997187751474252,0.5997187751474252,0.0
2019-09-05,-0.001356890184631634,0.0,0.0,-0.001356890184631634,0.600156329177749,0.600156329177749,0.0
2019-09-06,0.0008304990682008764,4.050557252692984e-07,0.0,0.0008300940124756071,0.5995799429710973,0.5995799429710973,0.0010121921799672166
2019-09-09,-0.0018458993577211108,0.0,0.0,-0.0018458993577211108,0.5999124582996541,0.5999124582996541,0.0
2019-09-10,-0.0018673797027696536,0.0,0.0,-0.0018673797027696536,0.5991725712062868,0.5991725712062868,0.0
2019-09-11,-0.00028553577695226236,0.0,0.0,-0.00028553577695226236,0.5984226738583573,0.5984226738583573,0.0
2019-09-12,6.0212792522359844e-05,0.0,0.0,6.0212792522359844e-05,0.5983079764143074,0.5983079764143074,0.0
2019-09-13,-0.002748632186419224,0.0,0.0,-0.002748632186419224,0.5983321619565023,0.5983321619565023,0.0
2019-09-16,0.00119699722657061,0.0,0.0,0.00119699722657061,0.5972250818525998,0.5972250818525998,0.0
2019-09-17,0.000797172263755929,0.0,0.0,0.000797172263755929,0.5977066259056586,0.5977066259056586,0.0
2019-09-18,0.0003240175083460011,0.0,0.0,0.0003240175083460011,0.5980270675781658,0.5980270675781658,0.0
2019-09-19,0.0008609466281165842,0.0,0.0,0.0008609466281165842,0.5981572716577502,0.5981572716577502,0.0
2019-09-20,0.0015475440995616368,3.9830455502514133e-07,0.0,0.0015471457950066117,0.5988067093967406,0.5988067093967406,0.0009954126587248394
2019-09-23,-0.0001640521609799528,0.0,0.0,-0.0001640521609799528,0.5994268527616382,0.5994268527616382,0.0
2019-09-24,-0.0001657982069057696,0.0,0.0,-0.0001657982069057696,0.5993611270887643,0.5993611270887643,0.0
2019-09-25,-0.0013067314119440334,0.0,0.0,-0.0013067314119440334,0.5992946908670126,0.5992946908670126,0.0
2019-09-26,0.0004053568006871815,0.0,0.0,0.0004053568006871815,0.5987703915342285,0.5987703915342285,0.0
2019-09-27,-0.00011727947471347304,0.0,0.0,-0.00011727947471347304,0.598932966783674,0.598932966783674,0.0
2019-09-30,0.0006066068801585974,0.0,0.0,0.0006066068801585974,0.59888592433558,0.59888592433558,0.0
2019-10-01,-0.00042635258004788376,0.0,0.0,-0.00042635258004788376,0.599129095384375,0.599129095384375,0.0
2019-10-02,-0.0003564954203778131,0.0,0.0,-0.0003564954203778131,0.598958110139926,0.598958110139926,0.0
2019-10-03,0.0013824154244413257,0.0,0.0,0.0013824154244413257,0.5988150895566282,0.5988150895566282,0.0
2019-10-04,0.0015798814385264354,4.802095659988327e-07,0.0,0.0015794012289604366,0.5982589916684011,0.5982589916684011,0.0012000397369225577
2019-10-07,-0.0013226530712333504,0.0,0.0,-0.0013226530712333504,0.5988929807970409,0.5988929807970409,0.0
2019-10-08,-0.00019963467098576938,0.0,0.0,-0.00019963467098576938,0.598361752735772,0.598361752735772,0.0
2019-10-09,0.00025830900819887747,0.0,0.0,0.00025830900819887747,0.5982815558063365,0.5982815558063365,0.0
2019-10-10,-0.000902318272804584,0.0,0.0,-0.000902318272804584,0.5983852965020751,0.5983852965020751,0.0
2019-10-11,-0.00020515881678700597,0.0,0.0,-0.00020515881678700597,0.5980225849352073,0.5980225849352073,0.0
2019-10-14,0.0006180056101232938,0.0,0.0,0.0006180056101232938,0.5979400988016002,0.5979400988016002,0.0
2019-10-15,7.592423681991878e-05,0.0,0.0,7.592423681991878e-05,0.5981884206118744,0.5981884206118744,0.0
2019-10-16,-6.910363997505122e-05,0.0,0.0,-6.910363997505122e-05,0.598218925533322,0.598218925533322,0.0
2019-10-17,0.00022720896396633762,0.0,0.0,0.00022720896396633762,0.5981911590798402,0.5981911590798402,0.0
2019-10-18,0.00030710541501314213,2.93063795788966e-07,0.0,0.00030681235121735316,0.5988951508288985,0.5988951508288985,0.0007324241699257478
2019-10-21,-0.0008360551345568267,0.0,0.0,-0.0008360551345568267,0.5990184699787149,0.5990184699787149,0.0
2019-10-22,0.0006523012917536672,0.0,0.0,0.0006523012917536672,0.5986829467957985,0.5986829467957985,0.0
2019-10-23,0.00026552593564339036,0.0,0.0,0.00026552593564339036,0.598944555780128,0.598944555780128,0.0
2019-10-24,0.0004170878738224314,0.0,0.0,0.0004170878738224314,0.5990510181336832,0.5990510181336832,0.0
2019-10-25,-0.00018802670697667554,0.0,0.0,-0.00018802670697667554,0.599218179371116,0.599218179371116,0.0
2019-10-28,-0.0005672640061018513,0.0,0.0,-0.0005672640061018513,0.5991428075132447,0.5991428075132447,0.0
2019-10-29,-0.000702050022435864,0.0,0.0,-0.000702050022435864,0.5989152865919308,0.5989152865919308,0.0
2019-10-30,0.0005633781685451609,0.0,0.0,0.0005633781685451609,0.5986335072366814,0.5986335072366814,0.0
2019-10-31,0.0012055539625582307,0.0,0.0,0.0012055539625582307,0.5988595010363166,0.5988595010363166,0.0
2019-11-01,0.0007759524678192008,9.108752342174893e-08,0.0,0.000775861380295779,0.5992067826614941,0.5992067826614941,0.00022768046652411889
2019-11-04,-0.0006337731642912876,0.0,0.0,-0.0006337731642912876,0.5995175925824209,0.5995175925824209,0.0
2019-11-05,-0.0016372186004465583,0.0,0.0,-0.0016372186004465583,0.5992636166166774,0.5992636166166774,0.0
2019-11-06,0.0005850650505691516,0.0,0.0,0.0005850650505691516,0.5986064476266323,0.5986064476266323,0.0
2019-11-07,-0.001688032344204931,0.0,0.0,-0.001688032344204931,0.5988411516485294,0.5988411516485294,0.0
2019-11-08,9.174394439422141e-05,0.0,0.0,9.174394439422141e-05,0.5981628375211616,0.5981628375211616,0.0
2019-11-11,-1.9182106753280824e-05,0.0,0.0,-1.9182106753280824e-05,0.5981997002655179,0.5981997002655179,0.0
2019-11-12,-3.446500691386158e-05,0.0,0.0,-3.446500691386158e-05,0.5981919927414284,0.5981919927414284,0.0
2019-11-13,0.00018151974076233528,0.0,0.0,0.00018151974076233528,0.5981781439483816,0.5981781439483816,0.0
2019-11-14,0.0012198161562024653,0.0,0.0,0.0012198161562024653,0.5982510693101318,0.5982510693101318,0.0
2019-11-15,0.00032956433951189057,1.7567846137702262e-07,0.0,0.00032938866105051355,0.598748628284626,0.598748628284626,0.0004391023822026767
2019-11-18,-0.00037590837884644124,0.0,0.0,-0.00037590837884644124,0.5988809280371231,0.5988809280371231,0.0
2019-11-19,-0.00038313169542367913,0.0,0.0,-0.00038313169542367913,0.5987300873147656,0.5987300873147656,0.0
2019-11-20,0.0003739518217095075,0.0,0.0,0.0003739518217095075,0.5985762891678513,0.5985762891678513,0.0
2019-11-21,-0.0002354232240649359,0.0,0.0,-0.0002354232240649359,0.5987263461817008,0.5987263461817008,0.0
2019-11-22,0.0008990959347522436,0.0,0.0,0.0008990959347522436,0.5986318547989207,0.5986318547989207,0.0
2019-11-25,0.000665880090706452,0.0,0.0,0.000665880090706452,0.5989923991026921,0.5989923991026921,0.0
2019-11-26,0.0007920587135993905,0.0,0.0,0.0007920587135993905,0.5992592443933851,0.5992592443933851,0.0
2019-11-27,-6.0189173966379946e-05,0.0,0.0,-6.0189173966379946e-05,0.5995764033922092,0.5995764033922092,0.0
2019-11-29,-0.0006313691950987033,0.0,0.0,-0.0006313691950987033,0.5995523007759761,0.5995523007759761,0.0
2019-12-02,-0.0010911051913508978,3.831067663164268e-07,0.0,-0.0010914882981172141,0.5991572734398106,0.5991572734398106,0.0009575263319716296
2019-12-03,0.0012602865522598648,0.0,0.0,0.0012602865522598648,0.5987196637553014,0.5987196637553014,0.0
2019-12-04,0.000294359447478634,0.0,0.0,0.000294359447478634,0.5992247554065411,0.5992247554065411,0.0
2019-12-05,0.0003387514310879565,0.0,0.0,0.0003387514310879565,0.5993426926701552,0.5993426926701552,0.0
2019-12-06,0.00019568137274688247,0.0,0.0,0.00019568137274688247,0.5994783699455176,0.5994783699455176,0.0
2019-12-09,0.00032940418472636755,0.0,0.0,0.00032940418472636755,0.5995567292344485,0.5995567292344485,0.0
2019-12-10,0.0002121919725859241,0.0,0.0,0.0002121919725859241,0.5996885934869474,0.5996885934869474,0.0
2019-12-11,0.0015176504197330076,0.0,0.0,0.0015176504197330076,0.5997735183335734,0.5997735183335734,0.0
2019-12-12,-0.00046587170237961543,0.0,0.0,-0.00046587170237961543,0.6003800017915881,0.6003800017915881,0.0
2019-12-13,0.0013520439875100833,0.0,0.0,0.0013520439875100833,0.6001937433701899,0.6001937433701899,0.0
2019-12-16,-0.0001317884451172738,8.585561877265149e-07,0.0,-0.00013264700130500033,0.6000000000665086,0.6000000000665086,0.002145483410323106
2019-12-17,0.0006807026706616882,0.0,0.0,0.0006807026706616882,0.5999477928970585,0.5999477928970585,0.0
2019-12-18,0.00030275563504813505,0.0,0.0,0.00030275563504813505,0.6002199242622906,0.6002199242622906,0.0
2019-12-19,-0.00023229969734885658,0.0,0.0,-0.00023229969734885658,0.6003409232998598,0.6003409232998598,0.0
2019-12-20,-7.289419275736626e-06,0.0,0.0,-7.289419275736626e-06,0.6002480610454259,0.6002480610454259,0.0
2019-12-23,0.00019149831582892854,0.0,0.0,0.00019149831582892854,0.6002451470646953,0.6002451470646953,0.0
2019-12-24,0.0005032285328222415,0.0,0.0,0.0005032285328222415,0.6003216847889318,0.6003216847889318,0.0
2019-12-26,0.0005504778954570256,0.0,0.0,0.0005504778954570256,0.6005227131578852,0.6005227131578852,0.0
2019-12-27,0.00043589917606664613,0.0,0.0,0.00043589917606664613,0.6007424955886588,0.6007424955886588,0.0
2019-12-30,7.329335717412594e-06,0.0,0.0,7.329335717412594e-06,0.6009164557767676,0.6009164557767676,0.0
2019-12-31,-0.0004034642900084583,5.776542982700668e-07,0.0,-0.00040404194430672836,0.6000000005218112,0.6000000005218112,0.001443540633141907
2020-01-02,0.0009219495948979896,0.0,0.0,0.0009219495948979896,0.599838896305737,0.599838896305737,0.0
2020-01-03,0.0004293395105123414,0.0,0.0,0.0004293395105123414,0.6002074848531199,0.6002074848531199,0.0
2020-01-06,-0.000587867976353106,0.0,0.0,-0.000587867976353106,0.6003790579127859,0.6003790579127859,0.0
2020-01-07,-0.0001387463905229015,0.0,0.0,-0.0001387463905229015,0.6001439953725131,0.6001439953725131,0.0
2020-01-08,0.0002045790851887468,0.0,0.0,0.0002045790851887468,0.6000885090966216,0.6000885090966216,0.0
2020-01-09,0.0008116880881345953,0.0,0.0,0.0008116880881345953,0.6001703058896739,0.6001703058896739,0.0
2020-01-10,0.0003643572111791828,0.0,0.0,0.0003643572111791828,0.6004945796804925,0.6004945796804925,0.0
2020-01-13,-0.00019196705612956573,0.0,0.0,-0.00019196705612956573,0.6006400893437959,0.6006400893437959,0.0
2020-01-14,0.00022141034401248295,0.0,0.0,0.00022141034401248295,0.6005634106776333,0.6005634106776333,0.0
2020-01-15,0.0007778409237304198,4.210072750925566e-07,0.0,0.0007774199164553272,0.6000000000543458,0.6000000000543458,0.0010522087057982799
2020-01-16,0.00046520392708767174,0.0,0.0,0.00046520392708767174,0.6003111471362222,0.6003111471362222,0.0
2020-01-17,-0.0003053904702293804,0.0,0.0,-0.0003053904702293804,0.6004969975018678,0.6004969975018678,0.0
2020-01-21,0.00035378537970543616,0.0,0.0,0.00035378537970543616,0.6003749558217107,0.6003749558217107,0.0
2020-01-22,0.00038057906442363426,0.0,0.0,0.00038057906442363426,0.6005162873186878,0.6005162873186878,0.0
2020-01-23,-0.0002223117325600879,0.0,0.0,-0.0002223117325600879,0.6006682646169346,0.6006682646169346,0.0
2020-01-24,-0.00022888803308116396,0.0,0.0,-0.00022888803308116396,0.6005794687466116,0.6005794687466116,0.0
2020-01-27,-0.00032913237323090543,0.0,0.0,-0.00032913237323090543,0.6004880252365157,0.6004880252365157,0.0
2020-01-28,0.0011553585424143884,0.0,0.0,0.0011553585424143884,0.6003564896194978,0.6003564896194978,0.0
2020-01-29,0.0010531900710928643,0.0,0.0,0.0010531900710928643,0.6008176883132856,0.6008176883132856,0.0
2020-01-30,3.634048064286787e-05,1.0091719886546553e-06,1.3201337265224011e-14,3.533130864101187e-05,0.599203998225622,0.5992039977437732,0.0025215948075726496
2020-01-31,0.0003816495428629608,0.0,1.3168921083899307e-14,0.0003816495428497919,0.5992191675077476,0.5992191670270824,0.0
2020-02-03,-0.00011056170718341246,0.0,3.9128496561115606e-14,-0.00011056170722254095,0.599372066970834,0.5993720664947706,0.0
2020-02-04,-5.7743281217922585e-05,0.0,1.3031885290611708e-14,-5.774328123095447e-05,0.5993277679644103,0.5993277674887467,0.0
2020-02-05,0.00024500902758780706,0.0,1.3134476381821474e-14,0.0002450090275746726,0.5993046305027315,0.5993046300233233,0.0
2020-02-06,0.00026743187306620147,0.0,1.3209008821360708e-14,0.00026743187305299247,0.5994027804407966,0.5994027799586678,0.0
2020-02-07,0.00048588492153156515,0.0,1.3221871997429596e-14,0.0004858849215183433,0.5995098842631991,0.5995098837806009,0.0
2020-02-10,0.0004875004229738184,0.0,3.9463353506671664e-14,0.00048750042293435505,0.599704381865986,0.5997043813858484,0.0
2020-02-11,-0.00012276132237501393,0.0,1.3160029924718772e-14,-0.00012276132238817395,0.5998994310630362,0.5998994305826952,0.0
2020-02-12,0.00025574316775862373,0.0,1.3208245258686312e-14,0.0002557431677454155,0.5998503081594265,0.5998503076773255,0.0
2020-02-13,2.5541431057021625e-05,4.3489573834564287e-07,1.1971831685959847e-14,2.5106535306704152e-05,0.600000000460202,0.6000000000232301,0.0010869164957056842
2020-02-14,0.0008075030613320099,0.0,1.1963731556240914e-14,0.0008075030613200462,0.6000104777067314,0.6000104772700551,0.0
2020-02-18,0.00021544750794668126,0.0,4.784876992864248e-14,0.0002154475078988325,0.6003332098635829,0.6003332094269628,0.0
2020-02-19,0.00019558848538186888,0.0,1.2002313650958151e-14,0.00019558848536986657,0.6004192985315254,0.600419298093441,0.0
2020-02-20,0.0007193081749306104,0.0,1.2038827227070513e-14,0.0007193081749185715,0.6004974366342263,0.6004974361948088,0.0
2020-02-21,0.0007043534745613051,0.0,1.1988175455822308e-14,0.000704353474549317,0.6007845955366882,0.6007845950991194,0.0
2020-02-24,-0.0009090839716032785,0.0,3.581214315358391e-14,-0.0009090839716390907,0.6010655863755067,0.6010655859397923,0.0
2020-02-25,-0.0010083828395403176,0.0,1.1708954923306244e-14,-0.0010083828395520266,0.6007025914928257,0.6007025910654485,0.0
2020-02-26,-0.00027533124730159096,0.0,1.1519392051004602e-14,-0.00027533124731311034,0.6002995404010737,0.6002995399806158,0.0
2020-02-27,-0.002916369854836435,0.0,1.1470615219139818e-14,-0.0029163698548479054,0.6001894600645402,0.6001894596458628,0.0
2020-02-28,0.0015388627587800763,1.178250250736741e-06,1.1224800853406526e-14,0.0015376845085181149,0.5960760762588783,0.5960760758491731,0.0029439779693063535
2020-03-02,0.0015656830406991038,0.0,3.329892035991689e-14,0.001565683040665805,0.5966974066552262,0.5966974062500894,0.0
2020-03-03,0.002409437047546307,0.0,1.1314000146538417e-14,0.0024094370475349933,0.5973278635986425,0.5973278631856817,0.0
2020-03-04,0.002167899195976871,0.0,1.1235483010392908e-14,0.0021678991959656357,0.5982957447116203,0.5982957443015253,0.0
2020-03-05,-0.0018261489370283402,0.0,1.1393822871878026e-14,-0.001826148937039734,0.5991647152099236,0.5991647147940491,0.0
2020-03-06,-0.0006680579780814995,0.0,1.1231489910078731e-14,-0.0006680579780927309,0.5984313911149973,0.598431390705048,0.0
2020-03-09,-0.013418742598346124,0.0,3.328799966138695e-14,-0.013418742598379411,0.5981629406564049,0.5981629402514008,0.0
2020-03-10,-0.0013398936914892992,0.0,1.0689542100267777e-14,-0.0013398936914999888,0.5926974525930487,0.5926974522028804,0.0
2020-03-11,-0.011184604909364813,0.0,1.0950671035842458e-14,-0.011184604909375765,0.5921509782707558,0.592150977871056,0.0
2020-03-12,-0.01772204754116715,0.0,1.0705610039426097e-14,-0.017722047541177857,0.5875377509619281,0.5875377505711732,0.0
2020-03-13,0.011794264140573498,3.660362451082651e-06,1.0222564753885891e-14,0.011790603778112193,0.570950356394981,0.5709503560218575,0.009145839361218188
2020-03-16,-0.011804486019721989,0.0,3.1452042797808455e-14,-0.011804486019753441,0.5759537777615165,0.57595377737885,0.0
2020-03-17,-0.0035557277903718845,0.0,9.80043261500755e-15,-0.003555727790381685,0.5708883350829482,0.5708883347252324,0.0
2020-03-18,-0.02274890999172196,0.0,1.00320704037736e-14,-0.022748909991731993,0.5693570861134735,0.5693570857473029,0.0
2020-03-19,-0.006474034424834536,0.0,9.759710811833217e-15,-0.006474034424844295,0.5593323780269017,0.5593323776706726,0.0
2020-03-20,0.00336808547242845,0.0,9.930147001588757e-15,0.00336808547241852,0.5564608905675555,0.5564608902051054,0.0
2020-03-23,0.007237014023277253,0.0,2.9372059359934405e-14,0.007237014023247881,0.5579497535767359,0.5579497532193762,0.0
2020-03-24,0.00990910272866405,0.0,9.657722876575837e-15,0.009909102728654393,0.5611258916510254,0.5611258912985183,0.0
2020-03-25,0.014719419282194252,0.0,1.0058319782708459e-14,0.014719419282184194,0.5654320699309278,0.5654320695637992,0.0
2020-03-26,0.009011975289140163,0.0,1.0062448008268606e-14,0.0090119752891301,0.5717358692406614,0.5717358688733823,0.0
2020-03-27,-0.003142197466075545,9.475905403365474e-07,8.453757083979316e-16,-0.003143145056616727,0.5752592845553222,0.5752592845244661,0.0023626696076291197
2020-03-30,0.002162594581457296,0.0,2.5164034475464187e-15,0.0021625945814547796,0.5739210040556966,0.5739210040250804,0.0
2020-03-31,-0.002429047430338962,0.0,8.495977516473181e-16,-0.0024290474303398117,0.5748404517913702,0.5748404517603597,0.0
2020-04-01,-0.008408856453984948,0.0,8.433594514002523e-16,-0.008408856453985791,0.573805204418036,0.573805204387253,0.0
2020-04-02,0.002732267260100973,0.0,8.326557920258676e-16,0.0027322672601001402,0.5701910022527019,0.57019100222231,0.0
2020-04-03,-0.0027476357002360076,0.0,8.399908797248381e-16,-0.0027476357002368477,0.5713621554022884,0.5713621553716286,0.0
2020-04-06,0.006856577355574105,0.0,2.496750376630576e-15,0.006856577355571608,0.5701811698395403,0.5701811698091632,0.0
2020-04-07,0.0012496908246075497,0.0,8.571916859432122e-16,0.0012496908246066925,0.5731081865818298,0.5731081865505422,0.0
2020-04-08,0.004881823965376309,0.0,8.549188617691639e-16,0.004881823965375454,0.5736410035076914,0.573641003476487,0.0
2020-04-09,0.01386878087359964,0.0,8.646839468854951e-16,0.013868780873598776,0.57571230136362,0.575712301332059,0.0
2020-04-13,-0.0025855176271665998,2.4667490753017956e-06,0.0,-0.0025879843762419016,0.5822311388492195,0.5822311388492195,0.006159144501586889
2020-04-14,0.0007196832486770946,0.0,0.0,0.0007196832486770946,0.5811496273779659,0.5811496273779659,0.0
2020-04-15,-0.00144366190133651,0.0,0.0,-0.00144366190133651,0.5814508501898322,0.5814508501898322,0.0
2020-04-16,-0.001384050252665609,0.0,0.0,-0.001384050252665609,0.5808457331439896,0.5808457331439896,0.0
2020-04-17,0.0013359347922147445,0.0,0.0,0.0013359347922147445,0.5802647985323457,0.5802647985323457,0.0
2020-04-20,-0.0029135089734593227,0.0,0.0,-0.0029135089734593227,0.58082478928038,0.58082478928038,0.0
2020-04-21,-0.003750697379463502,0.0,0.0,-0.003750697379463502,0.579599949962152,0.579599949962152,0.0
2020-04-22,0.0008100556661159966,0.0,0.0,0.0008100556661159966,0.5780172202559873,0.5780172202559873,0.0
2020-04-23,0.0003251826311743899,0.0,0.0,0.0003251826311743899,0.578358773120889,0.578358773120889,0.0
2020-04-24,-0.0013635999722015051,0.0,0.0,-0.0013635999722015051,0.5784958389530293,0.5784958389530293,0.0
2020-04-27,-0.0006167584165168154,8.395801444598521e-07,0.0,-0.0006175979966612752,0.5758216527996775,0.5758216527996775,0.0020986382739930504
2020-04-28,0.00101692850455775,0.0,0.0,0.00101692850455775,0.5755603593080268,0.5755603593080268,0.0
2020-04-29,0.003648823021146772,0.0,0.0,0.003648823021146772,0.5759915455914884,0.5759915455914884,0.0
2020-04-30,-0.0001829001977635406,0.0,0.0,-0.0001829001977635406,0.5775330527144177,0.5775330527144177,0.0
2020-05-01,-0.0020735663955711546,0.0,0.0,-0.0020735663955711546,0.5774557692910572,0.5774557692910572,0.0
2020-05-04,0.00028438048472902416,0.0,0.0,0.00028438048472902416,0.5765777751945627,0.5765777751945627,0.0
2020-05-05,0.0018568710438283086,0.0,0.0,0.0018568710438283086,0.5766981539787208,0.5766981539787208,0.0
2020-05-06,-0.0018995109383099572,0.0,0.0,-0.0018995109383099572,0.5774827140924395,0.5774827140924395,0.0
2020-05-07,0.00160789633938823,0.0,0.0,0.00160789633938823,0.5766786104826306,0.5766786104826306,0.0
2020-05-08,0.0008447849492449255,0.0,0.0,0.0008447849492449255,0.5773581747263604,0.5773581747263604,0.0
2020-05-11,-0.0007777382597802564,3.1269001628482434e-07,0.0,-0.0007780509497965412,0.5784965821372205,0.5784965821372205,0.0007816673266013397
2020-05-12,0.0008445210228961308,0.0,0.0,0.0008445210228961308,0.5781686885747285,0.5781686885747285,0.0
2020-05-13,-0.000736279096431741,0.0,0.0,-0.000736279096431741,0.5785246333824697,0.5785246333824697,0.0
2020-05-14,0.001102555629371392,0.0,0.0,0.001102555629371392,0.5782140812273081,0.5782140812273081,0.0
2020-05-15,0.0010349658314537623,0.0,0.0,0.0010349658314537623,0.5786786114959779,0.5786786114959779,0.0
2020-05-18,0.0036620537032654773,0.0,0.0,0.0036620537032654773,0.5791142139035322,0.5791142139035322,0.0
2020-05-19,0.000648283393488083,0.0,0.0,0.000648283393488083,0.5806498965030082,0.5806498965030082,0.0
2020-05-20,0.003947102281629257,0.0,0.0,0.003947102281629257,0.5809215780845052,0.5809215780845052,0.0
2020-05-21,6.827375238333352e-05,0.0,0.0,6.827375238333352e-05,0.5825692200683955,0.5825692200683955,0.0
2020-05-22,9.708505715732744e-05,0.0,0.0,9.708505715732744e-05,0.5825977176884622,0.5825977176884622,0.0
2020-05-26,0.001207481908409545,7.952701836417158e-07,0.0,0.0012066866382259031,0.5846261275064968,0.5846261275064968,0.001987890373089367
2020-05-27,0.0009185942022970518,0.0,0.0,0.0009185942022970518,0.5851275438261135,0.5851275438261135,0.0
2020-05-28,-0.0001369450357138353,0.0,0.0,-0.0001369450357138353,0.5855082935046002,0.5855082935046002,0.0
2020-05-29,0.0017439172489474447,0.0,0.0,0.0017439172489474447,0.5854515231486327,0.5854515231486327,0.0
2020-06-01,0.0011049805444655232,0.0,0.0,0.0011049805444655232,0.5861732028382797,0.5861732028382797,0.0
2020-06-02,0.002081848154793268,0.0,0.0,0.002081848154793268,0.5866299686805526,0.5866299686805526,0.0
2020-06-03,0.000570507588794624,0.0,0.0,0.000570507588794624,0.5874887544559201,0.5874887544559201,0.0
2020-06-04,-0.0011131078282839606,0.0,0.0,-0.0011131078282839606,0.5877239610648106,0.5877239610648106,0.0
2020-06-05,0.0020433467743671677,0.0,0.0,0.0020433467743671677,0.5872645419954956,0.5872645419954956,0.0
2020-06-08,0.001179340304792379,0.0,0.0,0.001179340304792379,0.5881061838960134,0.5881061838960134,0.0
2020-06-09,-0.000893763503723457,8.048715055564986e-07,0.0,-0.0008945683752290135,0.5906032355131287,0.5906032355131287,0.002011860843524023
2020-06-10,0.0006367372919818554,0.0,0.0,0.0006367372919818554,0.5902374797927027,0.5902374797927027,0.0
2020-06-11,-0.005794268397829581,0.0,0.0,-0.005794268397829581,0.5904982248440774,0.5904982248440774,0.0
2020-06-12,0.0024304111339968045,0.0,0.0,0.0024304111339968045,0.5881116330962936,0.5881116330962936,0.0
2020-06-15,0.002994329905385718,0.0,0.0,0.002994329905385718,0.5891102640853058,0.5891102640853058,0.0
2020-06-16,0.00038847024518814716,0.0,0.0,0.00038847024518814716,0.5903369304655448,0.5903369304655448,0.0
2020-06-17,-0.0005638202496980939,0.0,0.0,-0.0005638202496980939,0.59049601058072,0.59049601058072,0.0
2020-06-18,7.195667831963097e-05,0.0,0.0,7.195667831963097e-05,0.5902649936871507,0.5902649936871507,0.0
2020-06-19,2.0093018518941208e-05,0.0,0.0,2.0093018518941208e-05,0.5902944747358381,0.5902944747358381,0.0
2020-06-22,0.00014680735558241772,0.0,0.0,0.00014680735558241772,0.5903027067911375,0.5903027067911375,0.0
2020-06-23,0.00013394649802931337,3.615303597721237e-07,0.0,0.00013358496766954124,0.5894600421628315,0.5894600421628315,0.0009028023758475834
2020-06-24,-0.0016375520635985054,0.0,0.0,-0.0016375520635985054,0.5895152382868135,0.5895152382868135,0.0
2020-06-25,0.0003227722847747242,0.0,0.0,0.0003227722847747242,0.5888419455663106,0.5888419455663106,0.0
2020-06-26,-0.0009127507639151755,0.0,0.0,-0.0009127507639151755,0.5889746131695183,0.5889746131695183,0.0
2020-06-29,7.857098952292507e-05,0.0,0.0,7.857098952292507e-05,0.5885991066898739,0.5885991066898739,0.0
2020-06-30,0.0014639844929567331,0.0,0.0,0.0014639844929567331,0.5886314283256091,0.5886314283256091,0.0
2020-07-01,0.0009333587273417868,0.0,0.0,0.0009333587273417868,0.5892327851583525,0.5892327851583525,0.0
2020-07-02,0.0016806909903289517,0.0,0.0,0.0016806909903289517,0.5896158208135589,0.5896158208135589,0.0
2020-07-06,0.001453171321609423,0.0,0.0,0.001453171321609423,0.5903043925298116,0.5903043925298116,0.0
2020-07-07,-0.0009878288197399726,0.0,0.0,-0.0009878288197399726,0.5908988865355368,0.5908988865355368,0.0
2020-07-08,0.0004879488351505129,6.7505323968782e-07,0.0,0.0004872737819108251,0.5896530784803096,0.5896530784803096,0.0016850850488986657
2020-07-09,3.9154374031897067e-05,0.0,0.0,3.9154374031897067e-05,0.5898536071175462,0.5898536071175462,0.0
2020-07-10,0.0001745115830783963,0.0,0.0,0.0001745115830783963,0.5898696655140645,0.5898696655140645,0.0
2020-07-13,-0.000986748161129132,0.0,0.0,-0.000986748161129132,0.5899412255199541,0.5899412255199541,0.0
2020-07-14,0.001819366058285215,0.0,0.0,0.001819366058285215,0.5895362011212002,0.5895362011212002,0.0
2020-07-15,0.0012070969235110885,0.0,0.0,0.0012070969235110885,0.5902816288191824,0.5902816288191824,0.0
2020-07-16,0.0006632734073501846,0.0,0.0,0.0006632734073501846,0.5907756023306349,0.5907756023306349,0.0
2020-07-17,0.0008067625603615723,0.0,0.0,0.0008067625603615723,0.591046850079829,0.591046850079829,0.0
2020-07-20,0.0016906004194068354,0.0,0.0,0.0016906004194068354,0.5913765122110616,0.5913765122110616,0.0
2020-07-21,0.0011272641039563188,0.0,0.0,0.0011272641039563188,0.5920661653230567,0.5920661653230567,0.0
2020-07-22,0.0009135013802299074,9.364194360598241e-07,0.0,0.0009125649607938475,0.5928952091412665,0.5928952091412665,0.0023390827139004172
2020-07-23,6.375922968970592e-05,0.0,0.0,6.375922968970592e-05,0.5932673155569348,0.5932673155569348,0.0
2020-07-24,-2.8671754887094827e-05,0.0,0.0,-2.8671754887094827e-05,0.5932932468662241,0.5932932468662241,0.0
2020-07-27,2.2177719227764654e-05,0.0,0.0,2.2177719227764654e-05,0.5932815855355366,0.5932815855355366,0.0
2020-07-28,-0.0006508290138097145,0.0,0.0,-0.0006508290138097145,0.5932906054222966,0.5932906054222966,0.0
2020-07-29,0.0017663679381195827,0.0,0.0,0.0017663679381195827,0.5930257347626063,0.5930257347626063,0.0
2020-07-30,0.00015430029318135258,0.0,0.0,0.00015430029318135258,0.5937433335129364,0.5937433335129364,0.0
2020-07-31,0.0006621183493974721,0.0,0.0,0.0006621183493974721,0.59380600936478,0.59380600936478,0.0
2020-08-03,0.0005743330728683188,0.0,0.0,0.0005743330728683188,0.5940747799014903,0.5940747799014903,0.0
2020-08-04,0.0009391503686518642,0.0,0.0,0.0009391503686518642,0.5943077823594868,0.5943077823594868,0.0
2020-08-05,0.0004273692379893442,2.4574718606430617e-06,0.0,0.00042491176612870115,0.6000000000803895,0.6000000000803895,0.006115692310685716
2020-08-06,0.0010787917329078541,0.0,0.0,0.0010787917329078541,0.6001723490255725,0.6001723490255725,0.0
2020-08-07,-0.00073948458912571,0.0,0.0,-0.00073948458912571,0.6006032149754073,0.6006032149754073,0.0
2020-08-10,-6.3845275103627305e-06,0.0,0.0,-6.3845275103627305e-06,0.600307648641186,0.600307648641186,0.0
2020-08-11,-0.0017493988002558055,0.0,0.0,-0.0017493988002558055,0.6003050967780805,0.6003050967780805,0.0
2020-08-12,-0.0004340337445362983,0.0,0.0,-0.0004340337445362983,0.5996046456255097,0.5996046456255097,0.0
2020-08-13,-0.0014980317009977973,0.0,0.0,-0.0014980317009977973,0.5994307850692076,0.5994307850692076,0.0
2020-08-14,-0.0011254055599768575,0.0,0.0,-0.0011254055599768575,0.5988298194212054,0.5988298194212054,0.0
2020-08-17,0.0008937866468261944,0.0,0.0,0.0008937866468261944,0.598377831599878,0.598377831599878,0.0
2020-08-18,0.0003117642919077529,0.0,0.0,0.0003117642919077529,0.5987364755798631,0.5987364755798631,0.0
2020-08-19,-0.000993063999622895,1.0368806660562236e-06,0.0,-0.0009941008802889513,0.6000000004658835,0.6000000004658835,0.0025846075402897323
2020-08-20,0.000635297757231599,0.0,0.0,0.000635297757231599,0.5996030023387092,0.5996030023387092,0.0
2020-08-21,0.00049845944145126,0.0,0.0,0.00049845944145126,0.5998572121543999,0.5998572121543999,0.0
2020-08-24,0.0006373066720589169,0.0,0.0,0.0006373066720589169,0.6000565677342591,0.6000565677342591,0.0
2020-08-25,-0.0009666284278723092,0.0,0.0,-0.0009666284278723092,0.600311292014605,0.600311292014605,0.0
2020-08-26,-0.00030385315955877844,0.0,0.0,-0.00030385315955877844,0.599924567728478,0.599924567728478,0.0
2020-08-27,-0.0017688999544596704,0.0,0.0,-0.0017688999544596704,0.599802966595432,0.599802966595432,0.0
2020-08-28,0.0014879479570087152,0.0,0.0,0.0014879479570087152,0.5990938036429536,0.5990938036429536,0.0
2020-08-31,0.00044781684513759,0.0,0.0,0.00044781684513759,0.5996894449155604,0.5996894449155604,0.0
2020-09-01,0.0018633603547285574,0.0,0.0,0.0018633603547285574,0.5998686304830981,0.5998686304830981,0.0
2020-09-02,0.0009212529548629153,4.7292687115161315e-07,0.0,0.0009207800279917637,0.6000000003331851,0.6000000003331851,0.0011807852013680088
2020-09-03,-0.0012150899041088758,0.0,0.0,-0.0012150899041088758,0.6003684460135222,0.6003684460135222,0.0
2020-09-04,-0.0019349684764771184,0.0,0.0,-0.0019349684764771184,0.5998822669956937,0.5998822669956937,0.0
2020-09-08,-0.0008307488678365009,0.0,0.0,-0.0008307488678365009,0.5991065508090833,0.5991065508090833,0.0
2020-09-09,0.0013943508042846182,0.0,0.0,0.0013943508042846182,0.598773232125926,0.598773232125926,0.0
2020-09-10,-0.0007673084282621243,0.0,0.0,-0.0007673084282621243,0.5993319040078239,0.5993319040078239,0.0
2020-09-11,0.00042341647092693257,0.0,0.0,0.00042341647092693257,0.5990242319214484,0.5990242319214484,0.0
2020-09-14,0.0001695560883412106,0.0,0.0,0.0001695560883412106,0.5991939398089805,0.5991939398089805,0.0
2020-09-15,0.0006435292876121646,0.0,0.0,0.0006435292876121646,0.5992618873958029,0.5992618873958029,0.0
2020-09-16,-0.0001894952439840175,0.0,0.0,-0.0001894952439840175,0.5995196082570041,0.5995196082570041,0.0
2020-09-17,-0.0004873045338807668,4.551881651530693e-07,1.3179866898865964e-17,-0.000487759722045933,0.6000000003397064,0.6000000003392252,0.0011362140352983352
2020-09-18,-0.0008838257830771998,0.0,1.3139146298959722e-17,-0.000883825783077213,0.5998052566510897,0.5998052566506101,0.0
2020-09-21,-0.0019032612162222223,0.0,3.9499504240564264e-17,-0.0019032612162222617,0.5994512413307989,0.5994512413303184,0.0
2020-09-22,0.0002744512462110342,0.0,1.3286174266697364e-17,0.0002744512462110209,0.598687438697292,0.5986874386968071,0.0
2020-09-23,-0.0032095087201109095,0.0,1.3329794127014272e-17,-0.003209508720110923,0.5987975492098961,0.5987975492094096,0.0
2020-09-24,0.00012950047475540787,0.0,1.3446481706024361e-17,0.00012950047475539442,0.597505740373834,0.5975057403733433,0.0
2020-09-25,0.0003739656976969201,0.0,1.3423668004118944e-17,0.0003739656976969067,0.5975578568224365,0.5975578568219464,0.0
2020-09-28,0.0014837477963201549,0.0,4.036653859587244e-17,0.0014837477963201146,0.5977083001186616,0.5977083001181704,0.0
2020-09-29,-0.0002397344369513737,0.0,1.3393508498014889e-17,-0.0002397344369513871,0.5983043152057647,0.5983043152052757,0.0
2020-09-30,0.0006798242645145542,0.0,1.3333603311383182e-17,0.0006798242645145409,0.598207991824911,0.5982079918244243,0.0
2020-10-01,0.0007505039819411289,1.5198878485269252e-06,3.3102863975409614e-17,0.0007489840940925689,0.6000000020460218,0.6000000020448136,0.003795001015885208
2020-10-02,-0.0003338578094727184,0.0,3.302589641923827e-17,-0.00033385780947275143,0.6003008902095245,0.600300890208319,0.0
2020-10-05,0.0005891714368871787,0.0,9.93457362701079e-17,0.0005891714368870793,0.6001674029745286,0.6001674029733198,0.0
2020-10-06,-0.00026803072777568986,0.0,3.2952248279112273e-17,-0.0002680307277757228,0.6004028342108676,0.6004028342096648,0.0
2020-10-07,0.00039924781076993245,0.0,3.3052423251992e-17,0.0003992478107698994,0.600295701176762,0.6002957011755556,0.0
2020-10-08,0.0013654695541177686,0.0,3.3000098029511057e-17,0.0013654695541177357,0.6004552185560568,0.6004552185548522,0.0
2020-10-09,0.0007359204039349118,0.0,3.2942081445835367e-17,0.0007359204039348789,0.6010000408523667,0.6010000408511643,0.0
2020-10-12,0.0013550731706767386,0.0,9.816782859747559e-17,0.0013550731706766404,0.6012934571324381,0.6012934571312437,0.0
2020-10-13,-0.0007558053716327774,0.0,3.263933145191775e-17,-0.00075580537163281,0.6018330025481329,0.6018330025469416,0.0
2020-10-14,-0.00016491088051570228,0.0,3.2859146470622035e-17,-0.00016491088051573513,0.6015318381710049,0.6015318381698056,0.0
2020-10-15,-0.0005957587114057439,1.2101653443596965e-06,0.0,-0.0005969688767501036,0.6000000000843498,0.6000000000843498,0.0030229047519819553
2020-10-16,-9.310950418760077e-05,0.0,0.0,-9.310950418760077e-05,0.5997622807880231,0.5997622807880231,0.0
2020-10-19,-0.001117020238026973,0.0,0.0,-0.001117020238026973,0.5997250113822943,0.5997250113822943,0.0
2020-10-20,0.00013106715864051228,0.0,0.0,0.00013106715864051228,0.5992773961239298,0.5992773961239298,0.0
2020-10-21,-0.000779175211267718,0.0,0.0,-0.000779175211267718,0.5993299108140716,0.5993299108140716,0.0
2020-10-22,-0.0004577447001117279,0.0,0.0,-0.0004577447001117279,0.5990174751705729,0.5990174751705729,0.0
2020-10-23,0.0008313862863150141,0.0,0.0,0.0008313862863150141,0.5988338434885656,0.5988338434885656,0.0
2020-10-26,-0.0009659809132602948,0.0,0.0,-0.0009659809132602948,0.5991670904726506,0.5991670904726506,0.0
2020-10-27,0.0011709153085895086,0.0,0.0,0.0011709153085895086,0.5987795191461366,0.5987795191461366,0.0
2020-10-28,-0.002251318200298036,0.0,0.0,-0.002251318200298036,0.5992487649022488,0.5992487649022488,0.0
2020-10-29,-3.690647338383008e-05,1.3164430355470392e-06,0.0,-3.822291641937712e-05,0.600000000108796,0.600000000108796,0.003288934901421425
2020-10-30,-0.0006579380408593562,0.0,0.0,-0.0006579380408593562,0.5999860268511693,0.5999860268511693,0.0
2020-11-02,0.0009452022916086844,0.0,0.0,0.0009452022916086844,0.5997226691683215,0.5997226691683215,0.0
2020-11-03,0.001658545023498744,0.0,0.0,0.001658545023498744,0.6001006549456797,0.6001006549456797,0.0
2020-11-04,0.004870506988912898,0.0,0.0,0.004870506988912898,0.6007628078039919,0.6007628078039919,0.0
2020-11-05,0.0011768779239934434,0.0,0.0,0.0011768779239934434,0.6026978706019354,0.6026978706019354,0.0
2020-11-06,-0.001021645721204179,0.0,0.0,-0.001021645721204179,0.6031648970740344,0.6031648970740344,0.0
2020-11-09,0.00033690633770980146,0.0,0.0,0.00033690633770980146,0.6027590575649086,0.6027590575649086,0.0
2020-11-10,-0.0005502352367811789,0.0,0.0,-0.0005502352367811789,0.6028928454820153,0.6028928454820153,0.0
2020-11-11,0.0005898469742592945,0.0,0.0,0.0005898469742592945,0.6026742228389401,0.6026742228389401,0.0
2020-11-12,-0.00040594869276875187,2.3870946916539995e-06,1.4480707625283479e-15,-0.00040833578746185393,0.5999999996493939,0.5999999995965394,0.005955866795680315
2020-11-13,0.0009436105505935199,0.0,1.4376376223053275e-15,0.0009436105505920822,0.5998389866811996,0.5998389866287259,0.0
2020-11-16,0.0010608493862853435,0.0,4.333371102160377e-15,0.0010608493862810102,0.6002162268677831,0.60021622681506,0.0
2020-11-17,0.00034454669994269207,0.0,1.4610784639007627e-15,0.000344546699941231,0.6006398877983846,0.6006398877450554,0.0
2020-11-18,7.864034919588994e-05,0.0,1.4637325651391067e-15,7.864034919442622e-05,0.600777438614569,0.6007774385611426,0.0
2020-11-19,0.0013855419380724848,0.0,1.4582969757076597e-15,0.0013855419380710266,0.6008088311472902,0.6008088310940624,0.0
2020-11-20,-6.178734149259291e-05,0.0,1.461378603215957e-15,-6.178734149405429e-05,0.6013611619757048,0.6013611619223642,0.0
2020-11-23,0.00023668636000256078,0.0,4.39505744939817e-15,0.00023668635999816572,0.60133652961985,0.6013365295663768,0.0
2020-11-24,0.00013882490828971366,0.0,1.4778224123841964e-15,0.00013882490828823584,0.6014308654979874,0.6014308654440469,0.0
2020-11-25,-2.7898596539189373e-05,0.0,1.4990308212089217e-15,-2.7898596540688405e-05,0.6014861891420145,0.6014861890873,0.0
2020-11-27,0.0009252146839743917,8.200044324700453e-07,0.0,0.0009243946795419217,0.6000000003700581,0.6000000003700581,0.002049820163812412
2020-11-30,-3.85845000555553e-07,0.0,0.0,-3.85845000555553e-07,0.6003702360021167,0.6003702360021167,0.0
2020-12-01,-2.309776656822242e-05,0.0,0.0,-2.309776656822242e-05,0.6003700818069108,0.6003700818069108,0.0
2020-12-02,2.8446249448923467e-05,0.0,0.0,2.8446249448923467e-05,0.6003608510351365,0.6003608510351365,0.0
2020-12-03,0.0010385470391374356,0.0,0.0,0.0010385470391374356,0.6003722189466828,0.6003722189466828,0.0
2020-12-04,-4.9329692439299036e-05,0.0,0.0,-4.9329692439299036e-05,0.600786820612121,0.600786820612121,0.0
2020-12-07,0.00010448581644478781,0.0,0.0,0.00010448581644478781,0.6007671265772633,0.6007671265772633,0.0
2020-12-08,-0.00023161112348590572,0.0,0.0,-0.00023161112348590572,0.6008088363919104,0.6008088363919104,0.0
2020-12-09,-0.0007583083845938203,0.0,0.0,-0.0007583083845938203,0.6007163578589647,0.6007163578589647,0.0
2020-12-10,0.0013085280706593865,0.0,0.0,0.0013085280706593865,0.6004133479503436,0.6004133479503436,0.0
2020-12-11,0.00015217551332273702,5.491679206460286e-07,0.0,0.000151626345402091,0.6000000000848144,0.6000000000848144,0.0013728427998640352
2020-12-14,-0.00010601496498418498,0.0,0.0,-0.00010601496498418498,0.6000611905128022,0.6000611905128022,0.0
2020-12-15,0.0008436927276231064,0.0,0.0,0.0008436927276231064,0.6000187865184606,0.6000187865184606,0.0
2020-12-16,-0.00012271405852603832,0.0,0.0,-0.00012271405852603832,0.6003559632858742,0.6003559632858742,0.0
2020-12-17,0.0006248129265005015,0.0,0.0,0.0006248129265005015,0.6003069153252889,0.6003069153252889,0.0
2020-12-18,-0.0001617064691816816,0.0,0.0,-0.0001617064691816816,0.6005564927919992,0.6005564927919992,0.0
2020-12-21,-0.000703578910615316,0.0,0.0,-0.000703578910615316,0.6004918897460806,0.6004918897460806,0.0
2020-12-22,0.0005776013954015352,0.0,0.0,0.0005776013954015352,0.6002106063600278,0.6002106063600278,0.0
2020-12-23,0.0005439173804311379,0.0,0.0,0.0005439173804311379,0.6004413919695708,0.6004413919695708,0.0
2020-12-24,0.0009055917691278569,0.0,0.0,0.0009055917691278569,0.6006586006973773,0.6006586006973773,0.0
2020-12-28,0.0001983930465262785,5.823130440396679e-07,0.0,0.00019781073348223885,0.6000000001046707,0.6000000001046707,0.0014557222281826182
2020-12-29,7.477662508582267e-05,0.0,0.0,7.477662508582267e-05,0.6000796909473827,0.6000796909473827,0.0
2020-12-30,0.0004502154953432532,0.0,0.0,0.0004502154953432532,0.6001095934023922,0.6001095934023922,0.0
2020-12-31,0.00023055664326623716,0.0,0.0,0.00023055664326623716,0.6002895492409746,0.6002895492409746,0.0
