session,gross_return,transaction_cost,borrow_cost,net_return,gross,net,turnover
2007-01-03,0.0,0.0,0.0,0.0,0.0,0.0,0.0
2007-01-04,0.0,0.0,0.0,0.0,0.0,0.0,0.0
2007-01-05,0.0,0.0,0.0,0.0,0.0,0.0,0.0
2007-01-08,0.0,0.0,0.0,0.0,0.0,0.0,0.0
2007-01-09,0.0,0.0,0.0,0.0,0.0,0.0,0.0
2007-01-10,0.0,0.0,0.0,0.0,0.0,0.0,0.0
2007-01-11,0.0,0.0,0.0,0.0,0.0,0.0,0.0
2007-01-12,0.0,0.0,0.0,0.0,0.0,0.0,0.0
2007-01-16,0.0,0.0,0.0,0.0,0.0,0.0,0.0
2007-01-17,0.0,0.0,0.0,0.0,0.0,0.0,0.0
2007-01-18,0.0,0.0,0.0,0.0,0.0,0.0,0.0
2007-01-19,0.0,0.0,0.0,0.0,0.0,0.0,0.0
2007-01-22,0.0,0.0,0.0,0.0,0.0,0.0,0.0
2007-01-23,0.0,0.0,0.0,0.0,0.0,0.0,0.0
2007-01-24,0.0,0.0,0.0,0.0,0.0,0.0,0.0
2007-01-25,0.0,0.0,0.0,0.0,0.0,0.0,0.0
2007-01-26,0.0,0.0,0.0,0.0,0.0,0.0,0.0
2007-01-29,0.0,0.0,0.0,0.0,0.0,0.0,0.0
2007-01-30,0.0,0.0,0.0,0.0,0.0,0.0,0.0
2007-01-31,0.0,0.0,0.0,0.0,0.0,0.0,0.0
2007-02-01,0.0,0.0,0.0,0.0,0.0,0.0,0.0
2007-02-02,0.0,0.0,0.0,0.0,0.0,0.0,0.0
2007-02-05,0.0,0.0,0.0,0.0,0.0,0.0,0.0
2007-02-06,0.0,0.0,0.0,0.0,0.0,0.0,0.0
2007-02-07,0.0,0.0,0.0,0.0,0.0,0.0,0.0
2007-02-08,0.0,0.0,0.0,0.0,0.0,0.0,0.0
2007-02-09,0.0,0.0,0.0,0.0,0.0,0.0,0.0
2007-02-12,0.0,0.0,0.0,0.0,0.0,0.0,0.0
2007-02-13,0.0,0.0,0.0,0.0,0.0,0.0,0.0
2007-02-14,0.0,0.0,0.0,0.0,0.0,0.0,0.0
2007-02-15,0.0,0.0,0.0,0.0,0.0,0.0,0.0
2007-02-16,0.0,0.0,0.0,0.0,0.0,0.0,0.0
2007-02-20,0.0,0.0,0.0,0.0,0.0,0.0,0.0
2007-02-21,0.0,0.0,0.0,0.0,0.0,0.0,0.0
2007-02-22,0.0,0.0,0.0,0.0,0.0,0.0,0.0
2007-02-23,0.0,0.0,0.0,0.0,0.0,0.0,0.0
2007-02-26,0.0,0.0,0.0,0.0,0.0,0.0,0.0
2007-02-27,0.0,0.0,0.0,0.0,0.0,0.0,0.0
2007-02-28,0.0,0.0,0.0,0.0,0.0,0.0,0.0
2007-03-01,0.0,0.0,0.0,0.0,0.0,0.0,0.0
2007-03-02,0.0,0.0,0.0,0.0,0.0,0.0,0.0
2007-03-05,0.0,0.0,0.0,0.0,0.0,0.0,0.0
2007-03-06,0.0,0.0,0.0,0.0,0.0,0.0,0.0
2007-03-07,0.0,0.0,0.0,0.0,0.0,0.0,0.0
2007-03-08,0.0,0.0,0.0,0.0,0.0,0.0,0.0
2007-03-09,0.0,0.0,0.0,0.0,0.0,0.0,0.0
2007-03-12,0.0,0.0,0.0,0.0,0.0,0.0,0.0
2007-03-13,0.0,0.0,0.0,0.0,0.0,0.0,0.0
2007-03-14,0.0,0.0,0.0,0.0,0.0,0.0,0.0
2007-03-15,0.0,0.0,0.0,0.0,0.0,0.0,0.0
2007-03-16,0.0,0.0,0.0,0.0,0.0,0.0,0.0
2007-03-19,0.0,0.0,0.0,0.0,0.0,0.0,0.0
2007-03-20,0.0,0.0,0.0,0.0,0.0,0.0,0.0
2007-03-21,0.0,0.0,0.0,0.0,0.0,0.0,0.0
2007-03-22,0.0,0.0,0.0,0.0,0.0,0.0,0.0
2007-03-23,0.0,0.0,0.0,0.0,0.0,0.0,0.0
2007-03-26,0.0,0.0,0.0,0.0,0.0,0.0,0.0
2007-03-27,0.0,0.0,0.0,0.0,0.0,0.0,0.0
2007-03-28,0.0,0.0,0.0,0.0,0.0,0.0,0.0
2007-03-29,0.0,0.0,0.0,0.0,0.0,0.0,0.0
2007-03-30,0.0,0.0,0.0,0.0,0.0,0.0,0.0
2007-04-02,0.0,0.0,0.0,0.0,0.0,0.0,0.0
2007-04-03,0.0,0.0,0.0,0.0,0.0,0.0,0.0
2007-04-04,0.0,0.0,0.0,0.0,0.0,0.0,0.0
2007-04-05,0.0,0.0,0.0,0.0,0.0,0.0,0.0
2007-04-09,0.0,0.0,0.0,0.0,0.0,0.0,0.0
2007-04-10,0.0,0.0,0.0,0.0,0.0,0.0,0.0
2007-04-11,0.0,0.0,0.0,0.0,0.0,0.0,0.0
2007-04-12,0.0,0.0,0.0,0.0,0.0,0.0,0.0
2007-04-13,0.0,0.0,0.0,0.0,0.0,0.0,0.0
2007-04-16,0.0,0.0,0.0,0.0,0.0,0.0,0.0
2007-04-17,0.0,0.0,0.0,0.0,0.0,0.0,0.0
2007-04-18,0.0,0.0,0.0,0.0,0.0,0.0,0.0
2007-04-19,0.0,0.0,0.0,0.0,0.0,0.0,0.0
2007-04-20,0.0,0.0,0.0,0.0,0.0,0.0,0.0
2007-04-23,0.0,0.0,0.0,0.0,0.0,0.0,0.0
2007-04-24,0.0,0.0,0.0,0.0,0.0,0.0,0.0
2007-04-25,0.0,0.0,0.0,0.0,0.0,0.0,0.0
2007-04-26,0.0,0.0,0.0,0.0,0.0,0.0,0.0
2007-04-27,0.0,0.0,0.0,0.0,0.0,0.0,0.0
2007-04-30,0.0,0.0,0.0,0.0,0.0,0.0,0.0
2007-05-01,0.0,0.0,0.0,0.0,0.0,0.0,0.0
2007-05-02,0.0,0.0,0.0,0.0,0.0,0.0,0.0
2007-05-03,0.0,0.0,0.0,0.0,0.0,0.0,0.0
2007-05-04,0.0,0.0,0.0,0.0,0.0,0.0,0.0
2007-05-07,0.0,0.0,0.0,0.0,0.0,0.0,0.0
2007-05-08,0.0,0.0,0.0,0.0,0.0,0.0,0.0
2007-05-09,0.0,0.0,0.0,0.0,0.0,0.0,0.0
2007-05-10,0.0,0.0,0.0,0.0,0.0,0.0,0.0
2007-05-11,0.0,0.0,0.0,0.0,0.0,0.0,0.0
2007-05-14,0.0,0.0,0.0,0.0,0.0,0.0,0.0
2007-05-15,0.0,0.0,0.0,0.0,0.0,0.0,0.0
2007-05-16,0.0,0.0,0.0,0.0,0.0,0.0,0.0
2007-05-17,0.0,0.0,0.0,0.0,0.0,0.0,0.0
2007-05-18,0.0,0.0,0.0,0.0,0.0,0.0,0.0
2007-05-21,0.0,0.0,0.0,0.0,0.0,0.0,0.0
2007-05-22,0.0,0.0,0.0,0.0,0.0,0.0,0.0
2007-05-23,0.0,0.0,0.0,0.0,0.0,0.0,0.0
2007-05-24,0.0,0.0,0.0,0.0,0.0,0.0,0.0
2007-05-25,0.0,0.0,0.0,0.0,0.0,0.0,0.0
2007-05-29,0.0,0.0,0.0,0.0,0.0,0.0,0.0
2007-05-30,0.0,0.0,0.0,0.0,0.0,0.0,0.0
2007-05-31,0.0,0.0,0.0,0.0,0.0,0.0,0.0
2007-06-01,0.0,0.0,0.0,0.0,0.0,0.0,0.0
2007-06-04,0.0,0.0,0.0,0.0,0.0,0.0,0.0
2007-06-05,0.0,0.0,0.0,0.0,0.0,0.0,0.0
2007-06-06,0.0,0.0,0.0,0.0,0.0,0.0,0.0
2007-06-07,0.0,0.0,0.0,0.0,0.0,0.0,0.0
2007-06-08,0.0,0.0,0.0,0.0,0.0,0.0,0.0
2007-06-11,0.0,0.0,0.0,0.0,0.0,0.0,0.0
2007-06-12,0.0,0.0,0.0,0.0,0.0,0.0,0.0
2007-06-13,0.0,0.0,0.0,0.0,0.0,0.0,0.0
2007-06-14,0.0,0.0,0.0,0.0,0.0,0.0,0.0
2007-06-15,0.0,0.0,0.0,0.0,0.0,0.0,0.0
2007-06-18,0.0,0.0,0.0,0.0,0.0,0.0,0.0
2007-06-19,0.0,0.0,0.0,0.0,0.0,0.0,0.0
2007-06-20,0.0,0.0,0.0,0.0,0.0,0.0,0.0
2007-06-21,0.0,0.0,0.0,0.0,0.0,0.0,0.0
2007-06-22,0.0,0.0,0.0,0.0,0.0,0.0,0.0
2007-06-25,0.0,0.0,0.0,0.0,0.0,0.0,0.0
2007-06-26,0.0,0.0,0.0,0.0,0.0,0.0,0.0
2007-06-27,0.0,0.0,0.0,0.0,0.0,0.0,0.0
2007-06-28,0.0,0.0,0.0,0.0,0.0,0.0,0.0
2007-06-29,0.0,0.0,0.0,0.0,0.0,0.0,0.0
2007-07-02,0.0,0.0,0.0,0.0,0.0,0.0,0.0
2007-07-03,0.0,0.0,0.0,0.0,0.0,0.0,0.0
2007-07-05,0.0,0.0,0.0,0.0,0.0,0.0,0.0
2007-07-06,0.0,0.0,0.0,0.0,0.0,0.0,0.0
2007-07-09,0.0,0.0,0.0,0.0,0.0,0.0,0.0
2007-07-10,0.0,0.0,0.0,0.0,0.0,0.0,0.0
2007-07-11,0.0,0.0,0.0,0.0,0.0,0.0,0.0
2007-07-12,0.0,0.0,0.0,0.0,0.0,0.0,0.0
2007-07-13,0.0,0.0,0.0,0.0,0.0,0.0,0.0
2007-07-16,0.0,0.0,0.0,0.0,0.0,0.0,0.0
2007-07-17,0.0,0.0,0.0,0.0,0.0,0.0,0.0
2007-07-18,0.0,0.0,0.0,0.0,0.0,0.0,0.0
2007-07-19,0.0,0.0,0.0,0.0,0.0,0.0,0.0
2007-07-20,0.0,0.0,0.0,0.0,0.0,0.0,0.0
2007-07-23,0.0,0.0,0.0,0.0,0.0,0.0,0.0
2007-07-24,0.0,0.0,0.0,0.0,0.0,0.0,0.0
2007-07-25,0.0,0.0,0.0,0.0,0.0,0.0,0.0
2007-07-26,0.0,0.0,0.0,0.0,0.0,0.0,0.0
2007-07-27,0.0,0.0,0.0,0.0,0.0,0.0,0.0
2007-07-30,0.0,0.0,0.0,0.0,0.0,0.0,0.0
2007-07-31,0.0,0.0,0.0,0.0,0.0,0.0,0.0
2007-08-01,0.0,0.0,0.0,0.0,0.0,0.0,0.0
2007-08-02,0.0,0.0,0.0,0.0,0.0,0.0,0.0
2007-08-03,0.0,0.0,0.0,0.0,0.0,0.0,0.0
2007-08-06,0.0,0.0,0.0,0.0,0.0,0.0,0.0
2007-08-07,0.0,0.0,0.0,0.0,0.0,0.0,0.0
2007-08-08,0.0,0.0,0.0,0.0,0.0,0.0,0.0
2007-08-09,0.0,0.0,0.0,0.0,0.0,0.0,0.0
2007-08-10,0.0,0.0,0.0,0.0,0.0,0.0,0.0
2007-08-13,0.0,0.0,0.0,0.0,0.0,0.0,0.0
2007-08-14,0.0,0.0,0.0,0.0,0.0,0.0,0.0
2007-08-15,0.0,0.0,0.0,0.0,0.0,0.0,0.0
2007-08-16,0.0,0.0,0.0,0.0,0.0,0.0,0.0
2007-08-17,0.0,0.0,0.0,0.0,0.0,0.0,0.0
2007-08-20,0.0,0.0,0.0,0.0,0.0,0.0,0.0
2007-08-21,0.0,0.0,0.0,0.0,0.0,0.0,0.0
2007-08-22,0.0,0.0,0.0,0.0,0.0,0.0,0.0
2007-08-23,0.0,0.0,0.0,0.0,0.0,0.0,0.0
2007-08-24,0.0,0.0,0.0,0.0,0.0,0.0,0.0
2007-08-27,0.0,0.0,0.0,0.0,0.0,0.0,0.0
2007-08-28,0.0,0.0,0.0,0.0,0.0,0.0,0.0
2007-08-29,0.0,0.0,0.0,0.0,0.0,0.0,0.0
2007-08-30,0.0,0.0,0.0,0.0,0.0,0.0,0.0
2007-08-31,0.0,0.0,0.0,0.0,0.0,0.0,0.0
2007-09-04,0.0,0.0,0.0,0.0,0.0,0.0,0.0
2007-09-05,0.0,0.0,0.0,0.0,0.0,0.0,0.0
2007-09-06,0.0,0.0,0.0,0.0,0.0,0.0,0.0
2007-09-07,0.0,0.0,0.0,0.0,0.0,0.0,0.0
2007-09-10,0.0,0.0,0.0,0.0,0.0,0.0,0.0
2007-09-11,0.0,0.0,0.0,0.0,0.0,0.0,0.0
2007-09-12,0.0,0.0,0.0,0.0,0.0,0.0,0.0
2007-09-13,0.0,0.0,0.0,0.0,0.0,0.0,0.0
2007-09-14,0.0,0.0,0.0,0.0,0.0,0.0,0.0
2007-09-17,0.0,0.0,0.0,0.0,0.0,0.0,0.0
2007-09-18,0.0,0.0,0.0,0.0,0.0,0.0,0.0
2007-09-19,0.0,0.0,0.0,0.0,0.0,0.0,0.0
2007-09-20,0.0,0.0,0.0,0.0,0.0,0.0,0.0
2007-09-21,0.0,0.0,0.0,0.0,0.0,0.0,0.0
2007-09-24,0.0,0.0,0.0,0.0,0.0,0.0,0.0
2007-09-25,0.0,0.0,0.0,0.0,0.0,0.0,0.0
2007-09-26,0.0,0.0,0.0,0.0,0.0,0.0,0.0
2007-09-27,0.0,0.0,0.0,0.0,0.0,0.0,0.0
2007-09-28,0.0,0.0,0.0,0.0,0.0,0.0,0.0
2007-10-01,0.0,0.0,0.0,0.0,0.0,0.0,0.0
2007-10-02,0.0,0.0,0.0,0.0,0.0,0.0,0.0
2007-10-03,0.0,0.0,0.0,0.0,0.0,0.0,0.0
2007-10-04,0.0,0.0,0.0,0.0,0.0,0.0,0.0
2007-10-05,0.0,0.0,0.0,0.0,0.0,0.0,0.0
2007-10-08,0.0,0.0,0.0,0.0,0.0,0.0,0.0
2007-10-09,0.0,0.0,0.0,0.0,0.0,0.0,0.0
2007-10-10,0.0,0.0,0.0,0.0,0.0,0.0,0.0
2007-10-11,0.0,0.0,0.0,0.0,0.0,0.0,0.0
2007-10-12,0.0,0.0,0.0,0.0,0.0,0.0,0.0
2007-10-15,0.0,0.0,0.0,0.0,0.0,0.0,0.0
2007-10-16,0.0,0.0,0.0,0.0,0.0,0.0,0.0
2007-10-17,0.0,0.0,0.0,0.0,0.0,0.0,0.0
2007-10-18,0.0,0.0,0.0,0.0,0.0,0.0,0.0
2007-10-19,0.0,0.0,0.0,0.0,0.0,0.0,0.0
2007-10-22,0.0,0.0,0.0,0.0,0.0,0.0,0.0
2007-10-23,0.0,0.0,0.0,0.0,0.0,0.0,0.0
2007-10-24,0.0,0.0,0.0,0.0,0.0,0.0,0.0
2007-10-25,0.0,0.0,0.0,0.0,0.0,0.0,0.0
2007-10-26,0.0,0.0,0.0,0.0,0.0,0.0,0.0
2007-10-29,0.0,0.0,0.0,0.0,0.0,0.0,0.0
2007-10-30,0.0,0.0,0.0,0.0,0.0,0.0,0.0
2007-10-31,0.0,0.0,0.0,0.0,0.0,0.0,0.0
2007-11-01,0.0,0.0,0.0,0.0,0.0,0.0,0.0
2007-11-02,0.0,0.0,0.0,0.0,0.0,0.0,0.0
2007-11-05,0.0,0.0,0.0,0.0,0.0,0.0,0.0
2007-11-06,0.0,0.0,0.0,0.0,0.0,0.0,0.0
2007-11-07,0.0,0.0,0.0,0.0,0.0,0.0,0.0
2007-11-08,0.0,0.0,0.0,0.0,0.0,0.0,0.0
2007-11-09,0.0,0.0,0.0,0.0,0.0,0.0,0.0
2007-11-12,0.0,0.0,0.0,0.0,0.0,0.0,0.0
2007-11-13,0.0,0.0,0.0,0.0,0.0,0.0,0.0
2007-11-14,0.0,0.0,0.0,0.0,0.0,0.0,0.0
2007-11-15,0.0,0.0,0.0,0.0,0.0,0.0,0.0
2007-11-16,0.0,0.0,0.0,0.0,0.0,0.0,0.0
2007-11-19,0.0,0.0,0.0,0.0,0.0,0.0,0.0
2007-11-20,0.0,0.0,0.0,0.0,0.0,0.0,0.0
2007-11-21,0.0,0.0,0.0,0.0,0.0,0.0,0.0
2007-11-23,0.0,0.0,0.0,0.0,0.0,0.0,0.0
2007-11-26,0.0,0.0,0.0,0.0,0.0,0.0,0.0
2007-11-27,0.0,0.0,0.0,0.0,0.0,0.0,0.0
2007-11-28,0.0,0.0,0.0,0.0,0.0,0.0,0.0
2007-11-29,0.0,0.0,0.0,0.0,0.0,0.0,0.0
2007-11-30,0.0,0.0,0.0,0.0,0.0,0.0,0.0
2007-12-03,0.0,0.0,0.0,0.0,0.0,0.0,0.0
2007-12-04,0.0,0.0,0.0,0.0,0.0,0.0,0.0
2007-12-05,0.0,0.0,0.0,0.0,0.0,0.0,0.0
2007-12-06,0.0,0.0,0.0,0.0,0.0,0.0,0.0
2007-12-07,0.0,0.0,0.0,0.0,0.0,0.0,0.0
2007-12-10,0.0,0.0,0.0,0.0,0.0,0.0,0.0
2007-12-11,0.0,0.0,0.0,0.0,0.0,0.0,0.0
2007-12-12,0.0,0.0,0.0,0.0,0.0,0.0,0.0
2007-12-13,0.0,0.0,0.0,0.0,0.0,0.0,0.0
2007-12-14,0.0,0.0,0.0,0.0,0.0,0.0,0.0
2007-12-17,0.0,0.0,0.0,0.0,0.0,0.0,0.0
2007-12-18,0.0,0.0,0.0,0.0,0.0,0.0,0.0
2007-12-19,0.0,0.0,0.0,0.0,0.0,0.0,0.0
2007-12-20,0.0,0.0,0.0,0.0,0.0,0.0,0.0
2007-12-21,0.0,0.0,0.0,0.0,0.0,0.0,0.0
2007-12-24,0.0,0.0,0.0,0.0,0.0,0.0,0.0
2007-12-26,0.0,0.0,0.0,0.0,0.0,0.0,0.0
2007-12-27,0.0,0.0,0.0,0.0,0.0,0.0,0.0
2007-12-28,0.0,0.0,0.0,0.0,0.0,0.0,0.0
2007-12-31,0.0,0.0,0.0,0.0,0.0,0.0,0.0
2008-01-02,0.0,0.0,0.0,0.0,0.0,0.0,0.0
2008-01-03,0.0,0.0,0.0,0.0,0.0,0.0,0.0
2008-01-04,0.0,0.0,0.0,0.0,0.0,0.0,0.0
2008-01-07,0.0,0.0,0.0,0.0,0.0,0.0,0.0
2008-01-08,0.0,0.0,0.0,0.0,0.0,0.0,0.0
2008-01-09,0.0,0.0,0.0,0.0,0.0,0.0,0.0
2008-01-10,0.0,0.0,0.0,0.0,0.0,0.0,0.0
2008-01-11,0.0,0.0,0.0,0.0,0.0,0.0,0.0
2008-01-14,0.0,0.0,0.0,0.0,0.0,0.0,0.0
2008-01-15,0.0,0.0,0.0,0.0,0.0,0.0,0.0
2008-01-16,8.443826606913586e-05,2.0204963933976867e-05,5.516439664274477e-17,6.423330213510383e-05,0.1000000000016259,0.0999999999975989,0.1000000000016259
2008-01-17,0.00016877229303559118,0.0,5.448658098200619e-17,0.0001687722930355367,0.10007800992659714,0.1000780099226196,0.0
2008-01-18,8.436256921427764e-05,0.0,5.387514751451792e-17,8.436256921422377e-05,0.10022986619524034,0.10022986619130748,0.0
2008-01-22,0.0004217585901526959,0.0,2.1556761585518175e-16,0.0004217585901524803,0.10030576671226935,0.10030576670833524,0.0
2008-01-23,-4.820146023180201e-05,0.0,5.335590738607193e-17,-4.820146023185537e-05,0.10068506051321308,0.10068506050931811,0.0
2008-01-24,-0.00031324059373631847,0.0,5.374362845404965e-17,-0.0003132405937363722,0.10064171013039792,0.10064171012647462,0.0
2008-01-25,0.00026514475311751804,0.0,5.418896281103338e-17,0.0002651447531174638,0.10035990633334003,0.10035990632938425,0.0
2008-01-28,-4.821232879801281e-05,0.0,1.6246192859864489e-16,-4.821232879817527e-05,0.1005983779543693,0.1005983779504161,0.0
2008-01-29,-6.029943091141295e-05,0.0,5.468092027062514e-17,-6.029943091146763e-05,0.10055501361698838,0.10055501361299668,0.0
2008-01-30,7.23823502669067e-05,0.0,5.480636627643659e-17,7.23823502668519e-05,0.1005007743255839,0.10050077432158301,0.0
2008-01-31,9.581748181682637e-05,1.1325459619272961e-07,5.453971752061577e-17,9.570422722057911e-05,0.1000000000019907,0.0999999999980093,0.0005658774792721699
2008-02-01,0.00010935202558753116,0.0,5.506347146358174e-17,0.0001093520255874761,0.10008623880770566,0.10008623880368601,0.0
2008-02-04,1.2038914474977971e-05,0.0,1.6643887834638822e-16,1.2038914474811533e-05,0.10018463544050586,0.10018463543645582,0.0
2008-02-05,0.00022810560660950293,0.0,5.5371208662947657e-17,0.00022810560660944755,0.1001954681103016,0.10019546810625952,0.0
2008-02-06,3.60524071036326e-05,0.0,5.421263117346229e-17,3.605240710357839e-05,0.10040067176069148,0.10040067175673395,0.0
2008-02-07,-0.00013208225234207207,0.0,5.3928224320420995e-17,-0.000132082252342126,0.10043310331264721,0.10043310330871044,0.0
2008-02-08,0.00018001955326291992,0.0,5.4094803730989425e-17,0.00018001955326286582,0.10031427079514546,0.10031427079119654,0.0
2008-02-11,3.607411805146963e-05,0.0,1.6286474647991352e-16,3.607411805130676e-05,0.10047620266730549,0.10047620266334246,0.0
2008-02-12,3.6128475145326876e-05,0.0,5.460204218282153e-17,3.612847514527227e-05,0.10050865102443778,0.10050865102045183,0.0
2008-02-13,3.591691251505209e-05,0.0,5.476735868284943e-17,3.591691251499733e-05,0.10054114710126116,0.10054114709726317,0.0
2008-02-14,-7.163072729753779e-05,1.1476827796387063e-07,5.5006361356980904e-17,-7.174549557555668e-05,0.10000000000200773,0.09999999999799228,0.0005734517239191078
2008-02-15,-0.00010741690628481909,0.0,5.4749729790860157e-17,-0.00010741690628487384,0.09993553919947665,0.09993553919547993,0.0
2008-02-19,-7.160666463287076e-05,0.0,2.1976547515780681e-16,-7.160666463309053e-05,0.0998388466732421,0.09983884666923136,0.0
2008-02-20,-0.00011935503753599109,0.0,5.5420854582857875e-17,-0.00011935503753604651,0.09977438451953519,0.09977438451548948,0.0
2008-02-21,0.0002745610417651624,0.0,5.560938172965259e-17,0.00027456104176510677,0.09966692523161459,0.09966692522755512,0.0
2008-02-22,-0.00010730263662585912,0.0,5.5330506961959723e-17,-0.00010730263662591446,0.09991405376667135,0.09991405376263222,0.0
2008-02-25,-0.00015527035543846238,0.0,1.6731807206716723e-16,-0.0001552703554386297,0.09981746180691053,0.09981746180283912,0.0
2008-02-26,0.00014330047988418012,0.0,5.61660316012724e-17,0.00014330047988412396,0.09967766843850788,0.09967766843440777,0.0
2008-02-27,0.0001193077082867647,0.0,5.675683283753366e-17,0.00011930770828670795,0.09980666657521993,0.09980666657107669,0.0
2008-02-28,0.00023883906639147738,0.0,5.681821016824485e-17,0.00023883906639142057,0.09991405376673114,0.0999140537625834,0.0
2008-02-29,0.0003456378441407756,2.580391927194691e-08,5.686123811760246e-17,0.0003456120402214468,0.10000000000207543,0.09999999999792458,0.00012897811939804882
2008-03-03,3.5414181136221762e-06,0.0,1.68104927237526e-16,3.541418113454071e-06,0.10031096916744676,0.1003109691633562,0.0
2008-03-04,-2.3844645898899744e-05,0.0,5.637607556661035e-17,-2.384464589895612e-05,0.10031415533121858,0.10031415532710312,0.0
2008-03-05,-5.964679397707432e-05,0.0,5.580605240261757e-17,-5.964679397713013e-05,0.10029270212924649,0.10029270212517266,0.0
2008-03-06,0.0002984420416042106,0.0,5.641386820005523e-17,0.00029844204160415415,0.10023903427233927,0.10023903426822103,0.0
2008-03-07,-4.774654359586477e-05,0.0,5.575897386891901e-17,-4.7746543595920535e-05,0.10050748065617335,0.10050748065210297,0.0
2008-03-10,0.00010730445019371084,0.0,1.6604341684717375e-16,0.0001073044501935448,0.10046453094665397,0.1004645309426136,0.0
2008-03-11,-0.0005011585232447969,0.0,5.509064323967518e-17,-0.000501158523244852,0.10056104474921168,0.10056104474519001,0.0
2008-03-12,0.00032245151840922204,0.0,5.631029146022502e-17,0.0003224515184091657,0.10011005723449942,0.1001100572303888,0.0
2008-03-13,-4.770314547055081e-05,0.0,5.634975665324362e-17,-4.770314547060716e-05,0.10040013457707,0.10040013457295646,0.0
2008-03-14,0.00029721837459228907,7.148393563382371e-08,5.647851827455839e-17,0.00029714689065659874,0.10000000000206148,0.09999999999793853,0.0003572187845539837
2008-03-17,0.00022600985412258345,0.0,1.6730353982290507e-16,0.00022600985412241616,0.10026742422326101,0.10026742421918994,0.0
2008-03-18,-0.00035665156667749436,0.0,5.503731924598387e-17,-0.0003566515666775494,0.10047072670304544,0.10047072669902771,0.0
2008-03-19,0.00010699695699223253,0.0,5.611669914962074e-17,0.00010699695699217641,0.10014979371727696,0.10014979371318046,0.0
2008-03-20,-0.00011887686455411259,0.0,5.470764076634721e-17,-0.0001188768645541673,0.10024606465029873,0.10024606464630509,0.0
2008-03-24,-0.0004162896997821241,0.0,2.1854321418867163e-16,-0.0004162896997823426,0.10013909200701598,0.10013909200302759,0.0
2008-03-25,7.147196758502773e-05,0.0,5.522508892978686e-17,7.14719675849725e-05,0.09976433317158019,0.09976433316754875,0.0
2008-03-26,0.00021403969723949104,0.0,5.587580611265308e-17,0.00021403969723943518,0.09982867018773328,0.0998286701836544,0.0
2008-03-27,0.00010705504270969689,0.0,5.598088948737892e-17,0.0001070550427096409,0.10002130135592162,0.10002130135183503,0.0
2008-03-28,4.754163482088153e-05,0.0,5.581368384471375e-17,4.754163482082571e-05,0.1001176383005753,0.10011763829650089,0.0
2008-03-31,2.3801820399089322e-05,3.2096286110637475e-08,1.6651723692397458e-16,2.3769724112812167e-05,0.10000000000202595,0.09999999999797406,0.00016041814332495852
2008-04-01,-0.00036172535140458265,0.0,5.527096182908154e-17,-0.00036172535140463794,0.10002142434074605,0.10002142433671128,0.0
2008-04-02,-8.341086872493094e-05,0.0,5.599840125012893e-17,-8.341086872498694e-05,0.09969576147374576,0.09969576146965786,0.0
2008-04-03,-7.134395279197121e-05,0.0,5.645320047628736e-17,-7.134395279202767e-05,0.0996206600508515,0.09962066004673038,0.0
2008-04-04,0.00017854972830361765,0.0,5.670033681163852e-17,0.00017854972830356095,0.0995564188465236,0.09955641884238446,0.0
2008-04-07,-0.00019040723834313846,0.0,1.7087239836160696e-16,-0.00019040723834330933,0.09971716410228904,0.09971716409813117,0.0
2008-04-08,5.9568181176411536e-05,0.0,5.713629869332337e-17,5.95681811763544e-05,0.09954571108789534,0.0995457110837244,0.0
2008-04-09,0.00019052376616970592,0.0,5.69382023392288e-17,0.00019052376616964897,0.09959934631715107,0.0995993463129946,0.0
2008-04-10,-3.5763724001882965e-05,0.0,5.693736013220741e-17,-3.57637240019399e-05,0.09977086136306063,0.0997708613589042,0.0
2008-04-11,0.00016654510745874447,0.0,5.697290584648859e-17,0.0001665451074586875,0.09973866466513659,0.09973866466097758,0.0
2008-04-14,-5.951412829278731e-05,2.2292844715573536e-08,1.897979150100485e-16,-5.953642113769268e-05,0.10000000000224356,0.09999999999762511,0.0001114261829427976
2008-04-15,-0.0001311014710985389,0.0,6.32195647470529e-17,-0.0001311014710986021,0.09994643632707144,0.09994643632245646,0.0
2008-04-16,-0.00021440052958745295,0.0,6.34996138358733e-17,-0.00021440052958751645,0.09982842250904114,0.09982842250440568,0.0
2008-04-17,-0.00017887765148914586,0.0,6.458216271911981e-17,-0.00017887765148921045,0.09963538385859663,0.09963538385388215,0.0
2008-04-18,-5.9518313983681145e-05,0.0,6.443684610192623e-17,-5.951831398374558e-05,0.09947429993625219,0.09947429993154829,0.0
2008-04-21,-9.539276588348034e-05,0.0,1.942493782312349e-16,-9.539276588367459e-05,0.09942069897466911,0.09942069896994239,0.0
2008-04-22,3.580093126072801e-05,0.0,6.471625447690923e-17,3.58009312606633e-05,0.09933478202838888,0.09933478202366461,0.0
2008-04-23,1.1861084402855473e-15,0.0,6.461446360627768e-17,1.1214939766792696e-15,0.09936702552759186,0.09936702552287502,0.0
2008-04-24,-0.0002742560205294628,0.0,6.458196748462595e-17,-0.00027425602052952736,0.09936702552759055,0.0993670255228761,0.0
2008-04-25,1.1967080870292588e-05,0.0,6.418194041781468e-17,1.1967080870228407e-05,0.09911995375110148,0.09911995374641618,0.0
2008-04-28,0.00010833828304246439,1.7402758785938373e-07,2.299151713673651e-16,0.00010816425545437509,0.10000000000250593,0.09999999999691132,0.0008692654769216213
2008-04-29,-2.40855979624017e-05,0.0,7.679115110359873e-17,-2.4085597962478493e-05,0.10009751131277617,0.10009751130717043,0.0
2008-04-30,0.00019249811784621617,0.0,7.615090836386227e-17,0.00019249811784614003,0.100075836101121,0.10007583609556198,0.0
2008-05-01,-0.00017846749061126526,0.0,7.623141290184449e-17,-0.00017846749061134148,0.10024903646813818,0.10024903646257324,0.0
2008-05-02,-0.0001325801199518714,0.0,7.67903376638563e-17,-0.00013258011995194818,0.1000884315087773,0.1000884315031716,0.0
2008-05-05,0.00010846546152879208,0.0,2.3136198102030635e-16,0.00010846546152856072,0.0999691053048216,0.09996910529919177,0.0
2008-05-06,6.026233988819277e-05,0.0,7.721739105241856e-17,6.026233988811556e-05,0.10006671698371676,0.10006671697807991,0.0
2008-05-07,0.0001205976387130501,0.0,7.765666351508697e-17,0.00012059763871297244,0.10012094580117159,0.10012094579550262,0.0
2008-05-08,8.42964880506784e-05,0.0,7.658458191863906e-17,8.429648805060181e-05,0.10022945600408345,0.10022945599849276,0.0
2008-05-09,3.61231398176047e-05,0.0,7.698154551401203e-17,3.612313981752772e-05,0.1003052971078845,0.10030529710226488,0.0
2008-05-12,-0.0001921077909110557,6.760131655456371e-08,2.3039196959414854e-16,-0.00019217539222784067,0.1000000000028031,0.09999999999719691,0.0003377957286615635
2008-05-13,-0.00016804360437158207,0.0,7.733444459170494e-17,-0.0001680436043716594,0.09982707651951529,0.09982707651386984,0.0
2008-05-14,-7.210020858680915e-05,0.0,7.730437275512698e-17,-7.210020858688646e-05,0.09967578279294963,0.09967578278730642,0.0
2008-05-15,8.402660508162548e-05,0.0,7.73582896829377e-17,8.402660508154812e-05,0.09961086454847781,0.09961086454283066,0.0
2008-05-16,2.3932653753206064e-05,0.0,7.80919270538825e-17,2.393265375312797e-05,0.09968651483419956,0.09968651482849884,0.0
2008-05-19,0.0001082632973423996,0.0,2.35634622516196e-16,0.00010826329734216396,0.09970806120948063,0.09970806120374685,0.0
2008-05-20,0.00014416733802577884,0.0,7.85862914134618e-17,0.00014416733802570026,0.09980551923222164,0.09980551922648484,0.0
2008-05-21,-0.00010814988654235896,0.0,7.833366772963448e-17,-0.00010814988654243729,0.09993527916705743,0.09993527916133908,0.0
2008-05-22,-0.00027623391177509696,0.0,7.772889989147077e-17,-0.0002762339117751747,0.09983792674091997,0.09983792673524576,0.0
2008-05-23,0.00019224470278923368,0.0,7.768197220197942e-17,0.000192244702789156,0.09958920274418447,0.0995892027385137,0.0
2008-05-27,-0.00010835446461486828,4.75717851999907e-08,5.14310824591754e-18,-0.00010840203640007341,0.100000000002485,0.10000000000239116,0.00023773132877895342
2008-05-28,-0.00018061446322659614,0.0,1.29320053542182e-18,-0.00018061446322659744,0.09990247516962047,0.09990247516952606,0.0
2008-05-29,-3.6087484668260165e-05,0.0,1.2943645633102945e-18,-3.608748466826146e-05,0.09973987517041011,0.09973987517031563,0.0
2008-05-30,0.00014441681711219236,0.0,1.3111028073141622e-18,0.00014441681711219105,0.09970738587450215,0.09970738587440643,0.0
2008-06-02,0.00019684416908006237,0.0,3.937342496633283e-18,0.00019684416908005844,0.09983738449431698,0.09983738449422118,0.0
2008-06-03,0.0001448545660442878,0.0,1.2986117049862569e-18,0.0001448545660442865,0.10001454138410139,0.10001454138400659,0.0
2008-06-04,-3.6280822613073855e-05,0.0,1.3014233803758111e-18,-3.6280822613075156e-05,0.10014488950563499,0.10014488950553999,0.0
2008-06-05,-0.00013263384022368696,0.0,1.3056432532617144e-18,-0.00013263384022368826,0.10011224083747346,0.10011224083737816,0.0
2008-06-06,0.00013265143434718695,0.0,1.3194433018697652e-18,0.00013265143434718562,0.09999286943551895,0.09999286943542264,0.0
2008-06-09,-0.0005068157431784431,0.0,3.8600834148511585e-18,-0.000506815743178447,0.10011224083752096,0.10011224083742705,0.0
2008-06-10,-0.00021129023486752605,5.962341307971829e-06,0.0,-0.00021725257617549788,0.12923128952241802,0.12923128952241802,0.029575357232806118
2008-06-11,0.00018894960328907765,0.0,0.0,0.00018894960328907765,0.12904803530567102,0.12904803530567102,0.0
2008-06-12,-0.0005038277279156582,0.0,0.0,-0.0005038277279156582,0.12921257024507235,0.12921257024507235,0.0
2008-06-13,0.00012824845910307928,0.0,0.0,0.00012824845910307928,0.1287736222386647,0.1287736222386647,0.0
2008-06-16,6.066621075615279e-05,0.0,0.0,6.066621075615279e-05,0.12888534135133853,0.12888534135133853,0.0
2008-06-17,0.00018756759892839424,0.0,0.0,0.00018756759892839424,0.12893818537096643,0.12893818537096643,0.0
2008-06-18,0.0001096213927373609,0.0,0.0,0.0001096213927373609,0.12910153770444965,0.12910153770444965,0.0
2008-06-19,-0.0002001729660683769,0.0,0.0,-0.0002001729660683769,0.12919699634251045,0.12919699634251045,0.0
2008-06-20,0.00019444475905853656,0.0,0.0,0.00019444475905853656,0.12902265022302722,0.12902265022302722,0.0
2008-06-23,-0.00010899859243023549,0.0,0.0,-0.00010899859243023549,0.1291919742797746,0.1291919742797746,0.0
2008-06-24,0.00018217058709116377,5.91654758464998e-06,0.0,0.0001762540395065138,0.15845085004007883,0.15845085004007883,0.029353802957791563
2008-06-25,8.545855692862543e-05,0.0,0.0,8.545855692862543e-05,0.15860506584362882,0.15860506584362882,0.0
2008-06-26,0.00029153554641433445,0.0,0.0,0.00029153554641433445,0.15867696409618798,0.15867696409618798,0.0
2008-06-27,7.394796348458347e-05,0.0,0.0,7.394796348458347e-05,0.15892216818146418,0.15892216818146418,0.0
2008-06-30,2.2545110611771622e-05,0.0,0.0,2.2545110611771622e-05,0.15898435957533227,0.15898435957533227,0.0
2008-07-01,-5.280999449031021e-06,0.0,0.0,-5.280999449031021e-06,0.15900331993850836,0.15900331993850836,0.0
2008-07-02,1.2264547606804245e-05,0.0,0.0,1.2264547606804245e-05,0.1589988786120497,0.1589988786120497,0.0
2008-07-03,0.0001703691483550075,0.0,0.0,0.0001703691483550075,0.15900919298383928,0.15900919298383928,0.0
2008-07-07,4.800858162461833e-05,0.0,0.0,4.800858162461833e-05,0.15915244746526103,0.15915244746526103,0.0
2008-07-08,-1.3365145790259536e-05,0.0,0.0,-1.3365145790259536e-05,0.1591928134257082,0.1591928134257082,0.0
2008-07-09,0.00018895150944229952,6.791431762444472e-06,0.0,0.00018216007767985504,0.1912871870690428,0.1912871870690428,0.03370347691082704
2008-07-10,-4.1034936784833916e-05,0.0,0.0,-4.1034936784833916e-05,0.1914412656226682,0.1914412656226682,0.0
2008-07-11,-0.0001454516790027216,0.0,0.0,-0.0001454516790027216,0.1914080851045557,0.1914080851045557,0.0
2008-07-14,0.00022937835139477143,0.0,0.0,0.00022937835139477143,0.19129045694369262,0.19129045694369262,0.0
2008-07-15,0.0001647271599247761,0.0,0.0,0.0001647271599247761,0.19147591486540375,0.19147591486540375,0.0
2008-07-16,-7.659356235626178e-05,0.0,0.0,-7.659356235626178e-05,0.19160907880596104,0.19160907880596104,0.0
2008-07-17,-0.00028415180981595356,0.0,0.0,-0.00028415180981595356,0.1915471565226821,0.1915471565226821,0.0
2008-07-18,-6.159132400985375e-05,0.0,0.0,-6.159132400985375e-05,0.19131736788920103,0.19131736788920103,0.0
2008-07-21,-3.145159904808769e-05,0.0,0.0,-3.145159904808769e-05,0.1912675569872662,0.1912675569872662,0.0
2008-07-22,-4.4477027676055886e-05,0.0,0.0,-4.4477027676055886e-05,0.19124212025870554,0.19124212025870554,0.0
2008-07-23,-4.714451976065893e-06,1.7193218847022076e-06,0.0,-6.4337738607681e-06,0.19976955063888044,0.19976955063888044,0.008563403126736202
2008-07-24,0.00025577711736890263,0.0,0.0,0.00025577711736890263,0.1997661214369547,0.1997661214369547,0.0
2008-07-25,-0.00011096667137460682,0.0,0.0,-0.00011096667137460682,0.19997075061217404,0.19997075061217404,0.0
2008-07-28,0.00020511562429117032,0.0,0.0,0.00020511562429117032,0.19988196417703188,0.19988196417703188,0.0
2008-07-29,-8.441385729438032e-05,0.0,0.0,-8.441385729438032e-05,0.20004604723145825,0.20004604723145825,0.0
2008-07-30,4.586968264626056e-05,0.0,0.0,4.586968264626056e-05,0.19997851433193456,0.19997851433193456,0.0
2008-07-31,0.0002051552141029933,0.0,0.0,0.0002051552141029933,0.20001520938040213,0.20001520938040213,0.0
2008-08-01,-1.124848774747452e-05,0.0,0.0,-1.124848774747452e-05,0.2001792967680177,0.2001792967680177,0.0
2008-08-04,9.817239659935973e-06,0.0,0.0,9.817239659935973e-06,0.20017029989343602,0.20017029989343602,0.0
2008-08-05,-2.6648585983997375e-05,0.0,0.0,-2.6648585983997375e-05,0.20017815193620372,0.20017815193620372,0.0
2008-08-06,-3.1552806674146886e-05,3.137941249361845e-08,0.0,-3.15841860866405e-05,0.2000000000391322,0.2000000000391322,0.00015683720777519283
2008-08-07,0.0002830125201598868,0.0,0.0,0.0002830125201598868,0.19997476327259386,0.19997476327259386,0.0
2008-08-08,-0.00010635567214009013,0.0,0.0,-0.00010635567214009013,0.20020111637027102,0.20020111637027102,0.0
2008-08-11,-0.00011117025608972944,0.0,0.0,-0.00011117025608972944,0.20011604417451515,0.20011604417451515,0.0
2008-08-12,0.00011591054786623727,0.0,0.0,0.00011591054786623727,0.20002711098357834,0.20002711098357834,0.0
2008-08-13,7.515786255009088e-05,0.0,0.0,7.515786255009088e-05,0.20011982553282814,0.20011982553282814,0.0
2008-08-14,1.4281984733084216e-05,0.0,0.0,1.4281984733084216e-05,0.20017993829909025,0.20017993829909025,0.0
2008-08-15,9.436309378114499e-05,0.0,0.0,9.436309378114499e-05,0.20019136115385966,0.20019136115385966,0.0
2008-08-18,1.9332527855751886e-05,0.0,0.0,1.9332527855751886e-05,0.20026682645031524,0.20026682645031524,0.0
2008-08-19,0.0001596817777187998,0.0,0.0,0.0001596817777187998,0.2002822870152782,0.2002822870152782,0.0
2008-08-20,0.00013245391616522912,8.205277106563337e-08,0.0,0.00013237186339416348,0.20000000003821375,0.20000000003821375,0.0004099669349844487
2008-08-21,-6.254384214212128e-05,0.0,0.0,-6.254384214212128e-05,0.20010596555484217,0.20010596555484217,0.0
2008-08-22,-0.00015877437677602854,0.0,0.0,-0.00015877437677602854,0.20005593397945448,0.20005593397945448,0.0
2008-08-25,0.00014669559735221738,0.0,0.0,0.00014669559735221738,0.1999289031896819,0.1999289031896819,0.0
2008-08-26,-1.4276682745020564e-05,0.0,0.0,-1.4276682745020564e-05,0.2000462528824695,0.2000462528824695,0.0
2008-08-27,6.013317661760454e-05,0.0,0.0,6.013317661760454e-05,0.20003483203355935,0.20003483203355935,0.0
2008-08-28,-4.814396684949098e-05,0.0,0.0,-4.814396684949098e-05,0.2000829335877933,0.2000829335877933,0.0
2008-08-29,4.627324629262264e-06,0.0,0.0,4.627324629262264e-06,0.20004442055289537,0.20004442055289537,0.0
2008-09-02,0.00019865362025330824,0.0,0.0,0.00019865362025330824,0.20004812218992174,0.20004812218992174,0.0
2008-09-03,3.622605993967247e-05,0.0,0.0,3.622605993967247e-05,0.20020700396403757,0.20020700396403757,0.0
2008-09-04,6.014214715138441e-05,4.721658152612995e-08,0.0,6.0094930569858276e-05,0.20000000003797835,0.20000000003797835,0.00023597622552072595
2008-09-05,-1.4336597766105533e-05,0.0,0.0,-1.4336597766105533e-05,0.20004812030722918,0.20004812030722918,0.0
2008-09-08,-4.8204169915159025e-05,0.0,0.0,-4.8204169915159025e-05,0.20003665155447492,0.20003665155447492,0.0
2008-09-09,0.00013484153676231143,0.0,0.0,0.00013484153676231143,0.19999808812638248,0.19999808812638248,0.0
2008-09-10,6.765498430237293e-05,0.0,0.0,6.765498430237293e-05,0.20010594706972662,0.20010594706972662,0.0
2008-09-11,-5.7929294675248606e-05,0.0,0.0,-5.7929294675248606e-05,0.20016006022829627,0.20016006022829627,0.0
2008-09-12,5.566630170937184e-05,0.0,0.0,5.566630170937184e-05,0.20011372338047131,0.20011372338047131,0.0
2008-09-15,0.0008192226180298446,0.0,0.0,0.0008192226180298446,0.20015824761277948,0.20015824761277948,0.0
2008-09-16,-0.0001367866896758987,0.0,0.0,-0.0001367866896758987,0.20081295971221946,0.20081295971221946,0.0
2008-09-17,0.0009168388735985994,0.0,0.0,0.0009168388735985994,0.20070362660723318,0.20070362660723318,0.0
2008-09-18,-0.0006030965044991943,2.87453518889331e-07,0.0,-0.0006033839580180836,0.2000000000354394,0.2000000000354394,0.0014357812905390621
2008-09-19,-0.0009066643015629292,0.0,0.0,-0.0009066643015629292,0.19951728906250776,0.19951728906250776,0.0
2008-09-22,0.00011503483002548255,0.0,0.0,0.00011503483002548255,0.19879086133839732,0.19879086133839732,0.0
2008-09-23,0.0003968190997482362,0.0,0.0,0.0003968190997482362,0.19888301769428732,0.19888301769428732,0.0
2008-09-24,-8.899005625658633e-05,0.0,0.0,-8.899005625658633e-05,0.19920079011583272,0.19920079011583272,0.0
2008-09-25,-7.028601626237236e-05,0.0,0.0,-7.028601626237236e-05,0.1991295206068173,0.1991295206068173,0.0
2008-09-26,0.00017344642566765854,0.0,0.0,0.00017344642566765854,0.19907322665460092,0.19907322665460092,0.0
2008-09-29,0.001005569439149027,0.0,0.0,0.001005569439149027,0.19921212045002687,0.19921212045002687,0.0
2008-09-30,-0.0007610362216799947,0.0,0.0,-0.0007610362216799947,0.20001655934977,0.20001655934977,0.0
2008-10-01,0.00029551543951647686,0.0,0.0,0.00029551543951647686,0.19940727929049673,0.19940727929049673,0.0
2008-10-02,0.00017209840467601904,7.128861245846004e-08,0.0,0.0001720271160635606,0.20000000003656676,0.20000000003656676,0.0003562031309428254
2008-10-03,0.0002752546615790707,0.0,0.0,0.0002752546615790707,0.20013766933517135,0.20013766933517135,0.0
2008-10-06,0.00018166997509220465,0.0,0.0,0.00018166997509220465,0.20035777458531226,0.20035777458531226,0.0
2008-10-07,2.1870409953368266e-06,0.0,0.0,2.1870409953368266e-06,0.20050301918190372,0.20050301918190372,0.0
2008-10-08,-0.000517535959751355,0.0,0.0,-0.000517535959751355,0.20050476771075232,0.20050476771075232,0.0
2008-10-09,0.00021191739164944613,0.0,0.0,0.00021191739164944613,0.20009078592793358,0.20009078592793358,0.0
2008-10-10,0.00024255753579461895,0.0,0.0,0.00024255753579461895,0.2002602646866396,0.2002602646866396,0.0
2008-10-13,-0.0008337786133168367,0.0,0.0,-0.0008337786133168367,0.2004542005455102,0.2004542005455102,0.0
2008-10-14,0.00019793122381028786,0.0,0.0,0.00019793122381028786,0.19978700006006217,0.19978700006006217,0.0
2008-10-15,0.000357003924140136,0.0,0.0,0.000357003924140136,0.19994535585489287,0.19994535585489287,0.0
2008-10-16,-0.00010315883056227235,1.0994569613351305e-07,0.0,-0.00010326877625840586,0.2000000000323795,0.2000000000323795,0.0005493291323892674
2008-10-17,-0.00014638114048748317,0.0,0.0,-0.00014638114048748317,0.1999174864359941,0.1999174864359941,0.0
2008-10-20,0.00016818932353213135,0.0,0.0,0.00016818932353213135,0.19980035229894594,0.19980035229894594,0.0
2008-10-21,0.00020266161807172553,0.0,0.0,0.00020266161807172553,0.1999349147044235,0.1999349147044235,0.0
2008-10-22,1.2360744766494285e-05,0.0,0.0,1.2360744766494285e-05,0.200097024335772,0.200097024335772,0.0
2008-10-23,7.102721095556974e-05,0.0,0.0,7.102721095556974e-05,0.2001069116100781,0.2001069116100781,0.0
2008-10-24,-2.546952501562477e-05,0.0,0.0,-2.546952501562477e-05,0.20016372175014324,0.20016372175014324,0.0
2008-10-27,-9.779234297900737e-05,0.0,0.0,-9.779234297900737e-05,0.2001433497811816,0.2001433497811816,0.0
2008-10-28,9.728694117272468e-05,0.0,0.0,9.728694117272468e-05,0.20006512227525827,0.20006512227525827,0.0
2008-10-29,-4.917000851622521e-05,0.0,0.0,-4.917000851622521e-05,0.20014293792220322,0.20014293792220322,0.0
2008-10-30,0.00021401781699966458,6.946339405107502e-08,0.0,0.0002139483536056135,0.20000000003234322,0.20000000003234322,0.0003471410259807822
2008-10-31,-6.133079870711527e-05,0.0,0.0,-6.133079870711527e-05,0.20017119155247096,0.20017119155247096,0.0
2008-11-03,0.00015882315526852205,0.0,0.0,0.00015882315526852205,0.20012213440410578,0.20012213440410578,0.0
2008-11-04,8.071581948308944e-06,0.0,0.0,8.071581948308944e-06,0.2002491533569983,0.2002491533569983,0.0
2008-11-05,0.000222419892935934,0.0,0.0,0.000222419892935934,0.20025560855939153,0.20025560855939153,0.0
2008-11-06,0.00018846115846877365,0.0,0.0,0.00018846115846877365,0.20043344806626778,0.20043344806626778,0.0
2008-11-07,-0.00017902718841930675,0.0,0.0,-0.00017902718841930675,0.2005841069115776,0.2005841069115776,0.0
2008-11-10,0.0002884662991292785,0.0,0.0,0.0002884662991292785,0.20044096410540613,0.20044096410540613,0.0
2008-11-11,7.164381050001958e-05,0.0,0.0,7.164381050001958e-05,0.2006715434270624,0.2006715434270624,0.0
2008-11-12,0.00017680936995353116,0.0,0.0,0.00017680936995353116,0.20072880626100478,0.20072880626100478,0.0
2008-11-13,-0.00024851409621670894,1.7416373870735983e-07,0.0,-0.0002486882599554163,0.20000000003097054,0.20000000003097054,0.0008700998841792706
2008-11-14,-2.3684665871665585e-05,0.0,0.0,-2.3684665871665585e-05,0.19980117414108803,0.19980117414108803,0.0
2008-11-17,0.0002210986470937291,0.0,0.0,0.0002210986470937291,0.1997822212503738,0.1997822212503738,0.0
2008-11-18,-2.156109553735382e-06,0.0,0.0,-2.156109553735382e-06,0.19995910920894733,0.19995910920894733,0.0
2008-11-19,0.00012025938500451281,0.0,0.0,0.00012025938500451281,0.19995738422942014,0.19995738422942014,0.0
2008-11-20,0.0002546076076678976,0.0,0.0,0.0002546076076678976,0.2000535852932893,0.2000535852932893,0.0
2008-11-21,-0.0001874588353069025,0.0,0.0,-0.0001874588353069025,0.2002572058928466,0.2002572058928466,0.0
2008-11-24,-0.0002267339312969218,0.0,0.0,-0.0002267339312969218,0.20010725893123535,0.20010725893123535,0.0
2008-11-25,0.00010472005239040465,0.0,0.0,0.00010472005239040465,0.1999258549750048,0.1999258549750048,0.0
2008-11-26,0.00035115450021702926,0.0,0.0,0.00035115450021702926,0.20000963000846214,0.20000963000846214,0.0
2008-11-28,-0.00024550546038194115,5.8120405560501163e-08,0.0,-0.00024556358078750166,0.20000000003194987,0.20000000003194987,0.0002904515832941046
2008-12-01,0.0004388916918119035,0.0,0.0,0.0004388916918119035,0.1998035590489821,0.1998035590489821,0.0
2008-12-02,7.528336103336259e-05,0.0,0.0,7.528336103336259e-05,0.2001546045477801,0.2001546045477801,0.0
2008-12-03,-6.956303282054756e-05,0.0,0.0,-6.956303282054756e-05,0.20021481506460673,0.20021481506460673,0.0
2008-12-04,-1.9794971680739485e-05,0.0,0.0,-1.9794971680739485e-05,0.20015917571109548,0.20015917571109548,0.0
2008-12-05,-0.00011844620114759482,0.0,0.0,-0.00011844620114759482,0.20014334257121305,0.20014334257121305,0.0
2008-12-08,-0.00012023389614955856,0.0,0.0,-0.00012023389614955856,0.20004859136575767,0.20004859136575767,0.0
2008-12-09,0.0002643256678209437,0.0,0.0,0.0002643256678209437,0.19995239852552726,0.19995239852552726,0.0
2008-12-10,-6.504651537053198e-05,0.0,0.0,-6.504651537053198e-05,0.20016381575907405,0.20016381575907405,0.0
2008-12-11,0.0001280190544816122,0.0,0.0,0.0001280190544816122,0.2001117858180556,0.2001117858180556,0.0
2008-12-12,9.061410444299688e-05,8.91294533830636e-08,0.0,9.052497498961381e-05,0.1997688078923711,0.1997688078923711,0.00044536575096250364
2008-12-15,4.9018481588084824e-05,0.0,0.0,4.9018481588084824e-05,0.1998413313652903,0.1998413313652903,0.0
2008-12-16,0.00011249643857867532,0.0,0.0,0.00011249643857867532,0.19988055200572008,0.19988055200572008,0.0
2008-12-17,-0.0002774320197126113,0.0,0.0,-0.0002774320197126113,0.19997055246932538,0.19997055246932538,0.0
2008-12-18,-1.813606033225358e-05,0.0,0.0,-1.813606033225358e-05,0.19974853708969226,0.19974853708969226,0.0
2008-12-19,-2.9027537228854066e-05,0.0,0.0,-2.9027537228854066e-05,0.19973402341765903,0.19973402341765903,0.0
2008-12-22,-5.798378997864886e-05,0.0,0.0,-5.798378997864886e-05,0.1997107929929088,0.1997107929929088,0.0
2008-12-23,-8.51066740326044e-05,0.0,0.0,-8.51066740326044e-05,0.1996643865007833,0.1996643865007833,0.0
2008-12-24,0.00013222692350120906,0.0,0.0,0.00013222692350120906,0.19959626680116752,0.19959626680116752,0.0
2008-12-26,0.00011790861729270818,0.0,0.0,0.00011790861729270818,0.1997020877319911,0.1997020877319911,0.0
2008-12-29,-0.0001328420362950826,4.0728350264756484e-08,7.035302696525726e-18,-0.0001328827646453544,0.2000000000290028,0.20000000002883161,0.00020356140739596906
2008-12-30,0.000443583753417118,0.0,2.3533363008760757e-18,0.0004435837534171157,0.19989372042291337,0.19989372042274162,0.0
2008-12-31,-0.0002652474895072156,0.0,2.344358107737583e-18,-0.00026524748950721794,0.20024847720519515,0.200248477205024,0.0
2009-01-02,-0.000511146384299886,0.0,4.809599964949926e-18,-0.0005111463842998908,0.20003628883911723,0.2000362888389417,0.0
2009-01-05,0.00020140948910939022,0.0,7.331753587877204e-18,0.0002014094891093829,0.19962718116668146,0.19962718116650305,0.0
2009-01-06,6.925122453416148e-05,0.0,2.4384707292667584e-18,6.925122453415904e-05,0.1997883513860078,0.19978835138582982,0.0
2009-01-07,8.155507475116979e-05,0.0,2.2117840835545587e-18,8.155507475116758e-05,0.19984376318520936,0.1998437631850479,0.0
2009-01-08,-8.537789870894906e-05,0.0,2.257497718747299e-18,-8.537789870895133e-05,0.19990901466532945,0.19990901466516464,0.0
2009-01-09,0.0001364759817681502,0.0,2.2748046334630495e-18,0.00013647598176814792,0.19984069874555718,0.19984069874539112,0.0
2009-01-12,-1.9809113643285574e-05,0.0,6.923483590338839e-18,-1.9809113643292496e-05,0.19994988637028094,0.19994988637011246,0.0
2009-01-13,0.0001425520665969188,7.819468303829336e-09,2.226542267249853e-18,0.00014254424712861275,0.19989494868115262,0.1998949486809901,3.908909155445062e-05
2009-01-14,0.00014013282372222878,0.0,2.2546489591262167e-18,0.00014013282372222653,0.20000899061676525,0.20000899061660066,0.0
2009-01-15,-8.470369436431606e-05,0.0,2.2834937268913942e-18,-8.470369436431834e-05,0.2001210799084757,0.200121079908309,0.0
2009-01-16,-1.797061199284441e-05,0.0,2.2757391788313645e-18,-1.7970611992846688e-05,0.20005332146950908,0.20005332146934296,0.0
2009-01-20,-0.00012702305962736723,0.0,8.894792747833218e-18,-0.00012702305962737612,0.2000389456797887,0.20003894567962632,0.0
2009-01-21,2.0421668529920926e-05,0.0,2.171128050965916e-18,2.0421668529918754e-05,0.19993731927018485,0.19993731927002636,0.0
2009-01-22,6.916710808132012e-05,0.0,2.1393189726991694e-18,6.916710808131798e-05,0.1999536575513966,0.19995365755124045,0.0
2009-01-23,-4.552285630683234e-05,0.0,2.155457310453561e-18,-4.55228563068345e-05,0.2000089906160079,0.2000089906158506,0.0
2009-01-26,-0.00015203347944347473,0.0,6.538346983502924e-18,-0.00015203347944348127,0.19997257108232155,0.19997257108216246,0.0
2009-01-27,6.302043843923833e-05,0.0,2.1760901816594376e-18,6.302043843923615e-05,0.1998509216338638,0.19985092163370494,0.0
2009-01-28,-7.91331442607532e-05,7.276394212875292e-09,6.599134574928754e-18,-7.914042065497267e-05,0.19993771877659794,0.1999377187761162,3.637458060656851e-05
2009-01-29,-0.00018952050957091394,0.0,6.7155034960753454e-18,-0.00018952050957092066,0.19987440377673868,0.19987440377624846,0.0
2009-01-30,0.00014635867333965663,0.0,6.7391045372633524e-18,0.00014635867333964988,0.19972273482164568,0.19972273482115374,0.0
2009-02-02,0.00015365425389930908,0.0,2.0140391891952827e-17,0.00015365425389928894,0.19983984520035958,0.1998398451998695,0.0
2009-02-03,-0.00019391672874997877,0.0,6.579012559404885e-18,-0.00019391672874998536,0.19996277432335288,0.1999627743228726,0.0
2009-02-04,-0.00010080188323615324,0.0,6.658272160444334e-18,-0.0001008018832361599,0.19980760363148423,0.19980760363099817,0.0
2009-02-05,-1.9770090868086356e-05,0.0,6.58426205905094e-18,-1.977009086809294e-05,0.19972693459938318,0.1997269345989025,0.0
2009-02-06,-0.00021199310715631957,0.0,6.525475234172507e-18,-0.0002119931071563261,0.19971111281535855,0.19971111281488219,0.0
2009-02-09,9.519068044308023e-05,0.0,1.966139981617843e-17,9.519068044306057e-05,0.19954142111407255,0.19954142111359413,0.0
2009-02-10,0.00020365756370092146,0.0,6.5889869576397035e-18,0.00020365756370091488,0.1996176100583883,0.19961761005790735,0.0
2009-02-11,-4.5483875270780216e-05,3.448472488822612e-08,8.07047008263281e-18,-4.551835999567651e-05,0.1999529290596592,0.19995292905907006,0.0001723482683418931
2009-02-12,0.00011887990492645943,0.0,8.034368867904452e-18,0.0001188799049264514,0.19991654505765272,0.19991654505706624,0.0
2009-02-13,-0.00010296301679996212,0.0,7.917399940173805e-18,-0.00010296301679997004,0.2000116475969202,0.20001164759634224,0.0
2009-02-17,0.00026151268237118846,0.0,3.169230034067433e-17,0.00026151268237115674,0.19992926990089624,0.19992926990031787,0.0
2009-02-18,-0.00014470781168264178,0.0,7.837134170409366e-18,-0.0001447078116826496,0.2001384438419666,0.2001384438413945,0.0
2009-02-19,-3.557161409119474e-05,0.0,7.889460565312564e-18,-3.557161409120263e-05,0.200022680874724,0.20002268087414807,0.0
2009-02-20,8.315338173624493e-05,0.0,7.83475180665671e-18,8.31533817362371e-05,0.19999422337796322,0.19999422337739128,0.0
2009-02-23,-3.3660577438637975e-05,0.0,2.3322088281328294e-17,-3.36605774386613e-05,0.2000607410325256,0.2000607410319581,0.0
2009-02-24,-0.00013666236489385576,0.0,7.845509113430652e-18,-0.0001366623648938636,0.20003381370876885,0.20003381370819615,0.0
2009-02-25,-0.000233766633987144,0.0,7.954109789362507e-18,-0.00023376663398715195,0.19992447349523082,0.19992447349465017,0.0
2009-02-26,6.950167632137161e-05,3.980029073793419e-08,7.044404854173624e-18,6.946187603062663e-05,0.1999363037440796,0.19993630374356539,0.00019890494350351118
2009-02-27,0.00012503211376844932,0.0,7.030390720021597e-18,0.0001250321137684423,0.19999191360688995,0.19999191360637672,0.0
2009-03-02,0.00028417103276145766,0.0,2.1028464672702617e-17,0.00028417103276143663,0.20009192780397558,0.2000919278034639,0.0
2009-03-03,-0.0001053287824230199,0.0,6.983205669191597e-18,-0.00010532878242302689,0.2003191739301976,0.20031917392968782,0.0
2009-03-04,-0.0001072223571685795,0.0,6.94833335014667e-18,-0.00010722235716858645,0.20023493564974246,0.20023493564923525,0.0
2009-03-05,0.00014097317556966687,0.0,6.8652834062024866e-18,0.00014097317556966001,0.20014917375876357,0.2001491737582624,0.0
2009-03-06,-9.323461828832445e-05,0.0,6.844546232610117e-18,-9.32346182883313e-05,0.2002619153761756,0.20026191537567595,0.0
2009-03-09,-9.543440751193996e-05,0.0,2.039493205077845e-17,-9.543440751196036e-05,0.2001873451485949,0.20018734514809863,0.0
2009-03-10,-5.967741355180072e-05,0.0,6.772018363751535e-18,-5.967741355180749e-05,0.20011100821658676,0.2001110082160924,0.0
2009-03-11,4.7659335585178e-05,0.0,6.793439647565335e-18,4.76593355851712e-05,0.20006327006154048,0.20006327006104457,0.0
2009-03-12,-7.820167352034785e-06,2.0284609414161776e-08,6.964980619922662e-18,-7.84045196145591e-06,0.20000000002294283,0.2000000000224344,0.00010139267476974578
2009-03-13,6.172775819578513e-05,0.0,7.026645243918963e-18,6.172775819577811e-05,0.1999937478969683,0.19999374789645535,0.0
2009-03-16,-0.00015291411920893884,0.0,2.1219926169292566e-17,-0.00015291411920896007,0.20004312744136804,0.2000431274408517,0.0
2009-03-17,4.158658889155757e-05,0.0,7.134664232344266e-18,4.158658889155044e-05,0.19992078403276545,0.19992078403224464,0.0
2009-03-18,0.0004032437487081981,0.0,7.141012392589536e-18,0.00040324374870819095,0.19995405521456605,0.19995405521404475,0.0
2009-03-19,-0.00018448831570365583,0.0,7.227105947553898e-18,-0.00018448831570366307,0.20027653870103665,0.20027653870050907,0.0
2009-03-20,0.00016271906461435426,0.0,7.312507754145523e-18,0.00016271906461434694,0.20012897184227782,0.20012897184174402,0.0
2009-03-23,-6.166418036417821e-05,0.0,2.1892290743976085e-17,-6.16641803642001e-05,0.200259104932656,0.20025910493212332,0.0
2009-03-24,-0.00015288547725633353,0.0,7.294589960543786e-18,-0.00015288547725634082,0.20020978652467855,0.20020978652414603,0.0
2009-03-25,1.9749783311523938e-05,0.0,7.333034870594142e-18,1.9749783311516606e-05,0.20008749151905883,0.20008749151852354,0.0
2009-03-26,0.00010924751175257186,2.0663409350782204e-08,7.289583136914377e-18,0.00010922684834321378,0.20000000002459786,0.20000000002406573,0.00010328928116562497
2009-03-27,6.943002001078817e-05,0.0,7.270602427483886e-18,6.94300200107809e-05,0.20008739262105993,0.20008739262052916,0.0
2009-03-30,7.349261868924581e-05,0.0,2.190843546373357e-17,7.34926186892239e-05,0.20014292671366637,0.20014292671313327,0.0
2009-03-31,9.931559553925743e-05,0.0,7.22880766474582e-18,9.93155955392502e-05,0.20020170598471143,0.20020170598418374,0.0
2009-04-01,-5.270950190030184e-06,0.0,7.279344410633444e-18,-5.270950190037463e-06,0.2002811305404995,0.20028113053996813,0.0
2009-04-02,-0.00023246308453272232,0.0,7.288127323423098e-18,-0.0002324630845327296,0.20027691523995456,0.20027691523942254,0.0
2009-04-03,-0.00016114243848816082,0.0,7.382168251150257e-18,-0.0001611424384881682,0.20009096591855313,0.20009096591801423,0.0
2009-04-06,4.98112701754231e-05,0.0,2.212176706962072e-17,4.9811270175400974e-05,0.19996204585173794,0.19996204585119964,0.0
2009-04-07,3.5717984257763776e-05,0.0,7.479014251593033e-18,3.5717984257756295e-05,0.20000189477350488,0.20000189477295893,0.0
2009-04-08,4.35920683405759e-05,0.0,7.478929609084396e-18,4.359206834056842e-05,0.20003046807265296,0.200030468072107,0.0
2009-04-09,-0.00018450725919488264,2.677283467436031e-08,4.01882146032738e-18,-0.000184534032029561,0.200000000026357,0.20000000002606363,0.00013383078470412257
2009-04-13,0.0002561386136720331,0.0,1.5989333738340064e-17,0.0002561386136720171,0.1998523723312374,0.1998523723309456,0.0
2009-04-14,3.985750708231621e-05,0.0,4.081108775324189e-18,3.985750708231213e-05,0.20005726855349334,0.20005726855319542,0.0
2009-04-15,4.759119300391282e-05,0.0,4.035602472344269e-18,4.759119300390878e-05,0.20008915100581906,0.20008915100552446,0.0
2009-04-16,-7.753138732518877e-05,0.0,4.106599948694721e-18,-7.753138732519287e-05,0.20012721790577548,0.20012721790547566,0.0
2009-04-17,-0.0002163677195494428,0.0,4.085605331522449e-18,-0.0002163677195494469,0.2000651978507936,0.20006519785049534,0.0
2009-04-20,0.00013902844603616866,0.0,1.230572761772877e-17,0.00013902844603615636,0.19989208032482117,0.19989208032452174,0.0
2009-04-21,-9.792826530656184e-06,0.0,4.058708047239385e-18,-9.792826530660243e-06,0.20000330262248855,0.20000330262219226,0.0
2009-04-22,6.535071715013439e-05,0.0,4.058747793852463e-18,6.535071715013034e-05,0.19999546831688605,0.19999546831658976,0.0
2009-04-23,-2.8027996696610825e-05,0.0,4.0648342023657805e-18,-2.802799669661489e-05,0.20004774577038625,0.20004774577008955,0.0
2009-04-24,2.52310769343124e-13,1.1088802367233272e-08,2.720651358358844e-18,-1.108855005918458e-08,0.20000000002524831,0.2000000000250497,5.5434039890112086e-05
2009-04-27,9.758632896696508e-05,0.0,8.17629039316296e-18,9.75863289669569e-05,0.20000000224321096,0.200000002243012,0.0
2009-04-28,-7.36597080051248e-05,0.0,2.715404874549072e-18,-7.365970800512751e-05,0.20007806368843511,0.20007806368823688,0.0
2009-04-29,2.5945764102017536e-05,0.0,2.724800688490327e-18,2.594576410201481e-05,0.200019137331682,0.20001913733148305,0.0
2009-04-30,8.340021767807472e-05,0.0,2.7221685634904643e-18,8.3400217678072e-05,0.20003989290791135,0.20003989290771265,0.0
2009-05-01,-4.261152832398627e-05,0.0,2.747503911745567e-18,-4.261152832398901e-05,0.2001066041912429,0.20010660419104234,0.0
2009-05-04,-0.00015455111867481827,0.0,8.270481108062144e-18,-0.00015455111867482654,0.20007251805868975,0.20007251805848847,0.0
2009-05-05,-2.126982639035402e-06,0.0,2.7547451595525508e-18,-2.1269826390381567e-06,0.19994886926143682,0.1999488692612357,0.0
2009-05-06,3.7907898680848937e-05,0.0,2.77026327844667e-18,3.7907898680846165e-05,0.19994716756295305,0.19994716756275083,0.0
2009-05-07,-0.00014333126410449504,0.0,2.7823588574384372e-18,-0.00014333126410449783,0.199977494735026,0.19997749473482287,0.0
2009-05-08,9.361413499667641e-05,2.744562854617609e-08,7.496856019166031e-18,9.358668936812273e-05,0.2000000000235169,0.2000000000229696,0.00013718996801681538
2009-05-11,0.000145323083873281,0.0,2.2526595480959766e-17,0.00014532308387325848,0.2000748898119513,0.20007488981140312,0.0
2009-05-12,7.538791152300165e-05,0.0,7.51061002623136e-18,7.538791152299414e-05,0.200191120504829,0.20019112050428073,0.0
2009-05-13,-1.7677997809210464e-05,0.0,7.487517428903914e-18,-1.7677997809217952e-05,0.2002514118806291,0.20025141188008252,0.0
2009-05-14,5.7632281639248984e-05,0.0,7.4678734177598e-18,5.763228163924152e-05,0.2002372736769039,0.2002372736763587,0.0
2009-05-15,-1.1955738878821964e-05,0.0,7.468560061859283e-18,-1.1955738878829433e-05,0.20028336317134932,0.20028336317080409,0.0
2009-05-18,-3.010150120988687e-05,0.0,2.2356975188864092e-17,-3.0101501209909227e-05,0.20027380185374855,0.20027380185320454,0.0
2009-05-19,3.800953826119983e-05,0.0,7.465491619492459e-18,3.800953826119236e-05,0.20024972816997433,0.20024972816942935,0.0
2009-05-20,4.402446294310807e-05,0.0,7.488745458949339e-18,4.402446294310058e-05,0.20028012515315727,0.2002801251526106,0.0
2009-05-21,-6.584876585690801e-05,0.0,7.493317202379989e-18,-6.584876585691551e-05,0.20031533084124115,0.20031533084069414,0.0
2009-05-22,4.560691044837743e-05,5.255063420164157e-08,7.52514701746374e-18,4.5554359814168265e-05,0.20000000002467394,0.2000000000241246,0.0002626691003216608
2009-05-26,-0.00010926826599452504,0.0,3.0038470830300775e-17,-0.00010926826599455507,0.20003649440067936,0.2000364944001312,0.0
2009-05-27,-2.385873622649751e-05,0.0,7.508766331519195e-18,-2.3858736226505017e-05,0.19994907422331235,0.19994907422276417,0.0
2009-05-28,-3.3778524523172584e-05,0.0,7.499452267247482e-18,-3.3778524523180086e-05,0.19992998556387445,0.199929985563327,0.0
2009-05-29,0.00016493940619949913,0.0,7.480024917458165e-18,0.00016493940619949165,0.19990295946636838,0.19990295946582232,0.0
2009-06-01,-0.00016090719500395925,0.0,2.2378589878530964e-17,-0.00016090719500398164,0.200034905234078,0.20003490523353346,0.0
2009-06-02,-3.590814227255225e-05,0.0,7.486367031244068e-18,-3.5908142272559736e-05,0.19990616437925018,0.19990616437870368,0.0
2009-06-03,0.00022275165588116105,0.0,7.484126425129466e-18,0.00022275165588115357,0.19987743346429537,0.19987743346374903,0.0
2009-06-04,-9.543404378320424e-05,0.0,7.485658282326676e-18,-9.543404378321172e-05,0.200055622399019,0.20005562239847255,0.0
2009-06-05,-0.0006782895445303635,0.0,7.511070886451708e-18,-0.000678289544530371,0.1999792731859506,0.19997927318540232,0.0
2009-06-08,-0.00024261660948227302,1.3577812303225452e-07,1.164624768020783e-16,-0.00024275238760542174,0.20000000001335255,0.20000000001051862,0.0006785153015813755
2009-06-09,0.0002065605303630337,0.0,3.8643410646481286e-17,0.00020656053036299506,0.1998058867599252,0.1998058867571042,0.0
2009-06-10,9.835931537386674e-06,0.0,3.859065006656089e-17,9.835931537348083e-06,0.19997114114531273,0.1999711411424956,0.0
2009-06-11,-5.346296640908775e-05,0.0,3.81638600664318e-17,-5.346296640912591e-05,0.19997901009696675,0.1999790100941808,0.0
2009-06-12,0.00019544646514115115,0.0,3.843355873890554e-17,0.00019544646514111272,0.19993623631486326,0.1999362363120576,0.0
2009-06-15,7.214464351296272e-05,0.0,1.1538212581846377e-16,7.214464351284733e-05,0.20009257539344538,0.20009257539063774,0.0
2009-06-16,0.00012990656592820347,0.0,3.8512043197649484e-17,0.00012990656592816495,0.20015028026634346,0.2001502802635321,0.0
2009-06-17,0.00010809404782346029,0.0,3.840548122009321e-17,0.00010809404782342188,0.20025417250040195,0.20025417249759836,0.0
2009-06-18,-0.00018992009104577598,0.0,3.865693618251392e-17,-0.00018992009104581463,0.20034061092066624,0.20034061091784428,0.0
2009-06-19,8.185327191117313e-05,0.0,3.8549249833781095e-17,8.185327191113459e-05,0.2001887106877722,0.20018871068495808,0.0
2009-06-22,0.0001317952239555076,5.085137167470145e-08,1.1498746343522893e-16,0.0001317443725837179,0.20000000001591609,0.20000000001311807,0.0002541724845184362
2009-06-23,6.981831700814771e-14,0.0,3.8202181160242203e-17,6.978011482698747e-14,0.20010543247521065,0.2001054324724219,0.0
2009-06-24,-1.1908638550793264e-05,0.0,3.80470210105274e-17,-1.1908638550831311e-05,0.20010543247525525,0.20010543247247778,0.0
2009-06-25,0.00019175034269565633,0.0,3.8103978580000115e-17,0.00019175034269561822,0.200095906706537,0.2000959067037554,0.0
2009-06-26,4.795804300182535e-05,0.0,3.81251729767707e-17,4.795804300178723e-05,0.20024925918516145,0.20024925918237832,0.0
2009-06-29,3.388504376799879e-14,0.0,1.152580158625474e-16,3.376978575213624e-14,0.2002876118262842,0.20028761182347962,0.0
2009-06-30,-3.374570373922157e-05,0.0,3.850324424119588e-17,-3.374570373926007e-05,0.20028761182631746,0.2002876118235067,0.0
2009-07-01,0.0001005767884689793,0.0,3.846779655494571e-17,0.00010057678846894083,0.20026062405826564,0.2002606240554575,0.0
2009-07-02,0.00012970781411721064,0.0,3.857308206596126e-17,0.00012970781411717207,0.20034105118721568,0.20034105118439985,0.0
2009-07-06,1.4242815580169601e-05,0.0,1.535356827433649e-16,1.4242815580016066e-05,0.20044475974968107,0.20044475974687906,0.0
2009-07-07,-1.1852133617048354e-05,1.2192108625663655e-07,7.477756362291639e-18,-1.1974054703312468e-05,0.20000000001277574,0.20000000001222984,0.0006093099782087386
2009-07-08,0.00017696920280942135,0.0,7.358346885040382e-18,0.000176969202809414,0.1999905425768469,0.19999054257630972,0.0
2009-07-09,-6.962597711415653e-05,0.0,7.294902688928419e-18,-6.962597711416382e-05,0.20013209456242045,0.20013209456188794,0.0
2009-07-10,9.5456589809371e-05,0.0,7.345228347427795e-18,9.545658980936365e-05,0.20007639910009475,0.20007639909955857,0.0
2009-07-13,-3.789719921089476e-05,0.0,2.195143901495651e-17,-3.789719921091671e-05,0.20015274979096612,0.20015274979043193,0.0
2009-07-14,-7.156179146831614e-05,0.0,7.286163028536755e-18,-7.156179146832343e-05,0.20012243667160207,0.20012243667107013,0.0
2009-07-15,-0.0002822857936376693,0.0,7.34756368184287e-18,-0.0002822857936376767,0.20006519190368122,0.20006519190314487,0.0
2009-07-16,0.0001988648871338902,0.0,7.382722027477654e-18,0.00019886488713388283,0.19983931791050233,0.19983931790996343,0.0
2009-07-17,-3.576875403881986e-05,0.0,7.528209216387996e-18,-3.576875403882739e-05,0.19999841013638828,0.19999841013583872,0.0
2009-07-20,-5.5563627810822816e-05,0.0,2.2724193839290925e-17,-5.5563627810845536e-05,0.1999697940527315,0.1999697940521786,0.0
2009-07-21,0.00011928724744901108,2.4978710050825204e-09,2.797153356863553e-18,0.0001192847495780032,0.19993782742911112,0.19993782742890695,1.248842741297107e-05
2009-07-22,-2.5924680753249105e-05,0.0,2.806198442578853e-18,-2.592468075325191e-05,0.20003325375997882,0.20003325375977396,0.0
2009-07-23,-0.00020084549540182658,0.0,2.837456587946e-18,-0.00020084549540182943,0.2000125143398088,0.20001251433960165,0.0
2009-07-24,3.7875315981099155e-05,0.0,2.796970708455228e-18,3.7875315981096356e-05,0.1998518081798248,0.19985180817962062,0.0
2009-07-27,-7.149004911315981e-05,0.0,8.519531289827235e-18,-7.149004911316833e-05,0.19988211289762403,0.1998821128974167,0.0
2009-07-28,-3.798275269879727e-05,0.0,2.8324960157217942e-18,-3.79827526988001e-05,0.1998249083410217,0.1998249083408149,0.0
2009-07-29,-5.959532586264193e-05,0.0,2.7974132940548343e-18,-5.959532586264473e-05,0.19979451433394885,0.19979451433374465,0.0
2009-07-30,3.3747494165183146e-05,0.0,2.707611920373016e-18,3.3747494165180436e-05,0.19974682298508548,0.19974682298488783,0.0
2009-07-31,0.0001015558381299752,0.0,2.8042351098116192e-18,0.00010155583812997239,0.19977382861314225,0.19977382861293755,0.0
2009-08-03,-0.00011484656150341568,0.0,8.475322767236135e-18,-0.00011484656150342415,0.19985508800030738,0.19985508800010113,0.0
2009-08-04,-6.207760052624048e-05,4.913900096489269e-08,0.0,-6.212673952720538e-05,0.20000000001922028,0.20000000001922028,0.0002456038104735325
2009-08-05,-5.7622360693476326e-05,0.0,0.0,-5.7622360693476326e-05,0.19995034468167644,0.19995034468167644,0.0
2009-08-06,-9.998792620520718e-14,0.0,0.0,-9.998792620520718e-14,0.19990424127527787,0.19990424127527787,0.0
2009-08-07,-0.00016772746251186578,0.0,0.0,-0.00016772746251186578,0.19990424127519785,0.19990424127519785,0.0
2009-08-10,0.00015580854321310382,0.0,0.0,0.00015580854321310382,0.19977002073134922,0.19977002073134922,0.0
2009-08-11,0.00010777877758368922,0.0,0.0,0.00010777877758368922,0.19989468397505616,0.19989468397505616,0.0
2009-08-12,7.954288924933039e-05,0.0,0.0,7.954288924933039e-05,0.19998090905472188,0.19998090905472188,0.0
2009-08-13,0.00012410861008453795,0.0,0.0,0.00012410861008453795,0.20004453982329512,0.20004453982329512,0.0
2009-08-14,0.0001155284693501677,0.0,0.0,0.0001155284693501677,0.20014380886344457,0.20014380886344457,0.0
2009-08-17,6.41892407785019e-05,0.0,0.0,6.41892407785019e-05,0.20023620435059766,0.20023620435059766,0.0
2009-08-18,1.9672367163531577e-05,7.191030267712203e-08,0.0,1.9600456860854454e-05,0.20000000002342663,0.20000000002342663,0.00035940930868041954
2009-08-19,4.2352656291988576e-06,0.0,0.0,4.2352656291988576e-06,0.20001575199047172,0.20001575199047172,0.0
2009-08-20,-2.0961008774716684e-06,0.0,0.0,-2.0961008774716684e-06,0.20001914012191166,0.20001914012191166,0.0
2009-08-21,-0.00017702523014071988,0.0,0.0,-0.00017702523014071988,0.20001746327781444,0.20001746327781444,0.0
2009-08-24,0.0001194510800123752,0.0,0.0,0.0001194510800123752,0.19987582111090546,0.19987582111090546,0.0
2009-08-25,3.096914063563388e-14,0.0,0.0,3.096914063563388e-14,0.19997138539296105,0.19997138539296105,0.0
2009-08-26,8.150718639889878e-05,0.0,0.0,8.150718639889878e-05,0.1999713853929859,0.1999713853929859,0.0
2009-08-27,-1.1994550715379448e-05,0.0,0.0,-1.1994550715379448e-05,0.20003658815990707,0.20003658815990707,0.0
2009-08-28,0.00012930764575778042,0.0,0.0,0.00012930764575778042,0.20002699284310177,0.20002699284310177,0.0
2009-08-31,7.164077349706501e-05,0.0,0.0,7.164077349706501e-05,0.20013042209513396,0.20013042209513396,0.0
2009-09-01,2.002877249375784e-05,3.755504688516452e-08,0.0,1.9991217446872674e-05,0.20000000002400345,0.20000000002400345,0.00018772124143144608
2009-09-02,0.00019453901535316053,0.0,0.0,0.00019453901535316053,0.20001603023254405,0.20001603023254405,0.0
2009-09-03,-9.541623243564722e-05,0.0,0.0,-9.541623243564722e-05,0.20017162805647343,0.20017162805647343,0.0
2009-09-04,-4.77538256517451e-05,0.0,0.0,-4.77538256517451e-05,0.20009530416408916,0.20009530416408916,0.0
2009-09-08,1.2018404717582489e-05,0.0,0.0,1.2018404717582489e-05,0.20005710383049413,0.20005710383049413,0.0
2009-09-09,-5.359548576594903e-05,0.0,0.0,-5.359548576594903e-05,0.20006671775242724,0.20006671775242724,0.0
2009-09-10,8.16358653969452e-05,0.0,0.0,8.16358653969452e-05,0.20002384264167244,0.20002384264167244,0.0
2009-09-11,-5.7687428778184614e-05,0.0,0.0,-5.7687428778184614e-05,0.20008914405663783,0.20008914405663783,0.0
2009-09-14,-5.963444617044316e-05,0.0,0.0,-5.963444617044316e-05,0.20004299659397823,0.20004299659397823,0.0
2009-09-15,4.767747257000701e-05,0.0,0.0,4.767747257000701e-05,0.19999528875608946,0.19999528875608946,0.0
2009-09-16,-0.00029763837909581824,1.5226831047787396e-05,5.157340899992153e-19,-0.0003128652101436062,0.2723831507742468,0.2723831507742091,0.07250340358385997
2009-09-17,0.0005814240453690209,0.0,5.459897310992702e-19,0.0005814240453690204,0.2721706651274932,0.27217066512745336,0.0
2009-09-18,-1.3081491095046631e-05,0.0,5.239725952363246e-19,-1.3081491095047155e-05,0.272593596701125,0.27259359670108674,0.0
2009-09-21,0.00010120092710376258,0.0,1.6217232746261868e-18,0.00010120092710376096,0.27258408101625964,0.2725840810162201,0.0
2009-09-22,0.00022994919938301316,0.0,5.22407366950105e-19,0.00022994919938301264,0.27265768873248036,0.2726576887324422,0.0
2009-09-23,0.00026776081686609617,0.0,5.293042557245623e-19,0.0002677608168660956,0.2728249020640625,0.2728249020640239,0.0
2009-09-24,-0.0004496830495357485,0.0,5.419346755565175e-19,-0.000449683049535749,0.2730195589408071,0.2730195589407675,0.0
2009-09-25,0.0003894911989955419,0.0,5.554743307451478e-19,0.00038949119899554135,0.2726925010867465,0.27269250108670595,0.0
2009-09-28,0.000190153792248537,0.0,1.6657815262199175e-18,0.00019015379224853534,0.27297567066447836,0.27297567066443784,0.0
2009-09-29,5.051183664061424e-05,0.0,5.468899952142736e-19,5.051183664061369e-05,0.2731138908146721,0.27311389081463217,0.0
2009-09-30,0.0007581649950851709,1.6825094444399505e-05,0.0,0.0007413399006407714,0.3508496787704225,0.3508496787704225,0.07769907345794008
2009-10-01,-0.0005581556887719288,0.0,0.0,-0.0005581556887719288,0.3513473759367403,0.3513473759367403,0.0
2009-10-02,-0.000360718975550191,0.0,0.0,-0.000360718975550191,0.3509851245919337,0.3509851245919337,0.0
2009-10-05,0.0009604216127769489,0.0,0.0,0.0009604216127769489,0.35075092813185255,0.35075092813185255,0.0
2009-10-06,0.0004204352697998251,0.0,0.0,0.0004204352697998251,0.35137388267354436,0.35137388267354436,0.0
2009-10-07,-0.0004134092065266382,0.0,0.0,-0.0004134092065266382,0.35164647336344157,0.35164647336344157,0.0
2009-10-08,-0.0004988958513673283,0.0,0.0,-0.0004988958513673283,0.3513783271923501,0.3513783271923501,0.0
2009-10-09,-0.0010262673985806982,0.0,0.0,-0.0010262673985806982,0.35105457101006327,0.35105457101006327,0.0
2009-10-12,0.0001290882060482647,0.0,0.0,0.0001290882060482647,0.35038789528527114,0.35038789528527114,0.0
2009-10-13,-1.4951569526811806e-05,0.0,0.0,-1.4951569526811806e-05,0.3504717417229098,0.3504717417229098,0.0
2009-10-14,-0.0019571504875569874,5.1725463311179065e-05,0.0,-0.0020088759508681666,0.5998268961602177,0.5998268961602177,0.2500000000141095
2009-10-15,0.0006694385643497009,0.0,0.0,0.0006694385643497009,0.599073209435906,0.599073209435906,0.0
2009-10-16,0.00016188615256392842,0.0,0.0,0.00016188615256392842,0.599341425736655,0.599341425736655,0.0
2009-10-19,0.0010046831217382596,0.0,0.0,0.0010046831217382596,0.5994062763133241,0.5994062763133241,0.0
2009-10-20,0.001139564568798014,0.0,0.0,0.001139564568798014,0.5998083421174593,0.5998083421174593,0.0
2009-10-21,-0.0007345795125103284,0.0,0.0,-0.0007345795125103284,0.6002638672512081,0.6002638672512081,0.0
2009-10-22,-0.0005242669606086958,0.0,0.0,-0.0005242669606086958,0.5999700134186755,0.5999700134186755,0.0
2009-10-23,-0.0008060882464303419,0.0,0.0,-0.0008060882464303419,0.5997601809052042,0.5997601809052042,0.0
2009-10-26,-0.0015702623458728937,0.0,0.0,-0.0015702623458728937,0.5994372920143387,0.5994372920143387,0.0
2009-10-27,0.0015310697656163409,0.0,0.0,0.0015310697656163409,0.5988073142464604,0.5988073142464604,0.0
2009-10-28,-0.0016822395840958408,5.082839932830522e-07,1.3825005614523316e-18,-0.0016827478680891252,0.6000000000048208,0.6000000000047198,0.002518749669591952
2009-10-29,0.00010114544007062577,0.0,1.3903360717914337e-18,0.00010114544007062437,0.599326275433,0.5993262754328985,0.0
2009-10-30,0.001845862286699686,0.0,1.3804095864246069e-18,0.0018458622866996848,0.5993667976545576,0.5993667976544568,0.0
2009-11-02,-0.0004884966663770813,0.0,4.157407745057385e-18,-0.0004884966663770854,0.6001049488481173,0.600104948848016,0.0
2009-11-03,-0.0011140907251974061,0.0,1.3815936335909451e-18,-0.0011140907251974074,0.5999095059755367,0.5999095059754359,0.0
2009-11-04,0.0007391427028861972,0.0,1.3868034422000666e-18,0.0007391427028861958,0.599463271721461,0.5994632717213597,0.0
2009-11-05,0.0006017449040148122,0.0,1.3753918358676105e-18,0.0006017449040148108,0.5997591068570234,0.599759106856923,0.0
2009-11-06,0.0007988815088494976,0.0,1.400822357300707e-18,0.0007988815088494962,0.5999998049360101,0.5999998049359078,0.0
2009-11-09,0.0010110186194919398,0.0,4.17897680315301e-18,0.0010110186194919356,0.6003191026143714,0.6003191026142697,0.0
2009-11-10,4.640839018207899e-06,0.0,1.3739087900794012e-18,4.640839018206525e-06,0.6007227793188177,0.6007227793187173,0.0
2009-11-11,0.0009476452857521157,3.783997438690798e-07,1.3678068852003631e-18,0.0009472668860082452,0.5988366146035773,0.5988366146034774,0.0018880176879454702
2009-11-12,-0.0005473431682543438,0.0,1.3689483372994263e-18,-0.0005473431682543452,0.5992166418070007,0.5992166418069008,0.0
2009-11-13,0.0006573548499582764,0.0,1.389195658592277e-18,0.000657354849958275,0.598997155639691,0.5989971556395896,0.0
2009-11-16,0.0017558141487174442,0.0,4.077168345115954e-18,0.0017558141487174401,0.5992605836386035,0.5992605836385042,0.0
2009-11-17,0.00030499767407441894,0.0,1.3505956276160112e-18,0.0003049976740744176,0.5999629743083233,0.5999629743082248,0.0
2009-11-18,-0.00034961918399407384,0.0,1.3586907404556178e-18,-0.0003496191839940752,0.6000849474691732,0.6000849474690739,0.0
2009-11-19,0.0003905036241716774,0.0,1.3543029774806258e-18,0.00039050362417167604,0.5999450805946976,0.5999450805945988,0.0
2009-11-20,-0.000575862571983529,0.0,1.3580278857287853e-18,-0.0005758625719835304,0.6001012425087998,0.6001012425087008,0.0
2009-11-23,0.0003650858506488913,0.0,4.092845802821283e-18,0.00036508585064888723,0.5998708230918605,0.5998708230917608,0.0
2009-11-24,0.0008485398100912849,0.0,1.353452530094179e-18,0.0008485398100912836,0.6000168512799554,0.6000168512798566,0.0
2009-11-25,0.001014660152679911,3.305473896857802e-07,9.193160114134053e-19,0.0010143296052902242,0.5987993210840993,0.5987993210840322,0.001649279026843184
2009-11-27,-0.00018435470535494146,0.0,1.8153439984153806e-18,-0.00018435470535494328,0.5992061886599475,0.5992061886598813,0.0
2009-11-30,0.0004016474084089998,0.0,2.7519522267070566e-18,0.00040164740840899704,0.5991322868107969,0.5991322868107298,0.0
2009-12-01,-0.00030738072861350997,0.0,9.132416969816734e-19,-0.0003073807286135109,0.5992932296466411,0.5992932296465745,0.0
2009-12-02,-0.00015252065434739873,0.0,9.094020603219523e-19,-0.00015252065434739965,0.5991700222360253,0.5991700222359589,0.0
2009-12-03,-0.0005744284298855488,0.0,9.124255668068585e-19,-0.0005744284298855497,0.5991088780597853,0.5991088780597187,0.0
2009-12-04,-0.001214164632382241,0.0,9.133622592230852e-19,-0.0012141646323822418,0.5988784624447742,0.5988784624447075,0.0
2009-12-07,0.00025688379898403476,0.0,2.7842903683888027e-18,0.000256883798984032,0.5983908428100743,0.5983908428100065,0.0
2009-12-08,0.000550284642732841,0.0,9.278584376625482e-19,0.00055028464273284,0.5984939832009845,0.5984939832009167,0.0
2009-12-09,-0.0011572914567455682,0.0,9.318858721904879e-19,-0.001157291456745569,0.5987148042815449,0.5987148042814769,0.0
2009-12-10,-0.0004230346434148552,4.704927048240418e-07,1.6045076342719124e-18,-0.00042350513611968087,0.5994688421286302,0.5994688421285129,0.0023435244108427483
2009-12-11,-0.00043385010541454553,0.0,1.6051874393969318e-18,-0.00043385010541454716,0.5992996139497976,0.5992996139496803,0.0
2009-12-14,0.0008036567026380988,0.0,4.856194021035337e-18,0.0008036567026380939,0.5991256945901383,0.5991256945900202,0.0
2009-12-15,-0.0008306204929156341,0.0,1.613865312178669e-18,-0.0008306204929156357,0.5994476012101834,0.5994476012100655,0.0
2009-12-16,0.0006165477749483945,0.0,1.6266271191763473e-18,0.0006165477749483928,0.5991146175962493,0.5991146175961305,0.0
2009-12-17,0.0010851226000736678,0.0,1.6241983633715424e-18,0.0010851226000736663,0.5993616302916517,0.5993616302915331,0.0
2009-12-18,-0.0002375264143309371,0.0,1.639538493921034e-18,-0.00023752641433093873,0.5997959008043323,0.5997959008042126,0.0
2009-12-21,-0.0010974008787174897,0.0,4.919784060430259e-18,-0.0010974008787174947,0.5997008191752514,0.5997008191751317,0.0
2009-12-22,-0.0009174486465863051,0.0,1.6467239978843532e-18,-0.0009174486465863067,0.5992610478970777,0.5992610478969576,0.0
2009-12-23,0.0003234113924803918,0.0,1.6539492542881981e-18,0.0003234113924803901,0.5988930528712986,0.5988930528711778,0.0
2009-12-24,-0.0011134573211268478,2.2494330878996512e-07,3.0311520127928433e-18,-0.0011136822644356407,0.5990543035626187,0.5990543035623973,0.0011215547696204198
2009-12-28,-0.0006171143888314408,0.0,1.2138126066895557e-17,-0.0006171143888314529,0.5986075048029489,0.5986075048027273,0.0
2009-12-29,0.000784129684228122,0.0,3.0284944153713777e-18,0.000784129684228119,0.5983596467618298,0.5983596467616087,0.0
2009-12-30,0.0001285258795148238,0.0,3.035344309742124e-18,0.00012852587951482078,0.5986743381263482,0.5986743381261266,0.0
2009-12-31,0.0001433462458788877,0.0,3.0349542395791956e-18,0.00014334624587888467,0.5987259122314051,0.5987259122311835,0.0
2010-01-04,0.0011656153971051858,0.0,1.2159148108407393e-17,0.0011656153971051737,0.5987834251211988,0.5987834251209769,0.0
2010-01-05,0.0016172354178962882,0.0,3.015199261610214e-18,0.0016172354178962851,0.5992505448564941,0.599250544856274,0.0
2010-01-06,-0.0005494306885415332,0.0,3.009017711418544e-18,-0.0005494306885415362,0.5998976046210861,0.5998976046208665,0.0
2010-01-07,-0.00015113317110950408,0.0,3.0027872163610158e-18,-0.0001511331711095071,0.5996776552395651,0.5996776552393459,0.0
2010-01-08,0.000663227561846927,0.0,3.0229558617204848e-18,0.000663227561846924,0.5996171441088978,0.5996171441086771,0.0
2010-01-11,0.0006944377778056427,4.259016982184129e-07,1.6322719825486797e-17,0.0006940118761074079,0.5999999999895705,0.5999999999891733,0.0021236785790990503
2010-01-12,0.0009422557483732132,0.0,5.4085667234110745e-18,0.0009422557483732078,0.6002778378189636,0.6002778378185688,0.0
2010-01-13,-0.0014100770482336092,0.0,5.4034752677788185e-18,-0.0014100770482336146,0.6006541237664338,0.6006541237660394,0.0
2010-01-14,0.00045702731496977226,0.0,5.406342486646626e-18,0.00045702731496976683,0.6000902201645233,0.6000902201641287,0.0
2010-01-15,0.0003968911901321695,0.0,5.3895890961649695e-18,0.00039689119013216416,0.600272906364847,0.6002729063644535,0.0
2010-01-19,9.216150965519081e-05,0.0,2.1673546177958753e-17,9.216150965516914e-05,0.600431491585693,0.6004314915852975,0.0
2010-01-20,0.0002416258504793393,0.0,5.434542276168393e-18,0.00024162585047933388,0.6004683130291207,0.6004683130287239,0.0
2010-01-21,0.0004021062374260258,0.0,5.4998362991879844e-18,0.0004021062374260203,0.600564826892539,0.6005648268921375,0.0
2010-01-22,-0.0005203532044242741,0.0,5.4976256696151994e-18,-0.0005203532044242797,0.6007253777086082,0.600725377708207,0.0
2010-01-25,-0.00015353078641982637,0.0,1.6472915362638226e-17,-0.00015353078641984285,0.6005175057125937,0.6005175057121929,0.0
2010-01-26,-0.00017996895697050595,2.074498248058563e-07,9.616582026647117e-19,-0.00018017640679531276,0.6000000000090725,0.6000000000090023,0.0010355992757374866
2010-01-27,-0.000962923183988087,0.0,9.66004302036389e-19,-0.000962923183988088,0.5999281239458104,0.5999281239457398,0.0
2010-01-28,-0.0003283525248537014,0.0,9.702769204173757e-19,-0.0003283525248537024,0.5995425141484825,0.5995425141484116,0.0
2010-01-29,0.0009540298043384621,0.0,9.7226693365981e-19,0.0009540298043384611,0.599410979732249,0.5994109797321779,0.0
2010-02-01,-0.00045242015648366786,0.0,2.9365614237196085e-18,-0.0004524201564836708,0.5997927893391313,0.5997927893390598,0.0
2010-02-02,0.00027096357028583666,0.0,9.75120665262008e-19,0.0002709635702858357,0.5996116455771688,0.5996116455770976,0.0
2010-02-03,-0.00063995742503985,0.0,9.715166533078317e-19,-0.000639957425039851,0.5997201068461312,0.5997201068460604,0.0
2010-02-04,-0.0002820938924360489,0.0,9.775695547308818e-19,-0.0002820938924360499,0.5994637807186051,0.5994637807185338,0.0
2010-02-05,-0.0006402696150586443,0.0,9.841136796594758e-19,-0.0006402696150586452,0.5993507600149967,0.5993507600149247,0.0
2010-02-08,0.00027193202392573245,0.0,2.9667770421917336e-18,0.00027193202392572946,0.5990940721308853,0.5990940721308131,0.0
2010-02-09,-0.0008348271829166392,6.83566612155985e-07,5.715051431602954e-18,-0.0008355107495288009,0.599999999988231,0.5999999999878137,0.0034004221604617135
2010-02-10,-0.0007785682516505537,0.0,5.683536838476993e-18,-0.0007785682516505593,0.5996662003618433,0.5996662003614283,0.0
2010-02-11,0.0007444640413264306,0.0,5.704914657556754e-18,0.0007444640413264248,0.5993542703165534,0.5993542703161369,0.0
2010-02-12,3.6945388852067814e-05,0.0,5.698251573360163e-18,3.6945388852062115e-05,0.5996523147722335,0.5996523147718176,0.0
2010-02-16,0.0008685448546974658,0.0,2.286958931077664e-17,0.0008685448546974429,0.5996671052267029,0.5996671052262854,0.0
2010-02-17,-0.00015670964259516254,0.0,5.6640874132338574e-18,-0.0001567096425951682,0.6000145105655013,0.6000145105650878,0.0
2010-02-18,-0.00052797090275397,0.0,5.7181669192027214e-18,-0.0005279709027539757,0.5999518191580646,0.5999518191576472,0.0
2010-02-19,0.0004986029043401212,0.0,5.7211875397529104e-18,0.0004986029043401155,0.5997404937852326,0.599740493784815,0.0
2010-02-22,-0.0001473693272592433,0.0,1.720578445409616e-17,-0.00014736932725926052,0.5999399648806547,0.5999399648802359,0.0
2010-02-23,0.0005231164484055041,0.0,5.726434674694244e-18,0.0005231164484054984,0.5998809996127431,0.599880999612325,0.0
2010-02-24,0.0006440156445513001,5.054373829581322e-07,3.67737531524795e-18,0.0006435102071683383,0.5998876676144478,0.5998876676141793,0.002517635926355441
2010-02-25,0.0003745663096270401,0.0,3.6672932261817235e-18,0.0003745663096270364,0.600145483514571,0.6001454835143032,0.0
2010-02-26,0.001779601675583692,0.0,3.65820545091039e-18,0.0017796016755836884,0.6002951994666462,0.6002951994663791,0.0
2010-03-01,0.00010709739595680235,0.0,1.0922777706563003e-17,0.00010709739595679142,0.6010052511901764,0.6010052511899107,0.0
2010-03-02,0.001245213087165473,0.0,3.65285549239912e-18,0.0012452130871654693,0.6010479779128547,0.601047977912588,0.0
2010-03-03,0.00011638612402994213,0.0,3.637546161739973e-18,0.0001163861240299385,0.6015441403639306,0.601544140363665,0.0
2010-03-04,0.0003332121328081982,0.0,3.615592197599664e-18,0.00033321213280819456,0.6015905097002818,0.6015905097000178,0.0
2010-03-05,-0.0002552968564195924,0.0,3.6343742557344005e-18,-0.000255296856419596,0.6017232203554765,0.6017232203552112,0.0
2010-03-08,0.0004446246224879006,0.0,1.09012925300422e-17,0.0004446246224878897,0.601621515580739,0.6016215155804736,0.0
2010-03-09,0.00024127110289322504,0.0,3.6306124588703584e-18,0.0002412711028932214,0.6017985657431196,0.6017985657428545,0.0
2010-03-10,-8.136147927427428e-05,8.179147826136438e-07,2.7142461816331327e-18,-8.217939405689063e-05,0.6000000000014033,0.6000000000012052,0.004069944403954542
2010-03-11,8.11849087004613e-05,0.0,2.7098802893012057e-18,8.118490870045859e-05,0.5999679435241814,0.5999679435239835,0.0
2010-03-12,0.0013038392607337065,0.0,2.703923974897055e-18,0.001303839260733704,0.6000004174537701,0.6000004174535727,0.0
2010-03-15,1.688436250334122e-05,0.0,8.049654206162512e-18,1.688436250333317e-05,0.6005212735012058,0.6005212735010099,0.0
2010-03-16,0.001029761227445411,0.0,2.6980663498726423e-18,0.0010297612274454083,0.6005280183309555,0.6005280183307585,0.0
2010-03-17,0.0009906176304058326,0.0,2.67583449199771e-18,0.00099061763040583,0.60093895592153,0.6009389559213346,0.0
2010-03-18,-0.0008239267506070828,0.0,2.67432977580052e-18,-0.0008239267506070855,0.6013338816070556,0.6013338816068604,0.0
2010-03-19,4.228883850256713e-05,0.0,2.694843837496495e-18,4.228883850256443e-05,0.60100513906778,0.6010051390675832,0.0
2010-03-22,0.00015347679746206697,0.0,8.139114481202141e-18,0.00015347679746205884,0.6010220113835082,0.6010220113833101,0.0
2010-03-23,-9.207204485148538e-05,0.0,2.7057571865206576e-18,-9.207204485148809e-05,0.6010832358509233,0.6010832358507257,0.0
2010-03-24,-0.0018970491640673045,4.6951317051922054e-07,2.3319049711673937e-18,-0.001897518677237826,0.5997632072429963,0.599763207242826,0.0023411600418029033
2010-03-25,-0.0009972580734095868,0.0,2.367843613837258e-18,-0.0009972580734095892,0.5990027770360744,0.5990027770359017,0.0
2010-03-26,0.00043799183341872334,0.0,2.3780917591483454e-18,0.00043799183341872096,0.598602480118727,0.5986024801185533,0.0
2010-03-29,-0.00013628463953912126,0.0,7.08091128577979e-18,-0.00013628463953912833,0.5987782119852658,0.5987782119850935,0.0
2010-03-30,4.087993440123927e-05,0.0,2.348802614883936e-18,4.087993440123692e-05,0.5987235241654001,0.5987235241652287,0.0
2010-03-31,0.0006488888992533513,0.0,2.3575735541665134e-18,0.0006488888992533489,0.5987399276508363,0.5987399276506642,0.0
2010-04-01,0.0002829680533031606,0.0,2.3432452255396526e-18,0.00028296805330315825,0.5990001320137739,0.5990001320136029,0.0
2010-04-05,-0.0020659225007509563,0.0,9.31521041110083e-18,-0.0020659225007509654,0.5991135700664468,0.5991135700662767,0.0
2010-04-06,0.0006537731874449872,0.0,2.3454595124155837e-18,0.0006537731874449848,0.5982836552308696,0.5982836552306984,0.0
2010-04-07,0.0014703036680576728,0.0,2.3508269667778026e-18,0.0014703036680576704,0.5985461150168678,0.5985461150166962,0.0
2010-04-08,-2.7941933790435288e-05,2.8187326474051443e-07,8.318325651698741e-20,-2.8223807055175887e-05,0.5999020521356272,0.5999020521356212,0.0014070701613014547
2010-04-09,0.00022614893988819076,0.0,8.311598349084248e-20,0.00022614893988819068,0.5998910414108436,0.5998910414108376,0.0
2010-04-12,0.0009497963119900358,0.0,2.474125217774315e-19,0.0009497963119900356,0.5999815051693852,0.5999815051693792,0.0
2010-04-13,0.0005417817426684364,0.0,8.204493678602478e-20,0.0005417817426684363,0.600361080741025,0.600361080741019,0.0
2010-04-14,0.0001976687874857809,0.0,8.2000510406597e-20,0.0001976687874857808,0.600577480569663,0.600577480569657,0.0
2010-04-15,0.0011395063222234198,0.0,8.156744215186355e-20,0.0011395063222234198,0.6006564183312417,0.6006564183312357,0.0
2010-04-16,0.000778678839068288,0.0,8.178688047475117e-20,0.0007786788390682879,0.6011109549199759,0.6011109549199699,0.0
2010-04-19,-0.0008886275539556201,0.0,2.4600189272547654e-19,-0.0008886275539556203,0.6014213197040262,0.6014213197040202,0.0
2010-04-20,0.0007573054378727087,0.0,8.221238039235918e-20,0.0007573054378727086,0.6010668166851454,0.6010668166851394,0.0
2010-04-21,0.0009606764683055278,0.0,8.228887923031908e-20,0.0009606764683055276,0.6013687023345737,0.6013687023345677,0.0
2010-04-22,-0.0008616565566011738,5.73853718693724e-07,0.0,-0.0008622304103198676,0.5994531987978268,0.5994531987978268,0.0028635248144935482
2010-04-23,-0.0002667881173670056,0.0,0.0,-0.0002667881173670056,0.5991081114740077,0.5991081114740077,0.0
2010-04-26,0.00040422170963606347,0.0,0.0,0.00040422170963606347,0.5990011297403447,0.5990011297403447,0.0
2010-04-27,0.0001006537431118245,0.0,0.0,0.0001006537431118245,0.5991631566944309,0.5991631566944309,0.0
2010-04-28,-0.00014533764260065473,0.0,0.0,-0.00014533764260065473,0.5992034983625467,0.5992034983625467,0.0
2010-04-29,0.0008840257586984879,0.0,0.0,0.0008840257586984879,0.5991452390765689,0.5991452390765689,0.0
2010-04-30,0.0012385855089722872,0.0,0.0,0.0012385855089722872,0.5994992920188014,0.5994992920188014,0.0
2010-05-03,2.6687613375258412e-05,0.0,0.0,2.6687613375258412e-05,0.5999947327463343,0.5999947327463343,0.0
2010-05-04,-0.00027011586769728324,0.0,0.0,-0.00027011586769728324,0.6000054076473672,0.6000054076473672,0.0
2010-05-05,-0.0009610791990808511,0.0,0.0,-0.0009610791990808511,0.599897333568456,0.599897333568456,0.0
2010-05-06,-0.005389878490837781,8.198665325718669e-07,0.0,-0.005390698357370353,0.5994366856122036,0.5994366856122036,0.004084856664014244
2010-05-07,0.0012332814155756773,0.0,0.0,0.0012332814155756773,0.5972664906112161,0.5972664906112161,0.0
2010-05-10,0.0037134194636801628,0.0,0.0,0.0037134194636801628,0.5977625625674505,0.5977625625674505,0.0
2010-05-11,0.0004284246430560268,0.0,0.0,0.0004284246430560268,0.5992507127707037,0.5992507127707037,0.0
2010-05-12,0.0004346332921755107,0.0,0.0,0.0004346332921755107,0.59942233011594,0.59942233011594,0.0
2010-05-13,0.0008538171647417947,0.0,0.0,0.0008538171647417947,0.599596358868684,0.599596358868684,0.0
2010-05-14,-0.0001616489380179785,0.0,0.0,-0.0001616489380179785,0.5999379387235638,0.5999379387235638,0.0
2010-05-17,-0.00015996794396209028,0.0,0.0,-0.00015996794396209028,0.5998732586607538,0.5998732586607538,0.0
2010-05-18,0.000939139152188214,0.0,0.0,0.000939139152188214,0.5998092409678388,0.5998092409678388,0.0
2010-05-19,-0.001123008131768304,0.0,0.0,-0.001123008131768304,0.6001847231479734,0.6001847231479734,0.0
2010-05-20,-0.0019386157133719246,1.528663271903778e-07,0.0,-0.0019387685796991149,0.5989714754214416,0.5989714754214416,0.0007637471265930645
2010-05-21,0.0005959310531550842,0.0,0.0,0.0005959310531550842,0.598192616758048,0.598192616758048,0.0
2010-05-24,0.00046986819611602763,0.0,0.0,0.00046986819611602763,0.5984319236447038,0.5984319236447038,0.0
2010-05-25,-0.0013616746358436876,0.0,0.0,-0.0013616746358436876,0.5986205190973537,0.5986205190973537,0.0
2010-05-26,0.0006297425033513238,0.0,0.0,0.0006297425033513238,0.598073225603191,0.598073225603191,0.0
2010-05-27,-0.0005438063132744092,0.0,0.0,-0.0005438063132744092,0.5983261766822177,0.5983261766822177,0.0
2010-05-28,0.0009512357315648905,0.0,0.0,0.0009512357315648905,0.598107625071475,0.598107625071475,0.0
2010-06-01,-0.00014841528215164636,0.0,0.0,-0.00014841528215164636,0.5984895561522594,0.5984895561522594,0.0
2010-06-02,-0.00022261706139331506,0.0,0.0,-0.00022261706139331506,0.5984299570210271,0.5984299570210271,0.0
2010-06-03,0.0004735399719255511,0.0,0.0,0.0004735399719255511,0.598340540772533,0.598340540772533,0.0
2010-06-04,0.0008986285749867341,9.024756566173391e-08,0.0,0.0008985383274210723,0.5980798912426322,0.5980798912426322,0.0004507613134185212
2010-06-07,9.328060845220339e-05,0.0,0.0,9.328060845220339e-05,0.5984407978240813,0.5984407978240813,0.0
2010-06-08,-0.0003647179244459087,0.0,0.0,-0.0003647179244459087,0.59847825201704,0.59847825201704,0.0
2010-06-09,0.00044067673436471615,0.0,0.0,0.00044067673436471615,0.5983317564089216,0.5983317564089216,0.0
2010-06-10,-0.0010824646655294748,0.0,0.0,-0.0010824646655294748,0.5985086842908041,0.5985086842908041,0.0
2010-06-11,0.0014264913371847135,0.0,0.0,0.0014264913371847135,0.5980736131789265,0.5980736131789265,0.0
2010-06-14,-7.562544930108433e-05,0.0,0.0,-7.562544930108433e-05,0.5986461409819611,0.5986461409819611,0.0
2010-06-15,-0.00011426364359222067,0.0,0.0,-0.00011426364359222067,0.5986157861204442,0.5986157861204442,0.0
2010-06-16,0.000722854710431253,0.0,0.0,0.000722854710431253,0.5985699172565425,0.5985699172565425,0.0
2010-06-17,0.0015470200855847852,0.0,0.0,0.0015470200855847852,0.5988598832794569,0.5988598832794569,0.0
2010-06-18,0.00023759692400847032,4.334214597404318e-07,0.0,0.00023716350254872988,0.5991003521717678,0.5991003521717678,0.002160212824568644
2010-06-21,0.0005560119942547468,0.0,0.0,0.0005560119942547468,0.5991958417112434,0.5991958417112434,0.0
2010-06-22,0.0005129946947455675,0.0,0.0,0.0005129946947455675,0.5994185697911153,0.5994185697911153,0.0
2010-06-23,0.000617785098193734,0.0,0.0,0.000617785098193734,0.5996239605752434,0.5996239605752434,0.0
2010-06-24,-0.0009767410085332689,0.0,0.0,-0.0009767410085332689,0.5998711542135278,0.5998711542135278,0.0
2010-06-25,0.0006043182442343216,0.0,0.0,0.0006043182442343216,0.5994799498558123,0.5994799498558123,0.0
2010-06-28,0.0011778591328683436,0.0,0.0,0.0011778591328683436,0.5997218452474975,0.5997218452474975,0.0
2010-06-29,5.529432764147597e-05,0.0,0.0,5.529432764147597e-05,0.6001927618543342,0.6001927618543342,0.0
2010-06-30,0.0006127915633437738,0.0,0.0,0.0006127915633437738,0.6002148677044256,0.6002148677044256,0.0
2010-07-01,-0.0006074722783851416,0.0,0.0,-0.0006074722783851416,0.6004597026278711,0.6004597026278711,0.0
2010-07-02,-0.000261793209514834,3.75223826136766e-07,0.0,-0.00026216843334097076,0.5984622985604875,0.5984622985604875,0.0018715514328079552
2010-07-06,0.0005840092785840888,0.0,0.0,0.0005840092785840888,0.5983573757667554,0.5983573757667554,0.0
2010-07-07,0.0002414258359437285,0.0,0.0,0.0002414258359437285,0.598591801878958,0.598591801878958,0.0
2010-07-08,0.00042256912551572387,0.0,0.0,0.00042256912551572387,0.5986886887977385,0.5986886887977385,0.0
2010-07-09,0.00014706737910920854,0.0,0.0,0.00014706737910920854,0.5988581989378211,0.5988581989378211,0.0
2010-07-12,-0.0002228210119461587,0.0,0.0,-0.0002228210119461587,0.5989171851362088,0.5989171851362088,0.0
2010-07-13,0.0008080708996990359,0.0,0.0,0.0008080708996990359,0.5988277955396464,0.5988277955396464,0.0
2010-07-14,0.001138833994107738,0.0,0.0,0.001138833994107738,0.5991517093784915,0.5991517093784915,0.0
2010-07-15,0.000417731997600331,0.0,0.0,0.000417731997600331,0.5996076897523809,0.5996076897523809,0.0
2010-07-16,0.00039637487519674267,0.0,0.0,0.00039637487519674267,0.5997748765926717,0.5997748765926717,0.0
2010-07-19,-0.00037116390904737013,5.878081302104352e-07,0.0,-0.0003717517171775806,0.5974881992456218,0.5974881992456218,0.0029167983818760568
2010-07-20,0.0005708941615246405,0.0,0.0,0.0005708941615246405,0.5973390971716853,0.5973390971716853,0.0
2010-07-21,0.0015794809692020165,0.0,0.0,0.0015794809692020165,0.5975688427697637,0.5975688427697637,0.0
2010-07-22,0.00037697937703488335,0.0,0.0,0.00037697937703488335,0.5982034727380651,0.5982034727380651,0.0
2010-07-23,5.263529987446664e-06,0.0,0.0,5.263529987446664e-06,0.598354884663434,0.598354884663434,0.0
2010-07-26,0.00012741361429856644,0.0,0.0,0.00012741361429856644,0.5983569987234155,0.5983569987234155,0.0
2010-07-27,0.00039009243305490235,0.0,0.0,0.00039009243305490235,0.598408166990332,0.598408166990332,0.0
2010-07-28,0.0010753294007152514,0.0,0.0,0.0010753294007152514,0.5985647638383204,0.5985647638383204,0.0
2010-07-29,-7.375905784573255e-05,0.0,0.0,-7.375905784573255e-05,0.5989959752559327,0.5989959752559327,0.0
2010-07-30,0.0007249935977361791,0.0,0.0,0.0007249935977361791,0.5989663953950923,0.5989663953950923,0.0
2010-08-02,0.0005101435826733028,5.488819286820174e-07,0.0,0.0005095947007446208,0.5972184305284888,0.5972184305284888,0.0027278034753959873
2010-08-03,0.0014732057951431393,0.0,0.0,0.0014732057951431393,0.5974241299404474,0.5974241299404474,0.0
2010-08-04,-0.0003622338789536293,0.0,0.0,-0.0003622338789536293,0.5980163346058589,0.5980163346058589,0.0
2010-08-05,0.0008124332645073371,0.0,0.0,0.0008124332645073371,0.5978706697387174,0.5978706697387174,0.0
2010-08-06,0.001304919974547075,0.0,0.0,0.001304919974547075,0.5981971077741368,0.5981971077741368,0.0
2010-08-09,0.0006182243787651566,0.0,0.0,0.0006182243787651566,0.5987207450892412,0.5987207450892412,0.0
2010-08-10,0.0007902222649581996,0.0,0.0,0.0007902222649581996,0.598968672432592,0.598968672432592,0.0
2010-08-11,9.126169533026871e-05,0.0,0.0,9.126169533026871e-05,0.5992853260898111,0.5992853260898111,0.0
2010-08-12,-0.0009142264898930626,0.0,0.0,-0.0009142264898930626,0.5993218926531694,0.5993218926531694,0.0
2010-08-13,0.0008019510709869513,0.0,0.0,0.0008019510709869513,0.5989552469162676,0.5989552469162676,0.0
2010-08-16,0.001704804318725341,5.904246224133659e-07,0.0,0.0017042138941029275,0.5971983038233148,0.5971983038233148,0.002932211274991242
2010-08-17,0.00022565285895880327,0.0,0.0,0.00022565285895880327,0.5978841856058662,0.5978841856058662,0.0
2010-08-18,0.000574272522202745,0.0,0.0,0.000574272522202745,0.5979749037182155,0.5979749037182155,0.0
2010-08-19,0.0006438502653130242,0.0,0.0,0.0006438502653130242,0.5982056431769149,0.5982056431769149,0.0
2010-08-20,0.0005110528421526788,0.0,0.0,0.0005110528421526788,0.5984641721262244,0.5984641721262244,0.0
2010-08-23,0.0003249221834329108,0.0,0.0,0.0003249221834329108,0.5986692733347299,0.5986692733347299,0.0
2010-08-24,0.0005876589146041327,0.0,0.0,0.0005876589146041327,0.5987996322342184,0.5987996322342184,0.0
2010-08-25,8.797112000160066e-05,0.0,0.0,8.797112000160066e-05,0.5990352627365133,0.5990352627365133,0.0
2010-08-26,8.585948119093068e-05,0.0,0.0,8.585948119093068e-05,0.5990705329507711,0.5990705329507711,0.0
2010-08-27,-0.0018797484410750568,0.0,0.0,-0.0018797484410750568,0.5991049535914676,0.5991049535914676,0.0
2010-08-30,0.0010932669280969854,4.1980586641489694e-07,0.0,0.0010928471222305706,0.5968257677433948,0.5968257677433948,0.0020957116858686536
2010-08-31,0.0006121502979867891,0.0,0.0,0.0006121502979867891,0.5972663138991421,0.5972663138991421,0.0
2010-09-01,-0.000709997988104217,0.0,0.0,-0.000709997988104217,0.5975126966218408,0.5975126966218408,0.0
2010-09-02,-0.00025372054707166523,0.0,0.0,-0.00025372054707166523,0.5972267284093492,0.5972267284093492,0.0
2010-09-03,-0.0010792296270028545,0.0,0.0,-0.0010792296270028545,0.597124510619782,0.597124510619782,0.0
2010-09-07,0.0010137401461396377,0.0,0.0,0.0010137401461396377,0.5966892457048577,0.5966892457048577,0.0
2010-09-08,-0.0014857139636994436,0.0,0.0,-0.0014857139636994436,0.5970976839576027,0.5970976839576027,0.0
2010-09-09,-0.0007590816109856429,0.0,0.0,-0.0007590816109856429,0.5964981956925651,0.5964981956925651,0.0
2010-09-10,-4.6225937768309876e-05,0.0,0.0,-4.6225937768309876e-05,0.596191672216582,0.596191672216582,0.0
2010-09-13,0.001228305463865779,0.0,0.0,0.001228305463865779,0.5961730049350388,0.5961730049350388,0.0
2010-09-14,0.0003289654153217847,2.217671536929826e-07,5.671508819736854e-17,0.000328743648168035,0.5969858049595411,0.5969858049554009,0.0011066851607231115
2010-09-15,6.136726881520843e-05,0.0,5.711425534384894e-17,6.136726881515132e-05,0.5971184714701936,0.5971184714660245,0.0
2010-09-16,-0.0005661946019388406,0.0,5.662756450716525e-17,-0.0005661946019388972,0.5971431936920852,0.5971431936879512,0.0
2010-09-17,-4.1754957456212926e-05,0.0,5.656690275293033e-17,-4.1754957456269494e-05,0.5969149691234737,0.5969149691193444,0.0
2010-09-20,0.0005088582949068112,0.0,1.699781547589924e-16,0.0005088582949066412,0.5968981376223662,0.5968981376182303,0.0
2010-09-21,0.0022815318005532286,0.0,5.664067531633365e-17,0.0022815318005531718,0.597103155023925,0.5971031550197904,0.0
2010-09-22,0.0006135685687728323,0.0,5.694716020593952e-17,0.0006135685687727754,0.5980202845279837,0.5980202845238264,0.0
2010-09-23,0.00019210517699855633,0.0,5.715603508959046e-17,0.00019210517699849917,0.5982667754076432,0.5982667754034708,0.0
2010-09-24,-0.000745193354474496,0.0,5.716152803784745e-17,-0.0007451933544745531,0.5983439356169854,0.5983439356128124,0.0
2010-09-27,0.0014810069098344372,0.0,1.71945172571108e-16,0.0014810069098342652,0.5980444009758068,0.5980444009716227,0.0
2010-09-28,0.001088282308480722,4.031593575537951e-07,5.680111380916138e-17,0.0010878791491231114,0.5969915157297199,0.5969915157255733,0.0020091930581644657
2010-09-29,-0.0004988375208190947,0.0,5.685982605428465e-17,-0.0004988375208191515,0.5974298665433334,0.5974298665391827,0.0
2010-09-30,0.0003615632301279876,0.0,5.682007350396255e-17,0.0003615632301279308,0.5972289492309052,0.5972289492267573,0.0
2010-10-01,-0.00015622492182387358,0.0,5.663603618399182e-17,-0.00015622492182393023,0.5973745237986006,0.597374523794466,0.0
2010-10-04,4.622847853745651e-05,0.0,1.696440681091743e-16,4.622847853728687e-05,0.5973116138369456,0.5973116138328177,0.0
2010-10-05,0.0015475917678473203,0.0,5.642825852426601e-17,0.001547591767847264,0.5973302286478198,0.5973302286437007,0.0
2010-10-06,0.0019514510578172882,0.0,5.67231404088577e-17,0.0019514510578172314,0.5979524341510387,0.597952434146898,0.0
2010-10-07,5.204335070016569e-05,0.0,5.687915846672021e-17,5.204335070010881e-05,0.5987354822187471,0.5987354822145948,0.0
2010-10-08,0.000981599243227366,0.0,5.660821509714429e-17,0.0009815992432273095,0.5987563642819774,0.598756364277845,0.0
2010-10-11,0.0006019035606181843,0.0,1.714717271604096e-16,0.0006019035606180128,0.5991498384972003,0.5991498384930279,0.0
2010-10-12,-0.00047146352558212815,9.832532241611232e-07,6.9040581830451734e-18,-0.00047244677880629616,0.5964111561882739,0.5964111561877699,0.004893074910907541
2010-10-13,0.000950918708736518,0.0,6.888255172392339e-18,0.000950918708736511,0.5962213755310155,0.5962213755305128,0.0
2010-10-14,-0.0011560730468492496,0.0,6.9176186100117834e-18,-0.0011560730468492565,0.596604971410715,0.5966049714102101,0.0
2010-10-15,-0.0013339384639945388,0.0,6.977814223633094e-18,-0.0013339384639945457,0.5961380775274998,0.5961380775269904,0.0
2010-10-18,0.00040089650408756924,0.0,2.0905750109054974e-17,0.0004008965040875483,0.595598630986479,0.5955986309859703,0.0
2010-10-19,2.3545226486531545e-05,0.0,6.949338635443862e-18,2.3545226486524596e-05,0.5957606891130273,0.5957606891125201,0.0
2010-10-20,5.54864025109967e-05,0.0,6.840870053842406e-18,5.5486402510989854e-05,0.5957702067950531,0.5957702067945537,0.0
2010-10-21,-0.00019102220419806896,0.0,6.914008477343215e-18,-0.00019102220419807588,0.5957926348076213,0.5957926348071166,0.0
2010-10-22,0.00038672535337537956,0.0,6.8662316706954134e-18,0.0003867253533753727,0.59571540747363,0.5957154074731289,0.0
2010-10-25,0.001250217419374099,0.0,2.057403004903263e-17,0.0012502174193740783,0.595871694135524,0.5958716941350235,0.0
2010-10-26,-0.0013536075667621805,1.9333494955885887e-07,2.0913410162877268e-16,-0.0013538009017119484,0.5958814535575114,0.5958814535422448,0.0009652835523005499
2010-10-27,-0.0018046255212513368,0.0,2.0886311985000102e-16,-0.0018046255212515456,0.5953338094387467,0.5953338094234997,0.0
2010-10-28,0.000870567386491231,0.0,2.0808653854686945e-16,0.0008705673864910229,0.5946022182554677,0.5946022182402776,0.0
2010-10-29,0.0009645151655347325,0.0,2.0924467302772467e-16,0.0009645151655345233,0.5949548373642125,0.5949548373489375,0.0
2010-11-01,0.00019873569665818517,0.0,6.304806456361261e-16,0.00019873569665755468,0.5953451331202073,0.5953451331048656,0.0
2010-11-02,0.0009470673027415481,0.0,2.0942241511417043e-16,0.0009470673027413386,0.595425536508009,0.5954255364927212,0.0
2010-11-03,0.00010644720668628386,0.0,2.1044528503051958e-16,0.00010644720668607341,0.5958083332197466,0.595808333204384,0.0
2010-11-04,0.0017340435687432376,0.0,2.1040476108011795e-16,0.0017340435687430273,0.5958513537142286,0.5958513536988689,0.0
2010-11-05,-0.0011871008371143268,0.0,2.1212520177786766e-16,-0.0011871008371145389,0.5965509519414827,0.5965509519259975,0.0
2010-11-08,-0.0004730071552689995,0.0,6.341846091177175e-16,-0.0004730071552696337,0.5960714480192203,0.5960714480037884,0.0
2010-11-09,-0.0034828152441300623,1.0045616095311272e-06,1.5643533300448866e-16,-0.00348381980573975,0.6000000000096808,0.5999999999982609,0.004997194168909411
2010-11-10,-0.000629197807626062,0.0,1.5588519276276812e-16,-0.0006291978076262179,0.5986026083883416,0.598602608376962,0.0
2010-11-11,-0.0019905948187820873,0.0,1.5615442331924058e-16,-0.0019905948187822434,0.5983498910203515,0.5983498910089523,0.0
2010-11-12,-0.0019842895368873932,0.0,1.5557564584905139e-16,-0.001984289536887549,0.5975487736943903,0.5975487736830335,0.0
2010-11-15,-0.005105458574857856,0.0,4.611505561529549e-16,-0.005105458574858317,0.5967486061727258,0.5967486061615045,0.0
2010-11-16,-0.0005528594972099188,0.0,1.5370135231744123e-16,-0.0005528594972100725,0.5946792579144191,0.5946792579031989,0.0
2010-11-17,0.0009005543592771126,0.0,1.5267373204337639e-16,0.00090055435927696,0.5944550485363758,0.5944550485252308,0.0
2010-11-18,0.001068459544321045,0.0,1.5289377384384067e-16,0.001068459544320892,0.5948199352100408,0.5948199351988794,0.0
2010-11-19,0.0007859776549241845,0.0,1.544466977030684e-16,0.00078597765492403,0.5952523916553433,0.5952523916440687,0.0
2010-11-22,0.0018315483247763637,0.0,4.629112199937292e-16,0.0018315483247759007,0.5955702643905177,0.5955702643792536,0.0
2010-11-23,-0.0007201337145074128,5.179882305435238e-07,5.695916052110668e-17,-0.0007206517027380133,0.5973081494504686,0.5973081494463106,0.002581139543794672
2010-11-24,-0.0022489360678940072,0.0,5.717904668666664e-17,-0.0022489360678940645,0.597018257960139,0.5970182579559649,0.0
2010-11-26,0.000646591709829347,0.0,1.1431954752693547e-16,0.0006465917098292327,0.5961099350255431,0.5961099350213704,0.0
2010-11-29,-0.0005078026017021803,0.0,1.7260587546099822e-16,-0.0005078026017023529,0.5963709182436828,0.5963709182394827,0.0
2010-11-30,-0.00022435786661251678,0.0,5.748514637770837e-17,-0.00022435786661257427,0.5961658502117586,0.5961658502075623,0.0
2010-12-01,-0.0011055312184660956,0.0,5.752822599686225e-17,-0.001105531218466153,0.596075226511309,0.5960752265071094,0.0
2010-12-02,0.0003720487440872815,0.0,5.736206155561716e-17,0.00037204874408722417,0.5956281808413444,0.5956281808371569,0.0
2010-12-03,0.0005551821144167137,0.0,5.742871323747766e-17,0.0005551821144166563,0.5957785709163744,0.5957785709121822,0.0
2010-12-06,0.001387806531781557,0.0,1.714420285992863e-16,0.0013878065317813855,0.5960028629011491,0.5960028628969773,0.0
2010-12-07,-0.003923568684878,0.0,5.79380266257866e-17,-0.0039235686848780585,0.5965627557439553,0.5965627557397258,0.0
2010-12-08,-0.003519465920739358,1.1929998785698728e-06,1.4178462244925126e-16,-0.0035206589206180695,0.5999999999909892,0.5999999999806386,0.005932546489922531
2010-12-09,0.0006321099359100475,0.0,1.4268322682111005e-16,0.0006321099359099049,0.5985879581047546,0.5985879580943387,0.0
2010-12-10,-0.0015156078642476582,0.0,1.4213094376196362e-16,-0.0015156078642478003,0.5988415343567285,0.5988415343463529,0.0
2010-12-13,0.0003376912860356801,0.0,4.2591982584135335e-16,0.0003376912860352542,0.5982326125446759,0.5982326125343119,0.0
2010-12-14,-0.0031977649205420407,0.0,1.424352764620567e-16,-0.003197764920542183,0.59836824009023,0.5983682400798321,0.0
2010-12-15,-0.0006888747328244494,0.0,1.4159807618734157e-16,-0.000688874732824591,0.5970797959959943,0.5970797959856576,0.0
2010-12-16,0.0011587163960137886,0.0,1.406893874052039e-16,0.0011587163960136478,0.5968020431110936,0.5968020431008235,0.0
2010-12-17,0.00313188328451553,0.0,1.3992339470639763e-16,0.0031318832845153898,0.5972686944779461,0.597268694467732,0.0
2010-12-20,-0.0005814465767350202,0.0,4.212241796442795e-16,-0.0005814465767354414,0.5985260639873805,0.5985260639771305,0.0
2010-12-21,0.0010428874356169858,0.0,1.4127770846400555e-16,0.0010428874356168444,0.5982924925323724,0.598292492522059,0.0
2010-12-22,0.00020918725301202325,4.066876021415938e-08,1.4114002092182823e-16,0.00020914658425166797,0.5985076794342715,0.5985076794239685,0.00020331236280750342
2010-12-23,-0.0004935124868462031,0.0,1.411602375224389e-16,-0.0004935124868463443,0.5985916732834585,0.5985916732731539,0.0
2010-12-27,0.0007410924744946606,0.0,5.645741011363497e-16,0.0007410924744940961,0.5983934754487874,0.598393475438484,0.0
2010-12-28,-0.002033171592489734,0.0,1.413664137811183e-16,-0.0020331715924898756,0.5986908826156513,0.5986908826053315,0.0
2010-12-29,0.0014842394583247395,0.0,1.416903585382748e-16,0.001484239458324598,0.5978732900123257,0.5978732900019822,0.0
2010-12-30,0.000288198543524903,0.0,1.4233572204118986e-16,0.00028819854352476066,0.5984692577837161,0.5984692577733257,0.0
2010-12-31,0.001521714312055461,0.0,1.419135737374966e-16,0.0015217143120553193,0.5985849450178833,0.5985849450075234,0.0
2011-01-03,0.0007714705672164352,0.0,4.294895093227255e-16,0.0007714705672160057,0.5991948559420487,0.5991948559315979,0.0
2011-01-04,0.0012875014598849404,0.0,1.4383839294358162e-16,0.0012875014598847966,0.599503826951896,0.5995038269413956,0.0
2011-01-05,-0.002258253307058322,0.0,1.4321383038093353e-16,-0.002258253307058465,0.6000188033265075,0.600018803316053,0.0
2011-01-06,-0.0004909611161426764,5.681483154191079e-08,1.6338445122328164e-16,-0.0004910179309743816,0.5993975122879384,0.5993975122760112,0.0002840122377882892
2011-01-07,0.0011829187345645934,0.0,1.628403263305337e-16,0.0011829187345644306,0.5992007694938252,0.5992007694819379,0.0
2011-01-10,0.00012089330902135269,0.0,4.889940978464402e-16,0.0001208933090208637,0.5996743222380029,0.599674322226104,0.0
2011-01-11,0.00022011087501322041,0.0,1.630748953205564e-16,0.00022011087501305735,0.5997227130837517,0.5997227130718471,0.0
2011-01-12,-0.0002116990916184688,0.0,1.637405895665509e-16,-0.00021169909161863253,0.5998107990789886,0.5998107990670354,0.0
2011-01-13,-0.00014282622308214646,0.0,1.6425607823225017e-16,-0.0001428262230823107,0.5997260614498341,0.5997260614378433,0.0
2011-01-14,-0.001774357817810098,0.0,1.641039412092823e-16,-0.001774357817810262,0.5996688836684932,0.5996688836565138,0.0
2011-01-18,0.0008338729763431196,0.0,6.592150114438882e-16,0.0008338729763424604,0.5989572904014713,0.5989572903894407,0.0
2011-01-19,-0.00015805406195375154,0.0,1.6426259455580106e-16,-0.0001580540619539158,0.5992914304489799,0.5992914304369888,0.0
2011-01-20,-0.0018768282113767233,0.0,1.651125626614707e-16,-0.0018768282113768883,0.5992280868202452,0.5992280868081918,0.0
2011-01-21,0.0011004695572950998,8.437289710857804e-08,1.6507152850876385e-16,0.0011003851843978262,0.5980527416880048,0.5980527416759545,0.0004217507320013886
2011-01-24,0.0007392368525546892,0.0,4.966398421602101e-16,0.0007392368525541925,0.5984946366142758,0.598494636602191,0.0
2011-01-25,0.000801875081108555,0.0,1.6486336868079598e-16,0.00080187508110839,0.5987912249263381,0.5987912249143028,0.0
2011-01-26,-4.065527791190906e-05,0.0,1.641940800811632e-16,-4.0655277912073254e-05,0.5991126864733484,0.5991126864613623,0.0
2011-01-27,-0.0002621641692361816,0.0,1.641050071910797e-16,-0.0002621641692363457,0.5990963876255646,0.599096387613585,0.0
2011-01-28,-7.14654818413269e-05,0.0,1.6342812275698536e-16,-7.146548184149033e-05,0.5989912575016786,0.5989912574897485,0.0
2011-01-31,-0.0006048687150462494,0.0,4.904495722339391e-16,-0.0006048687150467399,0.5989625971704522,0.598962597158518,0.0
2011-02-01,0.0006188483976370362,0.0,1.6441964530219263e-16,0.0006188483976368717,0.5987198753771595,0.5987198753651567,0.0
2011-02-02,-0.0006769966247718854,0.0,1.6435370723921202e-16,-0.0006769966247720498,0.5989680533547448,0.598968053342747,0.0
2011-02-03,-0.0012224638382503587,0.0,1.6476559714161484e-16,-0.0012224638382505235,0.5986963721532058,0.598696372141178,0.0
2011-02-04,-0.0016961685765560417,0.0,1.6403507522212558e-16,-0.0016961685765562056,0.59820519253061,0.5982051925186354,0.0
2011-02-07,-0.0002437186531953181,0.0,4.903973645753358e-16,-0.00024371865319580848,0.5975225228810874,0.5975225228691545,0.0
2011-02-08,-0.0007129096075130228,0.0,1.6270804261484118e-16,-0.0007129096075131856,0.597424407699865,0.5974244076879872,0.0
2011-02-09,0.0007480836636616043,0.0,1.622164153160498e-16,0.0007480836636614421,0.5971372029412879,0.5971372029294462,0.0
2011-02-10,-0.000989627735478351,0.0,1.6235004957190173e-16,-0.0009896277354785135,0.5974383527332437,0.597438352721392,0.0
2011-02-11,0.002761450694247844,0.0,1.615532191914244e-16,0.0027614506942476823,0.5970395719172431,0.5970395719054495,0.0
2011-02-14,-0.0011034658042314148,0.0,4.839912198364362e-16,-0.0011034658042318988,0.598149262914169,0.5981492629023919,0.0
2011-02-15,0.0002220048503575949,0.0,1.6187004182891667e-16,0.00022200485035743303,0.5977053445186468,0.5977053445068304,0.0
2011-02-16,-0.0002650314014110508,0.0,1.6201328433412344e-16,-0.00026503140141121285,0.5977946360602946,0.5977946360484675,0.0
2011-02-17,0.0018665994849683318,0.0,1.6184614079297391e-16,0.00186659948496817,0.5976880107499638,0.5976880107381493,0.0
2011-02-18,0.0011562358407522073,3.133568578174325e-07,1.361679141766705e-16,0.0011559224838942536,0.6000000000102307,0.6000000000002904,0.00156243303146264
2011-02-22,-4.9625291144944045e-06,0.0,5.441540748122567e-16,-4.962529115038559e-06,0.6004621481532071,0.6004621481432765,0.0
2011-02-23,0.0004180913451711124,0.0,1.3636786650770025e-16,0.000418091345170976,0.60046016542517,0.6004601654152152,0.0
2011-02-24,0.001122214320356983,0.0,1.3691412845096924e-16,0.0011222143203568462,0.6006271397615761,0.6006271397515813,0.0
2011-02-25,0.001538128293138534,0.0,1.3663211390851029e-16,0.0015381282931383974,0.6010748193120856,0.6010748193021117,0.0
2011-02-28,0.0004310211513036031,0.0,4.1238950443234247e-16,0.0004310211513031907,0.6016874750762586,0.6016874750662238,0.0
2011-03-01,0.00047071016166974427,0.0,1.3770641438474303e-16,0.0004707101616696066,0.601859082233038,0.6018590822229853,0.0
2011-03-02,-0.0009510373604102053,0.0,1.369650534145934e-16,-0.0009510373604103423,0.602046403034953,0.6020464030249546,0.0
2011-03-03,-0.0007566512210494295,0.0,1.364862025120858e-16,-0.000756651221049566,0.601667574015935,0.6016675740059715,0.0
2011-03-04,0.001425241056002017,0.0,1.3619094566509706e-16,0.001425241056001881,0.6013659470730071,0.601365947063065,0.0
2011-03-07,-0.0007974300865210914,3.8935744966339403e-07,3.417217242001875e-16,-0.0007978194439710965,0.6000000000123352,0.60000000000402,0.0019332880878959458
2011-03-08,0.00048561831302399545,0.0,1.1420230946343643e-16,0.00048561831302388123,0.5996810070934684,0.5996810070851315,0.0
2011-03-09,0.0009135252996553787,0.0,1.1370757464735792e-16,0.000913525299655265,0.5998753149679809,0.59987531495968,0.0
2011-03-10,0.0010214340653223596,0.0,1.1421777301731577e-16,0.0010214340653222453,0.6002405053801384,0.6002405053718004,0.0
2011-03-11,-0.0002841877893338258,0.0,1.140618342766506e-16,-0.0002841877893339399,0.6006484166913674,0.6006484166830408,0.0
2011-03-14,-8.06124896369036e-05,0.0,3.426031373615064e-16,-8.061248963724621e-05,0.6005348935858673,0.6005348935775306,0.0
2011-03-15,-2.6491510478883253e-05,0.0,1.1437219149407018e-16,-2.6491510478997626e-05,0.6005026891130456,0.6005026891046962,0.0
2011-03-16,0.0013236763649324757,0.0,1.1491852479133194e-16,0.0013236763649323608,0.6004921055455129,0.6004921055371238,0.0
2011-03-17,0.0005577210210822808,0.0,1.1499678979810045e-16,0.0005577210210821658,0.6010202256429323,0.6010202256345374,0.0
2011-03-18,1.874601067583249e-05,0.0,1.1575826866286772e-16,1.8746010675716733e-05,0.6012426210155639,0.6012426210071136,0.0
2011-03-21,-0.00036915117023471046,2.5036183797747297e-07,3.4920601225683983e-16,-0.00036940153207303716,0.6000000000083742,0.599999999999877,0.0012500959772560605
2011-03-22,-0.0004922888469131282,0.0,1.1633150326356035e-16,-0.0004922888469132445,0.5998524352467292,0.5998524352382368,0.0
2011-03-23,4.476642185141058e-05,0.0,1.170253081386441e-16,4.476642185129355e-05,0.5996553500406794,0.5996553500321362,0.0
2011-03-24,-0.0003683693986780831,0.0,1.172057572156646e-16,-0.0003683693986782003,0.5996732712359112,0.5996732712273553,0.0
2011-03-25,-0.0007778725472081411,0.0,1.1650603689052036e-16,-0.0007778725472082576,0.5995257487767479,0.5995257487682428,0.0
2011-03-28,0.00016238302686220535,0.0,3.5146414725953596e-16,0.00016238302686185388,0.599213988341014,0.5992139883324619,0.0
2011-03-29,-0.0009868573328420734,0.0,1.1672605080406146e-16,-0.00098685733284219,0.5992790586203726,0.5992790586118517,0.0
2011-03-30,0.000695493348322121,0.0,1.1600488258537587e-16,0.000695493348322005,0.5988832135783054,0.5988832135698371,0.0
2011-03-31,-0.00035500721860834444,0.0,1.1677602777933855e-16,-0.0003550072186084612,0.5991619937454726,0.5991619937369478,0.0
2011-04-01,0.001487513345594443,0.0,1.1684495195693993e-16,0.0014875133455943261,0.5990196428241571,0.5990196428156271,0.0
2011-04-04,0.0010711755623371195,7.705196711843946e-08,3.4646046731999425e-16,0.0010710985103696547,0.6000000000072221,0.5999999999987914,0.00038477948361249903
2011-04-05,-0.000488704036485063,0.0,1.153420191312101e-16,-0.0004887040364851783,0.6004280579710806,0.6004280579626606,0.0
2011-04-06,-0.0009695982193722748,0.0,1.1492017240797486e-16,-0.0009695982193723897,0.6002326900730297,0.6002326900646404,0.0
2011-04-07,0.00037665643393515875,0.0,1.1410168170316168e-16,0.00037665643393504464,0.59984470020681,0.5998447001984806,0.0
2011-04-08,0.00020534465672271795,0.0,1.136812684809759e-16,0.00020534465672260427,0.5999953645263376,0.5999953645180387,0.0
2011-04-11,-0.0002996840681039496,0.0,3.406585878644819e-16,-0.00029968406810429026,0.6000774864775849,0.6000774864692956,0.0
2011-04-12,0.0010089636613427443,0.0,1.1371278712116108e-16,0.0010089636613426307,0.5999576001437913,0.5999576001354903,0.0
2011-04-13,0.0006020498992054728,0.0,1.1368555774388248e-16,0.000602049899205359,0.6003608215525003,0.600360821544201,0.0
2011-04-14,-0.0003880831326143738,0.0,1.1411890656448408e-16,-0.0003880831326144879,0.6006012795119494,0.600601279503619,0.0
2011-04-15,0.0021453331471884447,0.0,1.145140039095558e-16,0.0021453331471883302,0.6004462194291634,0.6004462194208037,0.0
2011-04-18,0.00012600514369524033,2.608368115467367e-07,2.478337957845702e-16,0.00012574430688344577,0.6000000000110378,0.600000000005007,0.001301560402728122
2011-04-19,0.0006823445797549433,0.0,8.239009735897307e-17,0.0006823445797548609,0.6000505522139344,0.60005055220792,0.0
2011-04-20,7.104578817021668e-05,0.0,8.295558402141608e-17,7.104578817013373e-05,0.600323269464715,0.6003232694586592,0.0
2011-04-21,0.00021425281926947505,0.0,8.281033031603194e-17,0.00021425281926939224,0.6003516627958124,0.6003516627897673,0.0
2011-04-25,0.00032797127699091375,0.0,3.3275006007102763e-16,0.000327971276990581,0.6004372702371679,0.6004372702310953,0.0
2011-04-26,0.0013144483532055923,0.0,8.316641692376776e-17,0.001314448353205509,0.6005682723709498,0.6005682723648786,0.0
2011-04-27,-2.995927218031628e-05,0.0,8.344196308773862e-17,-2.995927218039972e-05,0.6010926155255819,0.6010926155194906,0.0
2011-04-28,0.0011354949675899395,0.0,8.298655483605233e-17,0.0011354949675898565,0.6010806641925892,0.6010806641865312,0.0
2011-04-29,0.0012247883817882302,0.0,8.370366874681494e-17,0.0012247883817881465,0.6015331213281316,0.601533121322021,0.0
2011-05-02,0.0004151258686365015,0.0,2.522377143377393e-16,0.00041512586863624927,0.6020205619201174,0.6020205619139795,0.0
2011-05-03,0.0003570440518527427,4.3787340680006694e-07,7.08382242924677e-17,0.0003566061784458718,0.6000000000096681,0.600000000004497,0.002185704922804836
2011-05-04,0.0006845440403668692,0.0,7.09200296131202e-17,0.0006845440403667983,0.6001430293493115,0.6001430293441344,0.0
2011-05-05,0.00037762648864864357,0.0,7.069487566418854e-17,0.0003776264886485729,0.6004165618105405,0.6004165618053797,0.0
2011-05-06,0.0001489487041957035,0.0,7.014620333287007e-17,0.00014894870419563335,0.600567398141394,0.6005673981362735,0.0
2011-05-09,0.0008042281667759906,0.0,2.1018159251889875e-16,0.0008042281667757804,0.6006268842494702,0.600626884244356,0.0
2011-05-10,-0.0007884888599399146,0.0,6.969398183893659e-17,-0.0007884888599399843,0.6009478132580393,0.6009478132529514,0.0
2011-05-11,0.00010977112913465337,0.0,6.979920106147214e-17,0.00010977112913458358,0.6006329167618829,0.6006329167567876,0.0
2011-05-12,0.00017599571635926886,0.0,6.978925298478658e-17,0.00017599571635919906,0.6006767509258233,0.6006767509207287,0.0
2011-05-13,0.0007171018917394644,0.0,6.958113289884197e-17,0.0007171018917393948,0.6007470177404304,0.600747017735351,0.0
2011-05-16,0.0003309973451922947,0.0,2.1012704277774433e-16,0.0003309973451920846,0.6010331176465448,0.6010331176414317,0.0
2011-05-17,0.0008926022425324381,2.3350670944576806e-07,7.26518862018713e-17,0.0008923687358229197,0.6000000000042547,0.5999999999989509,0.001165130925341512
2011-05-18,-0.00029677237936718025,0.0,7.254892703952752e-17,-0.0002967723793672528,0.6003568625523058,0.6003568625470098,0.0
2011-05-19,-0.00044288619298235566,0.0,7.216432141189719e-17,-0.0004428861929824278,0.6002382242989213,0.6002382242936535,0.0
2011-05-20,-0.00022576090132925766,0.0,7.185575957315487e-17,-0.0002257609013293295,0.6000610968806683,0.600061096875423,0.0
2011-05-23,-0.00024581192171135196,0.0,2.1717173404893632e-16,-0.0002458119217115691,0.5999707859247788,0.5999707859194943,0.0
2011-05-24,0.0007328681727065267,0.0,7.280220099207307e-17,0.000732868172706454,0.5998724297978465,0.599872429792532,0.0
2011-05-25,-0.0003603572078521703,0.0,7.286829296943222e-17,-0.0003603572078522432,0.6001654558096412,0.6001654558043216,0.0
2011-05-26,0.0006148938908208346,0.0,7.282552614118282e-17,0.0006148938908207617,0.6000213206095304,0.6000213206042141,0.0
2011-05-27,0.0007511392334090752,0.0,7.289031499718605e-17,0.0007511392334090024,0.6002671139191499,0.6002671139138288,0.0
2011-05-31,0.0008257209107089438,0.0,2.929068760792231e-16,0.0008257209107086508,0.6005671436087267,0.600567143603381,0.0
2011-06-01,0.0010952206706954584,1.7938855761542428e-07,9.261881154483858e-17,0.0010950412821377504,0.5999999999998429,0.5999999999930815,0.0008966915578401263
2011-06-02,-0.0011233234555802346,0.0,9.290753804937318e-17,-0.0011233234555803274,0.6004377165835554,0.600437716576773,0.0
2011-06-03,0.0003746634458629307,0.0,9.298907151760678e-17,0.0003746634458628377,0.5999883741417223,0.599988374134934,0.0
2011-06-06,-0.00022050838033025675,0.0,2.786506333176916e-16,-0.0002205083803305354,0.6001381877461652,0.6001381877393847,0.0
2011-06-07,0.0006134120964008749,0.0,9.298798850672222e-17,0.0006134120964007819,0.6000499954184481,0.60004999541166,0.0
2011-06-08,0.0002935601754165506,0.0,9.316196161751704e-17,0.0002935601754164574,0.6002951791905393,0.6002951791837385,0.0
2011-06-09,-0.000515355335817008,0.0,9.350616055557212e-17,-0.0005153553358171015,0.6004124821723942,0.6004124821655684,0.0
2011-06-10,-0.0005426748721280118,0.0,9.274693958679792e-17,-0.0005426748721281045,0.6002064464312784,0.600206446424508,0.0
2011-06-13,-0.0001989664343678296,0.0,2.796672195622114e-16,-0.00019896643436810926,0.599989370714212,0.5999893707074069,0.0
2011-06-14,-0.00048717102566986,0.0,9.263209918002834e-17,-0.00048717102566995266,0.5999097661869207,0.5999097661801586,0.0
2011-06-15,0.001009139943868164,7.358221840580221e-07,6.527614765675076e-17,0.0010084041216840407,0.6000000000079693,0.6000000000032041,0.003676945963454026
2011-06-16,-0.0006726859419126447,0.0,6.562142868609408e-17,-0.0006726859419127103,0.6004036903957982,0.6004036903910078,0.0
2011-06-17,8.393883459276668e-05,0.0,6.533078201906683e-17,8.393883459270134e-05,0.6001347066342678,0.6001347066294986,0.0
2011-06-20,-0.00017730992039657726,0.0,1.9500739998793125e-16,-0.00017730992039677229,0.6001682680438579,0.6001682680391127,0.0
2011-06-21,0.0012244443770126623,0.0,6.490412402294639e-17,0.0012244443770125975,0.6000973613388226,0.6000973613340846,0.0
2011-06-22,-0.00021395293737389866,0.0,6.508504433281785e-17,-0.00021395293737396374,0.6005864210496898,0.6005864210449388,0.0
2011-06-23,0.0009634718989715567,0.0,6.477867467173377e-17,0.000963471898971492,0.6005009470538105,0.6005009470490816,0.0
2011-06-24,0.0004266048403915618,0.0,6.45912352076697e-17,0.00042660484039149725,0.600885482675715,0.6008854826709996,0.0
2011-06-27,-0.0002897592505613636,0.0,1.9328731464192122e-16,-0.0002897592505615569,0.6010556742561143,0.6010556742514107,0.0
2011-06-28,-0.0010849470180158386,0.0,6.412083262550233e-17,-0.0010849470180159027,0.6009400429420042,0.6009400429373235,0.0
2011-06-29,-0.00044673566947130643,1.4735031108203238e-07,4.7969731158189045e-17,-0.00044688301978243646,0.6000000000085868,0.6000000000050849,0.0007359701476843117
2011-06-30,0.000267910423562129,0.0,4.768939412315157e-17,0.0002679104235620813,0.5998213142993574,0.5998213142958762,0.0
2011-07-01,0.00012875394138457845,0.0,4.7827435969943e-17,0.0001287539413845306,0.5999284976250246,0.5999284976215333,0.0
2011-07-05,0.0006533451045599717,0.0,1.9051680124213915e-16,0.0006533451045597812,0.5999800017764146,0.5999800017729375,0.0
2011-07-06,0.0004140203215296761,0.0,4.7707841611291907e-17,0.0004140203215296284,0.600241182243009,0.6002411822395265,0.0
2011-07-07,-4.616535193655389e-06,0.0,4.744244959627606e-17,-4.616535193702831e-06,0.6004066220218227,0.6004066220183594,0.0
2011-07-08,0.001395512512071672,0.0,4.719564310525051e-17,0.0013955125120716247,0.6004047772763959,0.6004047772729506,0.0
2011-07-11,0.00129380258706749,0.0,1.4281164408881884e-16,0.0012938025870673471,0.6009616403001881,0.600961640296713,0.0
2011-07-12,-4.145665565302954e-05,0.0,4.801231140822367e-17,-4.145665565307755e-05,0.6014772500650937,0.6014772500615887,0.0
2011-07-13,0.0011089803188140653,0.0,4.816563244389017e-17,0.0011089803188140171,0.6014607279597394,0.6014607279562233,0.0
2011-07-14,-0.0010760703641991484,4.7645934518315084e-07,2.1047370791316093e-17,-0.0010765468235443526,0.60000000001053,0.6000000000089935,0.002378385675439673
2011-07-15,0.00047459398694309955,0.0,2.0774516681258353e-17,0.0004745939869430788,0.5995693941731005,0.599569394171584,0.0
2011-07-18,-0.00048498014531874183,0.0,6.23973801264615e-17,-0.0004849801453188042,0.5997593459808308,0.5997593459793125,0.0
2011-07-19,0.00120154887084881,0.0,2.0610685550896946e-17,0.0012015488708487893,0.5995651430256903,0.5995651430241856,0.0
2011-07-20,-9.999504020108398e-05,0.0,2.100679146029145e-17,-9.999504020110498e-05,0.6000457076540804,0.6000457076525468,0.0
2011-07-21,-0.000250819113481995,0.0,2.0767193564278837e-17,-0.0002508191134820158,0.600005710208975,0.6000057102074589,0.0
2011-07-22,0.0015171002858058353,0.0,2.0619373051772688e-17,0.0015171002858058147,0.5999053588257557,0.5999053588242504,0.0
2011-07-25,-0.0010288343915041498,0.0,6.222163098579297e-17,-0.001028834391504212,0.6005114230600185,0.6005114230585044,0.0
2011-07-26,0.0007133983258799239,0.0,2.053928715850992e-17,0.0007133983258799034,0.6000999921787931,0.6000999921772937,0.0
2011-07-27,-0.0006287743540327397,0.0,2.0666237113684524e-17,-0.0006287743540327604,0.6003850767960138,0.6003850767945053,0.0
2011-07-28,0.0009426833739305982,2.663664127748964e-07,5.745779778198463e-17,0.0009424170075177659,0.5999999999873428,0.5999999999831485,0.0013291707992735824
2011-07-29,0.002843525018160208,0.0,5.745524013999357e-17,0.002843525018160151,0.600376877980548,0.6003768779763536,0.0
2011-08-01,0.0014452804219646398,0.0,1.7377047127506884e-16,0.0014452804219644661,0.6015099942813419,0.6015099942771136,0.0
2011-08-02,0.0020326591589561343,0.0,5.804327958635804e-17,0.002032659158956076,0.6020850929061874,0.6020850929019503,0.0
2011-08-03,0.00016455135350713573,0.0,5.864404751789358e-17,0.00016455135350707708,0.6028922775553593,0.6028922775510782,0.0
2011-08-04,0.0011285325984498706,0.0,5.875453006313382e-17,0.0011285325984498119,0.6029576114178089,0.6029576114135199,0.0
2011-08-05,-0.003754082305653827,0.0,5.928763131780746e-17,-0.0037540823056538865,0.6034051815987949,0.6034051815944669,0.0
2011-08-08,-0.0032483163778656617,0.0,1.757793373159354e-16,-0.0032483163778658374,0.6019107216829277,0.6019107216786502,0.0
2011-08-09,0.002263586752911175,0.0,5.928134344128773e-17,0.0022635867529111156,0.6006133876088334,0.600613387604506,0.0
2011-08-10,0.004817228375674536,0.0,5.964349060533973e-17,0.0048172283756744766,0.6015153920885771,0.6015153920842231,0.0
2011-08-11,-0.0058156264372533645,1.2137002681609342e-06,2.0552348820075668e-16,-0.005816840137521731,0.5980338543875684,0.5980338543725655,0.006043773309728981
2011-08-12,0.0027534425400968583,0.0,2.1114089615742483e-16,0.002753442540096647,0.5956832220257632,0.5956832220103501,0.0
2011-08-15,0.0012213905277609761,0.0,6.331697395957823e-16,0.001221390527760343,0.5967934281531694,0.5967934281377624,0.0
2011-08-16,0.0014939907077833239,0.0,2.1356451854908298e-16,0.0014939907077831103,0.5972853000732525,0.5972853000576624,0.0
2011-08-17,0.0017204647570463812,0.0,2.1240278967665767e-16,0.0017204647570461687,0.5978860545711319,0.5978860545556266,0.0
2011-08-18,-0.0008785993914210779,0.0,2.1292514021288676e-16,-0.0008785993914212909,0.5985766892300336,0.5985766892144899,0.0
2011-08-19,0.0001911742170629641,0.0,2.0835591697178292e-16,0.00019117421706275575,0.5982236888071853,0.5982236887919753,0.0
2011-08-22,-0.00035614735124807275,0.0,6.234794634985572e-16,-0.0003561473512486962,0.5983004833977308,0.5983004833825593,0.0
2011-08-23,-0.0019665015289153085,0.0,2.0819322373256018e-16,-0.0019665015289155167,0.5981573682088215,0.5981573681936231,0.0
2011-08-24,-0.0033599100569496544,0.0,2.1164806469245291e-16,-0.003359910056949866,0.5973655870203249,0.5973655870048745,0.0
2011-08-25,0.001702679690981475,8.188738905981268e-08,2.1110701082023774e-16,0.001702597803592204,0.5955988637954601,0.5955988637800494,0.0004093471498034934
2011-08-26,0.0013710019016836353,0.0,2.0955092560225902e-16,0.0013710019016834258,0.5962863077285033,0.5962863077132062,0.0
2011-08-29,-9.209190861039849e-05,0.0,6.35344217211197e-16,-9.209190861103383e-05,0.596839042168559,0.5968390421530989,0.0
2011-08-30,0.0011714128601673388,0.0,2.141038871873523e-16,0.0011714128601671247,0.596801910887153,0.5968019108715236,0.0
2011-08-31,0.0010026189313243024,0.0,2.1485579079497985e-16,0.0010026189313240876,0.5972736696896799,0.5972736696739953,0.0
2011-09-01,0.0006842291649864356,0.0,2.1554187364558805e-16,0.0006842291649862201,0.5976770462996321,0.5976770462838976,0.0
2011-09-02,0.0013014230786640207,0.0,2.1413297295329525e-16,0.0013014230786638065,0.5979521391716393,0.5979521391560075,0.0
2011-09-06,-0.00015967813747958128,0.0,8.473634076461083e-16,-0.00015967813748042864,0.5984746934720752,0.5984746934566109,0.0
2011-09-07,0.0002445310572364191,0.0,2.1059881136059865e-16,0.0002445310572362085,0.5984105684195163,0.5984105684041426,0.0
2011-09-08,0.0009116023753960525,0.0,2.1289011491335346e-16,0.0009116023753958396,0.5985087455006213,0.5985087454850806,0.0
2011-09-09,-0.0007046353150781363,3.044858846093375e-07,1.0729007298266876e-16,-0.000704939800962853,0.5988241801879708,0.5988241801801388,0.0015200764761002794
2011-09-12,-0.00128130922575084,0.0,3.150850589845925e-16,-0.001281309225751155,0.5985414805849139,0.5985414805772467,0.0
2011-09-13,-0.00021933659662755288,0.0,1.0541133085209904e-16,-0.0002193365966276583,0.5980264281387982,0.5980264281311032,0.0
2011-09-14,-0.0006770578148710806,0.0,1.061332554640552e-16,-0.0006770578148711867,0.597938241281058,0.5979382412733102,0.0
2011-09-15,-0.0004342697580736898,0.0,1.067700092345882e-16,-0.0004342697580737966,0.597665837792387,0.5976658377845927,0.0
2011-09-16,-9.002475766916153e-05,0.0,1.0752880039462403e-16,-9.002475766926906e-05,0.597491040323898,0.5974910403160483,0.0
2011-09-19,0.00068887937017537,0.0,3.2250987230253733e-16,0.0006888793701750474,0.5974548012899307,0.5974548012820828,0.0
2011-09-20,0.000587020305249912,0.0,1.0568511130269723e-16,0.0005870203052498063,0.597731915474513,0.597731915466798,0.0
2011-09-21,-0.00016668292576416485,0.0,1.0524420091694679e-16,-0.0001666829257642701,0.5979679164708789,0.5979679164631962,0.0
2011-09-22,-0.0013927573200507842,0.0,1.0263840016369169e-16,-0.0013927573200508867,0.5979008934151547,0.5979008934076621,0.0
2011-09-23,-0.002504213259748932,1.5379627413196474e-07,9.955752102998918e-17,-0.0025043670560231635,0.5965717488276575,0.59657174882039,0.0007683370443694326
2011-09-26,-0.0021945588464027475,0.0,3.0139004413050404e-16,-0.002194558846403049,0.5955590339926046,0.5955590339852707,0.0
2011-09-27,0.0014401128322635895,0.0,1.0209958339397125e-16,0.0014401128322634874,0.5946695123853966,0.5946695123779431,0.0
2011-09-28,-0.0009856706905656306,0.0,1.036922393072535e-16,-0.0009856706905657343,0.5952523946058798,0.59525239459831,0.0
2011-09-29,0.00038935068527841437,0.0,1.0155298976341387e-16,0.00038935068527831283,0.5948530531348191,0.5948530531274059,0.0
2011-09-30,-0.000676157390196417,0.0,1.0260628831930685e-16,-0.0006761573901965196,0.5950107359823746,0.5950107359748845,0.0
2011-10-03,0.0004670539128347278,0.0,2.992630067617741e-16,0.0004670539128344286,0.5947367142165039,0.5947367142092218,0.0
2011-10-04,-0.001976403734275319,0.0,9.743479550878486e-17,-0.001976403734275417,0.5949259056570889,0.594925905649976,0.0
2011-10-05,0.000584657657522312,0.0,9.910383941385556e-17,0.0005846576575222129,0.5941237302820722,0.5941237302748376,0.0
2011-10-06,0.0005450028982255884,0.0,1.0032696543920896e-16,0.0005450028982254881,0.5943608902938462,0.5943608902865223,0.0
2011-10-07,-0.000400718912793143,8.182172207038574e-08,1.0208872362775463e-16,-0.00040080073451531547,0.5941728049311406,0.594172804923688,0.0004090394326534269
2011-10-10,0.0009985562718597934,0.0,3.0339957573451104e-16,0.00099855627185949,0.5940101657290083,0.5940101657216256,0.0
2011-10-11,-0.0004149579768162984,0.0,1.0398597917522444e-16,-0.0004149579768164024,0.5944151650099748,0.5944151650023838,0.0
2011-10-12,0.0012128425132042111,0.0,1.0429947634493699e-16,0.0012128425132041068,0.5942467944807456,0.5942467944731318,0.0
2011-10-13,0.0010998098343536888,0.0,1.0507135214148181e-16,0.0010998098343535836,0.5947383130836764,0.5947383130760062,0.0
2011-10-14,-0.0002463685873930328,0.0,1.0472703696028993e-16,-0.00024636858739313756,0.5951835342138395,0.5951835342061945,0.0
2011-10-17,0.00034064768967133243,0.0,3.1939419340324355e-16,0.00034064768967101303,0.5950837755757405,0.5950837755679688,0.0
2011-10-18,0.0013979812873027798,0.0,1.0454475326194111e-16,0.0013979812873026753,0.5952216623811422,0.5952216623735105,0.0
2011-10-19,-1.2373461311197942e-05,0.0,1.0575924084642202e-16,-1.2373461311303701e-05,0.5957867449478844,0.5957867449401639,0.0
2011-10-20,0.0002985063471058796,0.0,1.0439534026538187e-16,0.0002985063471057752,0.5957817433688251,0.5957817433612042,0.0
2011-10-21,0.0006693444191669227,7.344906916172924e-08,1.8753852767000937e-16,0.0006692709700975735,0.5962695618730752,0.5962695618593851,0.00036719280203256766
2011-10-24,0.0015807866267855543,0.0,5.700858535557311e-16,0.0015807866267849842,0.5965396596157405,0.5965396596018686,0.0
2011-10-25,0.0014673044569482514,0.0,1.931530023579677e-16,0.0014673044569480582,0.5971764377162037,0.5971764377021035,0.0
2011-10-26,0.000388178843071342,0.0,1.9120332639560765e-16,0.0003881788430711508,0.5977666365230451,0.5977666365090871,0.0
2011-10-27,0.000319214833999551,0.0,1.9225077075332452e-16,0.0003192148339993588,0.5979227144186693,0.597922714404635,0.0
2011-10-28,0.0007619957515636421,0.0,1.9811381764912023e-16,0.000761995751563444,0.5980510224952325,0.5980510224807702,0.0
2011-10-31,0.0007552880580325898,0.0,5.948273390901847e-16,0.000755288058031995,0.598357072699504,0.5983570726850298,0.0
2011-11-01,0.0021221515329363453,0.0,1.9375214914853196e-16,0.0021221515329361514,0.5986601998574456,0.598660199843302,0.0
2011-11-02,0.0007502485565148288,0.0,1.8978167201232862e-16,0.0007502485565146391,0.599510100112158,0.5995101000983039,0.0
2011-11-03,-8.006504248289638e-05,0.0,1.921383476784694e-16,-8.006504248308851e-05,0.5998103418257179,0.5998103418116918,0.0
2011-11-04,0.0008378199213375283,4.513815576394201e-07,1.1766659087857033e-16,0.0008373685397797712,0.5991033304271696,0.5991033304185799,0.0022535128202164495
2011-11-07,3.237482603096343e-05,0.0,3.5123314799035393e-16,3.2374826030612196e-05,0.599439198821867,0.5994391988133204,0.0
2011-11-08,-0.0012910866560677443,0.0,1.1764503588816124e-16,-0.001291086656067862,0.599452166488336,0.5994521664797479,0.0
2011-11-09,-0.0009963023879007897,0.0,1.1911866228821752e-16,-0.0009963023879009088,0.5989343559872402,0.5989343559785446,0.0
2011-11-10,-3.5191462289013394e-05,0.0,1.1491481881046424e-16,-3.5191462289128306e-05,0.5985343748259042,0.5985343748175154,0.0
2011-11-11,3.149682976081199e-05,0.0,1.1565302170838687e-16,3.149682976069634e-05,0.5985202461663408,0.5985202461578982,0.0
2011-11-14,-0.0004151140515959906,0.0,3.5258210976454796e-16,-0.0004151140515963432,0.5985328911076613,0.5985328910990818,0.0
2011-11-15,-0.0012244325942410113,0.0,1.1599423428377542e-16,-0.0012244325942411273,0.5983661672599793,0.5983661672515118,0.0
2011-11-16,-0.0007678932328367894,0.0,1.1671599786977787e-16,-0.0007678932328369062,0.5978737908225064,0.5978737908139861,0.0
2011-11-17,-0.0013250148691620375,0.0,1.1519989641829134e-16,-0.0013250148691621526,0.5975647635276471,0.5975647635192374,0.0
2011-11-18,0.00035089495681383707,9.866885412961339e-08,1.1377130525784662e-16,0.0003507962879595937,0.5965375613289702,0.5965375613206647,0.0004932620477217237
2011-11-21,-0.0013944083664962318,0.0,3.4028089373064635e-16,-0.001394408366496572,0.596679143457134,0.5966791434488538,0.0
2011-11-22,-0.0005600601605967863,0.0,1.1172646254273384e-16,-0.000560060160596898,0.5961159641783547,0.5961159641701986,0.0
2011-11-23,-0.0010773819899624773,0.0,1.1157137877464668e-16,-0.001077381989962589,0.5958896380641343,0.5958896380559896,0.0
2011-11-25,-0.0006843153866736927,0.0,2.188037807532919e-16,-0.0006843153866739115,0.5954537872602541,0.5954537872522677,0.0
2011-11-28,0.0013065514664626437,0.0,3.2700535459680403e-16,0.0013065514664623167,0.5951767604885387,0.5951767604805815,0.0
2011-11-29,-8.551146485569128e-05,0.0,1.1169972060500533e-16,-8.551146485580298e-05,0.5957049927233873,0.5957049927152333,0.0
2011-11-30,0.0010141315011254837,0.0,1.1217789854828882e-16,0.0010141315011253716,0.5956704179085723,0.5956704179003836,0.0
2011-12-01,0.000657848866874228,0.0,1.159538314602378e-16,0.0006578488668741121,0.5960800458582849,0.5960800458498204,0.0
2011-12-02,0.002314551188912189,0.0,1.1581019663849893e-16,0.0023145511889120732,0.596345589454866,0.5963455894464119,0.0
2011-12-05,0.0007043578512570504,1.2060680517093937e-07,1.103939187461769e-15,0.0007042372444507755,0.597879474208678,0.5978794741818156,0.0006017634130902616
2011-12-06,0.00018654266281777196,0.0,3.697091817559103e-16,0.00018654266281740225,0.5981625836904088,0.5981625836634199,0.0
2011-12-07,0.0005196764852399044,0.0,3.692517723986854e-16,0.0005196764852395351,0.5982375295314419,0.5982375295044866,0.0
2011-12-08,-0.0009222676999600676,0.0,3.6953633196818696e-16,-0.0009222676999604371,0.5984462075949488,0.5984462075679726,0.0
2011-12-09,-0.00048321122126513056,0.0,3.6298947512633923e-16,-0.00048321122126549355,0.5980755256339153,0.5980755256074173,0.0
2011-12-12,0.00042976947834829954,0.0,1.1013349823173424e-15,0.0004297694783471982,0.5978812173261341,0.597881217299335,0.0
2011-12-13,0.0006165803705599401,0.0,3.608978236812166e-16,0.0006165803705595792,0.598053961464998,0.5980539614386522,0.0
2011-12-14,0.0003962548506306174,0.0,3.5897498456635673e-16,0.0003962548506302584,0.59830164078805,0.5983016407618449,0.0
2011-12-15,-0.0001730135080409178,0.0,3.538280318235494e-16,-0.00017301350804127164,0.5984607526621609,0.5984607526363316,0.0
2011-12-16,0.0013180456916481163,0.0,3.541452404979513e-16,0.0013180456916477622,0.598391268926757,0.5983912689009045,0.0
2011-12-19,0.0006756876078246057,2.458707056602089e-07,1.0316264558057197e-15,0.0006754417371179138,0.5980707353177299,0.5980707352926269,0.0012249124973080644
2011-12-20,0.0006911013081333341,0.0,3.4054632767970636e-16,0.0006911013081329936,0.5983422775779699,0.59834227755311,0.0
2011-12-21,-0.0005769275036069109,0.0,3.4961336925451595e-16,-0.0005769275036072606,0.598619672048356,0.5986196720228342,0.0
2011-12-22,0.0009978412043674036,0.0,3.503129164693783e-16,0.0009978412043670532,0.5983879710230964,0.5983879709975235,0.0
2011-12-23,-0.0005166467997373259,0.0,3.5250000643331003e-16,-0.0005166467997376784,0.5987883165726795,0.5987883165469468,0.0
2011-12-27,0.000753854116477401,0.0,1.4155447117865126e-15,0.0007538541164759854,0.5985809246921562,0.5985809246663223,0.0
2011-12-28,0.0002594679440213312,0.0,3.5401946513406497e-16,0.00025946794402097715,0.5988833081615164,0.598883308135673,0.0
2011-12-29,0.0009303387076325311,0.0,3.4898346923391087e-16,0.0009303387076321821,0.5989873580868794,0.5989873580614037,0.0
2011-12-30,-0.0003149233072956917,0.0,3.507967494551279e-16,-0.0003149233072960425,0.5993600889041507,0.5993600888785425,0.0
2012-01-03,-0.000964265745043215,0.0,1.4037759888814118e-15,-0.0009642657450446188,0.5992338783116594,0.5992338782860406,0.0
2012-01-04,0.000610076494850418,2.0180778978974118e-07,5.786628127320199e-16,0.0006098746870600496,0.5983475474657025,0.5983475474234599,0.0010061632571221196
2012-01-05,3.186828843881692e-05,0.0,5.777470913441135e-16,3.1868288438239175e-05,0.5985925575118226,0.5985925574696472,0.0
2012-01-06,0.0016183107108422147,0.0,5.750050068928967e-16,0.0016183107108416396,0.5986053492721314,0.5986053492301561,0.0
2012-01-09,0.0002089789612965245,0.0,1.716717974023861e-15,0.00020897896129480777,0.5992538810086896,0.5992538809669161,0.0
2012-01-10,-0.0008255118295658017,0.0,5.74608573449296e-16,-0.0008255118295663763,0.5993376110187522,0.5993376109768057,0.0
2012-01-11,0.0004882377959654722,0.0,5.803472405637008e-16,0.00048823779596489185,0.5990065862124769,0.5990065861701115,0.0
2012-01-12,0.00019172068769334304,0.0,5.793825752222185e-16,0.00019172068769276367,0.599202270812354,0.5992022707700589,0.0
2012-01-13,0.0008660328300230704,0.0,5.782983217117361e-16,0.0008660328300224921,0.5992790972993222,0.5992790972571064,0.0
2012-01-17,0.0005977336785289019,0.0,2.2974179469931038e-15,0.0005977336785266045,0.5996258344707124,0.5996258344287845,0.0
2012-01-18,0.00032745755979644,0.0,5.767058451112742e-16,0.00032745755979586333,0.5998650086312095,0.5998650085891101,0.0
2012-01-19,1.89224848757194e-05,4.355358189506693e-07,4.46737475098364e-16,1.848694905632199e-05,0.5984614077732721,0.5984614077406603,0.0021665770592867034
2012-01-20,-0.0006031827728474243,0.0,4.485235158960802e-16,-0.0006031827728478728,0.5984692663874392,0.5984692663546971,0.0
2012-01-23,0.00016645779563714076,0.0,1.3497492928965685e-15,0.000166457795635791,0.5982269237893573,0.5982269237565135,0.0
2012-01-24,0.00036919325889172053,0.0,4.528395148736286e-16,0.0003691932588912677,0.5982937909196342,0.5982937908865771,0.0
2012-01-25,0.0022232959762191035,0.0,4.528570122126951e-16,0.0022232959762186508,0.5984420434102754,0.5984420433772167,0.0
2012-01-26,0.0028981819142287904,0.0,4.573199739741923e-16,0.002898181914228333,0.5993328450840034,0.5993328450506191,0.0
2012-01-27,3.714554980301539e-05,0.0,4.540521320513585e-16,3.714554980256134e-05,0.60049069572408,0.600490695690934,0.0
2012-01-30,0.0004014029724390739,0.0,1.368248533307901e-15,0.00040140297243770564,0.6005055351657693,0.6005055351324752,0.0
2012-01-31,0.0005689785344431241,0.0,4.515420734687532e-16,0.0005689785344426726,0.6006658290886521,0.6006658290556893,0.0
2012-02-01,0.000862388695813531,0.0,4.516344668659893e-16,0.0008623886958130793,0.6008929124544352,0.6008929124214661,0.0
2012-02-02,0.0013729485254951757,5.199187576034978e-07,2.2808225179760095e-16,0.0013724286067373441,0.6000000000183728,0.6000000000017228,0.0025930930161270904
2012-02-03,-0.0015732297776676779,0.0,2.2862184820940094e-16,-0.0015732297776679064,0.6005487382757807,0.6005487382590913,0.0
2012-02-06,-4.5239033928171773e-05,0.0,6.963849306375909e-16,-4.5239033928868157e-05,0.5999193194358771,0.5999193194189315,0.0
2012-02-07,-6.508439931713422e-05,0.0,2.3103991518864457e-16,-6.508439931736527e-05,0.5999012193534848,0.599901219336619,0.0
2012-02-08,0.00037173662298992604,0.0,2.31670978728818e-16,0.00037173662298969434,0.5998751774698038,0.599875177452892,0.0
2012-02-09,-0.000957742934878816,0.0,2.325558333944871e-16,-0.0009577429348790486,0.6000238632482275,0.6000238632312509,0.0
2012-02-10,0.0005151635310081676,0.0,2.324353971370119e-16,0.0005151635310079351,0.599640421690666,0.5996404216736981,0.0
2012-02-13,0.0022344173975928088,0.0,6.8671300162444e-16,0.0022344173975921222,0.5998465661463458,0.5998465661296358,0.0
2012-02-14,4.2892752957655564e-05,0.0,2.309040747583339e-16,4.289275295742466e-05,0.6007386825803581,0.6007386825635023,0.0
2012-02-15,-2.6365440123886344e-05,0.0,2.2971262443987386e-16,-2.6365440124116056e-05,0.600755807262801,0.6007558072460321,0.0
2012-02-16,-0.0006853620315775622,3.8155069494294545e-05,2.739726027604557e-06,-0.0007262568270994613,0.6125215103438288,0.4125215103286963,0.19035538208523872
2012-02-17,-0.0006726952158635893,0.0,2.742315763601067e-06,-0.0006754375316271904,0.6123245152347737,0.41213546449189575,0.0
2012-02-21,0.00046960353865787446,0.0,1.0974281315305884e-05,0.0004586292573425686,0.6120215085203178,0.4117408745159853,0.0
2012-02-22,0.0017772155718817834,0.0,2.742312624023749e-06,0.0017744732592577597,0.6122103344878908,0.412021512934157,0.0
2012-02-23,-0.0015964747086661085,0.0,2.7374550831796204e-06,-0.001599212163749288,0.6128999754427055,0.41306575437059306,0.0
2012-02-24,-0.0006061714067810323,0.0,2.7418398668466778e-06,-0.000608913246647879,0.6122826706286303,0.41212836034882283,0.0
2012-02-27,0.00045474804047487035,0.0,8.232328089931025e-06,0.0004465157123849393,0.6120929064510795,0.4117729229294246,0.0
2012-02-28,0.0008640808498160609,0.0,2.7422859529220647e-06,0.0008613385638631388,0.6122305615527804,0.4120436869894696,0.0
2012-02-29,-0.0001609675301667224,0.0,2.7399259490417314e-06,-0.00016370745611576413,0.6125670148099146,0.4125524205298682,0.0
2012-03-01,-0.00030331901867423525,0.0,2.7409728208213354e-06,-0.0003060599914950566,0.6125499915293079,0.41245897560935046,0.0
2012-03-02,0.0004018009736393918,5.753529809557775e-07,2.739726027787243e-06,0.00039848589463064877,0.610306207292321,0.4103062072638522,0.0028674661397678908
2012-03-05,-0.0005743643488846882,0.0,8.21590416143683e-06,-0.000582580253046125,0.6104647466751212,0.4105444120801583,0.0
2012-03-06,-0.0010535250464987357,0.0,2.7402311250177116e-06,-0.0010562652776237534,0.6102458995365568,0.4102090274102641,0.0
2012-03-07,0.00037438185334841794,0.0,2.743128596498076e-06,0.00037163872475191986,0.6098365236344033,0.4095881360900438,0.0
2012-03-08,0.00033450514108932845,0.0,2.742109522414394e-06,0.00033176303156691407,0.6099842117333567,0.40981021659710587,0.0
2012-03-09,0.00014910388051159846,0.0,2.7417985258178033e-06,0.00014636208198578066,0.6101599883949376,0.410008696010238,0.0
2012-03-12,0.0003841835890901774,0.0,8.224191867610366e-06,0.00037595939722256705,0.6102197792381238,0.41009777712627155,0.0
2012-03-13,-0.000475969278896093,0.0,2.7403670224681022e-06,-0.0004787096459185611,0.6103744868029722,0.4103276941628007,0.0
2012-03-14,-0.003704135097286255,0.0,2.7416794908926316e-06,-0.0037068767767771474,0.6101906216609684,0.4100480188258063,0.0
2012-03-15,-0.001199256400454173,0.0,2.7512797395906053e-06,-0.0012020076801937637,0.608699175744207,0.4078557547540928,0.0
2012-03-16,0.0006823596844536873,7.278297820536758e-07,2.7397260274233728e-06,0.0006788921286442103,0.6083737555704836,0.4083737555685774,0.0036332523552392304
2012-03-19,-0.0009878302740193845,0.0,8.21360193257078e-06,-0.0009960438759519553,0.6086429123725846,0.408778598680029,0.0
2012-03-20,-0.0006302369226293604,0.0,2.7411953663857596e-06,-0.0006329781179957462,0.6083046126236914,0.408197350877531,0.0
2012-03-21,0.0011595552970397969,0.0,2.7429315820563104e-06,0.0011568123654577406,0.6080592639095578,0.4078252584194471,0.0
2012-03-22,0.00045886560944163895,0.0,2.739762191275037e-06,0.00045612584725036393,0.6085148816669209,0.40851224170384304,0.0
2012-03-23,0.0004399147222524903,0.0,2.7385130846740194e-06,0.00043717620916781626,0.6086961052496327,0.40878465006842934,0.0
2012-03-26,0.0001389795569755924,0.0,8.21194918520761e-06,0.00013076760779038478,0.6088698365648645,0.4090457397248128,0.0
2012-03-27,0.0014976022236274245,0.0,2.7369584895550424e-06,0.0014948652651378695,0.6089291879086337,0.40913121817111564,0.0
2012-03-28,-0.00023892182740522017,0.0,2.7322767281264975e-06,-0.00024165410413334667,0.6094721030181254,0.4100159018648911,0.0
2012-03-29,0.00022339459011429114,0.0,2.7335337819730086e-06,0.00022066105633231813,0.6094239943459309,0.4098760282619011,0.0
2012-03-30,-0.0004224096098979603,5.266740622187366e-07,2.7397260274205013e-06,-0.00042567600998759956,0.6096785389745506,0.40967853897285383,0.0026282791682469414
2012-04-02,0.001192599640468537,0.0,8.222678279142987e-06,0.0011843769621893941,0.6095155855271299,0.40943041406798386,0.0
2012-04-03,-0.002745660164047068,0.0,2.737052406989054e-06,-0.002748397216454057,0.6099420823006122,0.41013725659041117,0.0
2012-04-04,0.0002333513492822006,0.0,2.7451952366565353e-06,0.00023060615404554407,0.6089136084216035,0.4085143561456764,0.0
2012-04-05,-0.00017758770158261648,0.0,2.7439628712980667e-06,-0.00018033166445391454,0.608962759094781,0.4086534694900221,0.0
2012-04-09,0.0020572177400079755,0.0,1.0980229377817392e-05,0.002046237510630158,0.6089387423550902,0.40854955620992284,0.0
2012-04-10,0.00027770057987843154,0.0,2.7400498260491696e-06,0.0002749605300523824,0.6097919280044172,0.40976829070282783,0.0
2012-04-11,0.0006302696589257477,0.0,2.7392966275964187e-06,0.0006275303622981513,0.6099019296264414,0.40993327581190286,0.0
2012-04-12,2.36185390126542e-05,0.0,2.7375787138343664e-06,2.0880960298819833e-05,0.6101493120665145,0.4103060659566056,0.0
2012-04-13,0.0011408700291882644,0.0,2.736924053007247e-06,0.0011381331051352572,0.610116572466202,0.4103211165966729,0.0
2012-04-16,-8.734201991652214e-05,3.9372337897961227e-07,8.199646517629653e-06,-9.593538981313141e-05,0.6090267994302129,0.4095020675012244,0.0019658210956827182
2012-04-17,0.0010055722146855581,0.0,2.734074904920829e-06,0.0010028381397806372,0.6090414746702633,0.40945400661104275,0.0
2012-04-18,-4.4548615407834983e-05,0.0,2.7313358171908605e-06,-4.727995122502584e-05,0.6094358813393951,0.4100483666844624,0.0
2012-04-19,0.00023538726501886963,0.0,2.7314649607211037e-06,0.00023265580005814852,0.6094201460787787,0.4100232039461382,0.0
2012-04-20,0.000630247878071816,0.0,2.731425785641902e-06,0.0006275164522861741,0.6095572467238547,0.41016316437199574,0.0
2012-04-23,-0.0004472050273889936,0.0,8.187351154565263e-06,-0.00045539237854355885,0.6097613390459895,0.4105357942849014,0.0
2012-04-24,0.0002900315028264351,0.0,2.7309565026986495e-06,0.00028730054632373646,0.6096352502564173,0.4102754255594159,0.0
2012-04-25,0.0006668470885291839,0.0,2.7301721227562285e-06,0.0006641169164064277,0.6097501002223292,0.4104475352611246,0.0
2012-04-26,0.0005922965407530355,0.0,2.7277646734502662e-06,0.0005895687760795853,0.6099683566978116,0.410841535535942,0.0
2012-04-27,0.00029429339147663913,0.0,2.72675256443955e-06,0.00029156663891219956,0.6102443436665398,0.41119140646245256,0.0
2012-04-30,3.33833062476008e-05,2.298785436864925e-07,8.17608837386089e-06,2.497733933005342e-05,0.6097165930101256,0.4107651092461773,0.0011480610398110769
2012-05-01,-0.00011510440469384902,0.0,2.725889680621081e-06,-0.0001178302943744701,0.6097781788406966,0.41078823215535754,0.0
2012-05-02,0.0008865275224164306,0.0,2.726210910855224e-06,0.0008838013115055754,0.6097349196810783,0.410721523188647,0.0
2012-05-03,0.0006151241620709621,0.0,2.723803609652697e-06,0.0006124003584613094,0.6100822557057732,0.4112445922011265,0.0
2012-05-04,0.0010394204585792942,0.0,2.721542431458315e-06,0.001036698916147836,0.6102802451886623,0.41160764769220526,0.0
2012-05-07,3.0340177782706573e-05,0.0,8.156171799909937e-06,2.218400598279664e-05,0.6106865675445591,0.41221972041341726,0.0
2012-05-08,0.00034610668269438144,0.0,2.719257134761353e-06,0.0003433874255596201,0.6107466862738442,0.41224091543626556,0.0
2012-05-09,-0.00107634545997538,0.0,2.718323696585292e-06,-0.0010790637836719653,0.6108830234078086,0.41244539355708243,0.0
2012-05-10,-0.00038189179484307453,0.0,2.7212601098157267e-06,-0.00038461305495289023,0.6104654090619352,0.41181342104538715,0.0
2012-05-11,0.0002469536368374937,0.0,2.7223071446831776e-06,0.0002442313296928105,0.6103182536351173,0.41158983207324534,0.0
2012-05-14,-0.0016431321186266416,1.7403953775442162e-07,8.164927302990036e-06,-0.001651471085467386,0.6103040279046046,0.4116241301985137,0.0008695102374740998
2012-05-15,0.0003763142140680545,0.0,2.72614458328414e-06,0.00037358806948477037,0.6096677444376611,0.4106591898579189,0.0
2012-05-16,-0.0007193924480051786,0.0,2.72512650853257e-06,-0.0007221175745137112,0.6098162385804067,0.4108820034575292,0.0
2012-05-17,-0.0011351142880333435,0.0,2.727095792331466e-06,-0.001137841383825675,0.6095370035149468,0.41045901067474977,0.0
2012-05-18,-0.00027181119011687385,0.0,2.730202329528061e-06,-0.0002745413924464019,0.6090949426593386,0.4097901726037901,0.0
2012-05-21,0.0009003054872341891,0.0,8.192856266751889e-06,0.0008921126309674372,0.608990324520905,0.4096308220299422,0.0
2012-05-22,-0.00023976427143490526,0.0,2.7285179435960107e-06,-0.00024249278937850128,0.6093470238315379,0.41016521394902905,0.0
2012-05-23,-0.0003088466487506827,0.0,2.7279881094482354e-06,-0.00031157463686013094,0.6091680097436365,0.4100248777539154,0.0
2012-05-24,-0.0004943220273103842,0.0,2.728838346264954e-06,-0.0004970508656566491,0.6090489272932322,0.4098437280158907,0.0
2012-05-25,0.0005526699851930776,0.0,2.731387996991878e-06,0.0005499385971960857,0.6089442984295689,0.40955297464916185,0.0
2012-05-29,-4.834282069096175e-05,3.542715404328881e-07,1.095890410966338e-05,-5.965599634105802e-05,0.6081107023665002,0.4081107023651434,0.0017695333238271493
2012-05-30,0.0007290311487573115,0.0,2.739889478252501e-06,0.000726291259279059,0.6080986362758274,0.4080867043633948,0.0
2012-05-31,0.0014320767716390016,0.0,2.7379009647128784e-06,0.0014293388706742888,0.6083858021342121,0.4085190317101719,0.0
2012-06-01,-0.00044594795798189827,0.0,2.7339931620141713e-06,-0.0004486819511439124,0.6089474865930581,0.4093659857660237,0.0
2012-06-04,-4.616501247577971e-05,0.0,8.205661218128113e-06,-5.4370673693907826e-05,0.6087746848484767,0.4091035952073593,0.0
2012-06-05,-0.00016148358281341306,0.0,2.7353691299051363e-06,-0.0001642189519433182,0.6087616186153268,0.4090796721322519,0.0
2012-06-06,0.00044147475062176984,0.0,2.735818403135991e-06,0.00043873893221863387,0.6087000951241813,0.40898535169525396,0.0
2012-06-07,0.0003667490200701151,0.0,2.734021754336377e-06,0.0003640149983157787,0.6088308618005399,0.40924727373398434,0.0
2012-06-08,0.0009806947053325474,0.0,2.733026891557078e-06,0.0009779616784409903,0.6089759344468599,0.4094649713631933,0.0
2012-06-11,-0.00039181670095116144,0.0,8.191070121986298e-06,-0.00040000777107314774,0.6093606977414483,0.4100446581064483,0.0
2012-06-12,-0.0004185163181551595,9.675228832718612e-08,2.731449308271599e-06,-0.00042134451975175827,0.6092235753669827,0.40982777586315594,0.00048359642003864556
2012-06-13,0.001378860796729616,0.0,2.733197229500862e-06,0.0013761275995001151,0.609105232359965,0.4095818346064021,0.0
2012-06-14,0.00015381280622147413,0.0,2.729441170175315e-06,0.0001510833650512988,0.6096451436486144,0.4103959382258164,0.0
2012-06-15,0.0014065964770898448,0.0,2.7290288593119675e-06,0.0014038674482305328,0.6097068398937728,0.41048773316399917,0.0
2012-06-18,-0.0002755513136730508,0.0,8.173824676213793e-06,-0.00028372513834926463,0.6102132956954885,0.41131689524095294,0.0
2012-06-19,0.00024599624942117453,0.0,2.7259764635299937e-06,0.00024327027295764454,0.6101542816253426,0.41115799978765305,0.0
2012-06-20,-0.0002526174844509829,0.0,2.724123523348583e-06,-0.0002553416079743315,0.6101649552202513,0.4113039380158046,0.0
2012-06-21,-0.0006269163939492324,0.0,2.7248192830857366e-06,-0.0006296412132323182,0.6100681135088755,0.4111563058436166,0.0
2012-06-22,-0.0002972774538988411,0.0,2.727727028791693e-06,-0.00030000518092763285,0.6099121116304215,0.41078803852862783,0.0
2012-06-25,0.0007261202883028382,0.0,8.183850200926249e-06,0.0007179364381019119,0.6097543022755113,0.41061394738630597,0.0
2012-06-26,-1.4074022907187963e-05,9.461277319384736e-07,2.739726027410332e-06,-1.775987666653677e-05,0.6128102794449245,0.41281027944397025,0.004709819835373524
2012-06-27,0.0005158015167003694,0.0,2.739774685470901e-06,0.0005130617420148985,0.6128070888003393,0.41280353676096343,0.0
2012-06-28,0.00017053913661262593,0.0,2.7377720488508854e-06,0.00016780136456377506,0.6129647482473025,0.4131073886811878,0.0
2012-06-29,0.0005281944439623952,0.0,2.7379103076397647e-06,0.0005254565336547555,0.6130760433101087,0.4132085908524059,0.0
2012-07-02,0.0009317859123054239,0.0,8.205832756751049e-06,0.0009235800795486728,0.6131947625215526,0.4135194987739439,0.0
2012-07-03,0.00036121492857808,0.0,2.7327536687329698e-06,0.000358482174909347,0.6135598767540809,0.4140688589365741,0.0
2012-07-05,0.0009841489982293941,0.0,5.463548752626347e-06,0.0009786854494767678,0.6137010907808904,0.41428156131002886,0.0
2012-07-06,0.0009460071371214957,0.0,2.7291034424837535e-06,0.0009432780336790119,0.6140842444642992,0.4148596931629852,0.0
2012-07-09,0.0003999160183035289,0.0,8.179594695450547e-06,0.00039173642360807836,0.614450653796912,0.4154138495409487,0.0
2012-07-10,0.000564119911322361,0.0,2.7254639016687078e-06,0.0005613944474206923,0.6146098047683839,0.4156509399465682,0.0
2012-07-11,0.00037135344605607635,5.940832330374292e-07,2.7239346998530643e-06,0.0003680354281231859,0.6118639305512392,0.4130166974619656,0.0029648326746766485
2012-07-12,0.0012717884015554341,0.0,2.722932564201034e-06,0.001269065468991233,0.6120100426192434,0.41323596543256774,0.0
2012-07-13,0.0006897616518029582,0.0,2.719481364307965e-06,0.0006870421704386502,0.6125045226814583,0.4139823830869768,0.0
2012-07-16,0.0009845056613012083,0.0,8.154623834797154e-06,0.0009763510374664111,0.6128166230705405,0.4143874430904764,0.0
2012-07-17,0.000418747730351706,0.0,2.714963491294872e-06,0.00041603276686041115,0.6131591303550119,0.4149667954904863,0.0
2012-07-18,0.0009813977776249954,0.0,2.713834447240995e-06,0.0009786839431777544,0.6133227157389571,0.4152128010903646,0.0
2012-07-19,0.0005645199486899029,0.0,2.7111810578726135e-06,0.0005618087676320302,0.6137034917633217,0.41578727453862097,0.0
2012-07-20,0.0005307238707096503,0.0,2.7102507060701058e-06,0.0005280136200035802,0.6139663172808174,0.4161180157376998,0.0
2012-07-23,-0.0011271177658505093,0.0,8.12468629846843e-06,-0.0011352424521489776,0.61412955942823,0.41642885949883157,0.0
2012-07-24,-0.00013318249692810956,0.0,2.7113067566870633e-06,-0.0001358938036847966,0.6136991389777893,0.41577374573963366,0.0
2012-07-25,0.0005210127794212435,2.1088291267240963e-05,2.71226765531346e-06,0.0004972122204986891,0.7118412515907857,0.513845712752903,0.10342267480734568
2012-07-26,0.00035208704101371457,0.0,2.7115115746249676e-06,0.0003493755294390896,0.712051448156737,0.5141111032091146,0.0
2012-07-27,-0.0015735388117174675,0.0,2.7099729546478534e-06,-0.0015762487846721154,0.7121115378650735,0.5142835121757803,0.0
2012-07-30,0.0014966180772664252,0.0,8.144531516985874e-06,0.0014884735457494393,0.7117030079530217,0.5135194077063653,0.0
2012-07-31,0.0012755286759733619,0.0,2.710808871702171e-06,0.0012728178671016597,0.7121396250375392,0.5142505774032807,0.0
2012-08-01,-0.0002147593277426712,0.0,2.706180777167955e-06,-0.00021746550851983916,0.712421966098019,0.5148707693647582,0.0
2012-08-02,0.00031451506688699477,0.0,2.7073607331802968e-06,0.00031180770615381445,0.7124052878341314,0.5147679543119698,0.0
2012-08-03,-0.0006928361922989612,0.0,2.7065168203788464e-06,-0.00069554270911934,0.7124976406460469,0.5149219127583913,0.0
2012-08-06,0.000686705322978908,0.0,8.125201886068777e-06,0.0006785801210928392,0.712300239692176,0.5145869937978358,0.0
2012-08-07,-0.001609425492089087,0.0,2.707154878994618e-06,-0.0016121326469680816,0.7125465879059656,0.5149242817393584,0.0
2012-08-08,-0.0009021918312114635,6.099256914913225e-07,2.7109343940007977e-06,-0.0009055126912969556,0.7100954521935174,0.5121972414314593,0.003040655726771792
2012-08-09,-0.0007976589094233196,0.0,2.7127987601403917e-06,-0.0008003717081834599,0.7097927628649057,0.5117584533746571,0.0
2012-08-10,0.0005720140810896702,0.0,2.7149717467149657e-06,0.0005692991093429552,0.7095630181203582,0.5113700806101656,0.0
2012-08-13,-0.00047835664670474334,0.0,8.1402809854302e-06,-0.00048649692769017354,0.7097309829849642,0.5116508123394959,0.0
2012-08-14,-0.0013855951717006033,0.0,2.714747711564529e-06,-0.0013883099194121678,0.7095978435090221,0.5114212605648115,0.0
2012-08-15,-0.0023941177430280122,0.0,2.7185218624322814e-06,-0.0023968362648904445,0.7091968333358573,0.5107447373783006,0.0
2012-08-16,-0.0010293855516009265,0.0,2.7250533691712727e-06,-0.0010321106049700978,0.7085008761865798,0.5095719802370767,0.0
2012-08-17,0.0004540747717528533,0.0,2.727868831521292e-06,0.00045134690292133203,0.7082024338774522,0.5090680091763979,0.0
2012-08-20,0.00035290631577899453,0.0,8.179914515481054e-06,0.00034472640126351347,0.7083368030269315,0.5092922164835592,0.0
2012-08-21,0.0006369902882929387,0.0,2.725698551574416e-06,0.0006342645897413643,0.7084454894786318,0.5094694952136994,0.0
2012-08-22,0.0027975257979763715,6.625055815172071e-07,2.7397260274040642e-06,0.0027941235663674503,0.7110554056561695,0.5110554056556729,0.0033089704920538643
2012-08-23,0.0010713197289731352,0.0,2.732092224135158e-06,0.001068587636749,0.7118638957669402,0.5124211634050735,0.0
2012-08-24,0.0002794496465266533,0.0,2.7291758605520543e-06,0.00027672047066610125,0.7121741949559713,0.5129443571356714,0.0
2012-08-27,0.0010153557536841953,0.0,8.185262551950186e-06,0.001007170491132245,0.7122565486351228,0.5130818265376682,0.0
2012-08-28,0.0003429126477132486,0.0,2.725675630586533e-06,0.00034018697208266206,0.7125542407841576,0.5135799197513407,0.0
2012-08-29,-0.0003676337111781582,0.0,2.724748706574368e-06,-0.00037035845988473256,0.7126547175813572,0.5137480620014283,0.0
2012-08-30,0.0002071814861394097,0.0,2.725758214188599e-06,0.0002044557279252211,0.7125509831548901,0.5135706335191225,0.0
2012-08-31,0.0020388634278020374,0.0,2.725201031227996e-06,0.0020361382267708094,0.7126124669403711,0.5136727916607273,0.0
2012-09-04,-0.0006097436910016623,0.0,1.087865368229382e-05,-0.0006206223446839561,0.7131991582986632,0.5146637285968011,0.0
2012-09-05,0.0005964663313328748,0.0,2.7213523526512674e-06,0.0005937449789802235,0.7130319381609576,0.5143732164174151,0.0
2012-09-06,-0.0017160290958535592,6.617908430817097e-07,2.720331682213723e-06,-0.0017194112183788546,0.7112715318929702,0.5126873190913684,0.00330451918334336
2012-09-07,0.001207333515943203,0.0,2.7250171071981164e-06,0.0012046084988360049,0.7107776218138361,0.5118513729883737,0.0
2012-09-10,0.0003232421537459798,0.0,8.163432031680147e-06,0.0003150787217142997,0.7110849279912705,0.5124414152203869,0.0
2012-09-11,0.00017510386206312238,0.0,2.720286906038996e-06,0.00017238357515708338,0.7111840911706666,0.51260314702982,0.0
2012-09-12,-0.0012342846660959655,0.0,2.7198180540790636e-06,-0.0012370044841500446,0.7112365895266451,0.5126898715788735,0.0
2012-09-13,0.001527462977806261,0.0,2.7231866481740347e-06,0.001524739791158087,0.7108816686723972,0.5120890433556927,0.0
2012-09-14,-0.0014139351613778458,0.0,2.7190408184443736e-06,-0.0014166542021962901,0.7113245468092563,0.512834567062817,0.0
2012-09-17,0.00039650887244299925,0.0,8.168694670965217e-06,0.00038834017777203406,0.7109177362463479,0.5121461659195277,0.0
2012-09-18,0.0006386677943906643,0.0,2.7218412233505307e-06,0.0006359459531673138,0.7110381204486933,0.5123437111441045,0.0
2012-09-19,0.0008882027101545514,0.0,2.7201113795265567e-06,0.0008854825987750248,0.7112244879082052,0.5126563572027668,0.0
2012-09-20,-0.0005084897542474252,6.072599387798389e-07,2.7397260273972604e-06,-0.0005118367402136023,0.7110370623753632,0.5110370623753633,0.003032786693936154
2012-09-21,0.0007731811798839754,0.0,2.741129037948549e-06,0.0007704400508460269,0.7108924334869142,0.5107900137166702,0.0
2012-09-24,8.572075607996277e-05,0.0,8.217056364522361e-06,7.750369971544041e-05,0.7111177410782046,0.5111693695414937,0.0
2012-09-25,0.0007429915605334821,0.0,2.7388065205359744e-06,0.0007402527540129461,0.7111483452064843,0.5112154692073583,0.0
2012-09-26,0.0011186993764087266,0.0,2.736780611151439e-06,0.0011159625957975752,0.7113647470539035,0.5115797624398484,0.0
2012-09-27,5.589515380126648e-06,0.0,2.7337298708685356e-06,2.8557855092581126e-06,0.7116892278721749,0.5121269472987717,0.0
2012-09-28,0.0007091855160726002,0.0,2.7343192791109426e-06,0.0007064511967934892,0.71173638165275,0.5121310742776511,0.0
2012-10-01,0.0006731833670888976,0.0,8.195376558256285e-06,0.0006649879905306414,0.7118990485268575,0.5124782189426211,0.0
2012-10-02,0.0007187336665539874,0.0,2.729976784309435e-06,0.000716003689769678,0.7120986948138226,0.5128103895592337,0.0
2012-10-03,0.0006682894011735117,0.0,2.7286194796579414e-06,0.0006655607816938538,0.7123509195719182,0.5131616975568885,0.0
2012-10-04,-0.00027021544208913437,4.635352521873643e-07,2.7262090515970847e-06,-0.00027340518639291884,0.7110976433129015,0.5120843825463144,0.002315333942606662
2012-10-05,-0.0008974950747363642,0.0,2.726954615131959e-06,-0.0009002220293514962,0.7110218249253883,0.5119541380207555,0.0
2012-10-08,0.0005674161582293897,0.0,8.18823507499172e-06,0.000559227923154398,0.7107641754190339,0.5115171219275689,0.0
2012-10-09,-0.0005987314766274395,0.0,2.727886181539966e-06,-0.0006014593628089794,0.7109340174231974,0.5117983261707798,0.0
2012-10-10,0.0003068314464093244,0.0,2.7295278816404464e-06,0.00030410191852768396,0.7107627808758652,0.5115072455161127,0.0
2012-10-11,0.0009318739492091961,0.0,2.7292941969345513e-06,0.0009291446550122616,0.7108969570131516,0.5116584806369292,0.0
2012-10-12,0.0007891483123625287,0.0,2.7267606418587675e-06,0.00078642155172067,0.7111680529671378,0.5121145261114479,0.0
2012-10-15,0.000581418015134702,0.0,8.17206854200311e-06,0.0005732459465926989,0.7113543007362514,0.5125006328808425,0.0
2012-10-16,-0.0005620272121373458,0.0,2.723056962221608e-06,-0.0005647502690995673,0.7115712554399749,0.5127880971977975,0.0
2012-10-17,-0.0013990267161849768,0.0,2.724000586973987e-06,-0.0014017507167719508,0.7113675561087922,0.5125155132596914,0.0
2012-10-18,-0.0005647635959517362,1.802890091073431e-05,2.7284202433850195e-06,-0.0005855209171058555,0.7956298414063651,0.5964551636392587,0.08906856675896975
2012-10-19,0.0002918734830670165,0.0,2.72942245059055e-06,0.00028914406061642596,0.7954873496415652,0.596239510748455,0.0
2012-10-22,-0.0008238210425316053,0.0,8.185900447276563e-06,-0.0008320069429788819,0.7955491948000285,0.5963589505829655,0.0
2012-10-23,0.0004067672056653951,0.0,2.7309056148577054e-06,0.00040403630005053735,0.7953871413814827,0.5960310314968703,0.0
2012-10-24,-0.000748897570697819,0.0,2.730399034412531e-06,-0.0007516279697322315,0.7955160430196152,0.5961969135075004,0.0
2012-10-25,-0.0009384411277298011,0.0,2.7324528223798247e-06,-0.0009411735805521809,0.795364964002008,0.5958959079682807,0.0
2012-10-26,0.0012441367433609653,0.0,2.7344295877607824e-06,0.0012414023137732044,0.7951313125108237,0.5955179526042866,0.0
2012-10-31,0.00150622176657885,0.0,1.365519634646432e-05,0.0014925665702323857,0.7953880526852325,0.5960221860268535,0.0
2012-11-01,-0.0013514264130062058,0.0,2.7275648262918173e-06,-0.0013541539778324976,0.7957501183495123,0.5966378860302096,0.0
2012-11-02,-0.0006194486362376555,0.0,2.7312633774589144e-06,-0.0006221798996151144,0.7954758887755614,0.5960936622210607,0.0
2012-11-05,0.0007682057011015324,5.375407031269077e-07,8.19889131781698e-06,0.0007594692690805885,0.7966738468441121,0.5971674914438988,0.0026822512589683573
2012-11-06,-0.0008566179008332295,0.0,2.7302932796602285e-06,-0.0008593481941128897,0.7967933373970637,0.5974819279818671,0.0
2012-11-07,0.0013116753060497337,0.0,2.732641570258812e-06,0.001308942664479475,0.7966212945671105,0.5971384599382172,0.0
2012-11-08,0.0007768243918843047,0.0,2.7296655736490604e-06,0.0007740947263106556,0.796933409208811,0.5976678223324295,0.0
2012-11-09,-0.00039798601845765177,0.0,2.7275541883361355e-06,-0.0004007135726459879,0.7970932079520411,0.597981752203503,0.0
2012-11-12,0.0007480050390370694,0.0,8.185942783386106e-06,0.0007398190962536833,0.7970145964999854,0.597823322104257,0.0
2012-11-13,-0.00034753028441615667,0.0,2.7266303812373254e-06,-0.000350256914797394,0.797172837850548,0.5981288200202234,0.0
2012-11-14,-0.0009640101775053891,0.0,2.7275857370023477e-06,-0.0009667377632423914,0.797104498928693,0.5979907401275217,0.0
2012-11-15,-0.00016446970261678874,0.0,2.7302251487557883e-06,-0.00016719992776554452,0.796910892605007,0.5976044567458343,0.0
2012-11-16,-0.00013652882559224566,0.0,2.7306817185418427e-06,-0.00013925950731078748,0.7968796611241655,0.5975398956706108,0.0
2012-11-19,0.0017394925564694248,9.410542371872982e-07,8.193186134727849e-06,0.0017303583160975095,0.7988329338398917,0.5994654045615142,0.0046971703927302655
2012-11-20,-0.0004959854538275991,0.0,2.726344492044995e-06,-0.0004987117983196441,0.7991895421260102,0.6001663942067257,0.0
2012-11-21,-0.0004939070014128846,0.0,2.727109060152075e-06,-0.0004966341104730367,0.7990485820724669,0.5999696206813655,0.0
2012-11-23,0.0003031090401520797,0.0,5.456928216995084e-06,0.0002976521119350846,0.7989514616195055,0.5997735816991847,0.0
2012-11-26,0.0008577763117363731,0.0,8.182956651163911e-06,0.0008495933550852092,0.7990167416390463,0.5998981297940578,0.0
2012-11-27,0.0004653120456656168,0.0,2.7253367890283374e-06,0.00046258670887658847,0.7991955267418511,0.6002459411427824,0.0
2012-11-28,0.0006942517330281838,0.0,2.7240766673681875e-06,0.0006915276563608157,0.7992910973493693,0.6004335006314917,0.0
2012-11-29,0.0015694302706585218,0.0,2.7221941947965175e-06,0.0015667080764637253,0.7994325193858492,0.6007123431657035,0.0
2012-11-30,0.0005119620340892857,0.0,2.7179359825413613e-06,0.0005092440981067444,0.7997489764759196,0.6013396497504003,0.0
2012-12-03,0.0007922154856908557,0.0,8.14965778249638e-06,0.0007840658279083593,0.7998536177757982,0.6015452784017195,0.0
2012-12-04,5.2425935516621845e-05,8.475850100951151e-07,2.7144243068038013e-06,4.886392619972293e-05,0.7971701550311939,0.5990171806345165,0.004232230649762314
2012-12-05,0.0007832273857128355,0.0,2.7142916758556595e-06,0.0007805130940369798,0.7971836274447708,0.5990403351073077,0.0
2012-12-06,0.0005787766559969286,0.0,2.712174787920384e-06,0.0005760644812090082,0.7973445169945118,0.5993557574763236,0.0
2012-12-07,-0.001108834593492897,0.0,2.710613299876037e-06,-0.001111545206792773,0.7974639030209324,0.5995891321299817,0.0
2012-12-10,0.0004992469440778195,0.0,8.14088886562567e-06,0.0004911060552121938,0.7972412381043105,0.5991462757074192,0.0
2012-12-11,-0.0010670882617554278,0.0,2.7122975961022056e-06,-0.00106980055935153,0.7973489021744112,0.5993511776589501,0.0
2012-12-12,-0.0009886025874655947,0.0,2.715202321063918e-06,-0.0009913177897866586,0.7971345889417757,0.5989248195041098,0.0
2012-12-13,-0.001292556372741792,0.0,2.7178966203344343e-06,-0.0012952742693621263,0.7969360031915939,0.5985295499071802,0.0
2012-12-14,-0.0008830649533712651,0.0,2.7214216077189853e-06,-0.0008857863749789841,0.7966753599135818,0.5980115825500959,0.0
2012-12-17,-0.0017585829961830628,0.0,8.171503029203414e-06,-0.001766754499212266,0.7964978218785331,0.5976579148345835,0.0
2012-12-18,-0.001345812107241054,1.1223579419269122e-06,2.7286552069584967e-06,-0.0013496631203899394,0.7974484960329318,0.5982566659249615,0.005599165689908994
2012-12-19,0.00149653057859353,0.0,2.7329398633514894e-06,0.0014937976387301784,0.7972221812046099,0.5977175711799511,0.0
2012-12-20,0.0009996104846794088,0.0,2.7282674699652015e-06,0.0009968822172094435,0.7974838575664716,0.5983203322590118,0.0
2012-12-21,0.0005440380746859553,0.0,2.725550417221946e-06,0.0005413125242687333,0.7976882668030822,0.5987230863458802,0.0
2012-12-24,-0.0005118076275834927,0.0,8.172227522556633e-06,-0.0005199798551060494,0.7978004455047475,0.5989429091225363,0.0
2012-12-26,0.000846710698262081,0.0,5.450986084658835e-06,0.0008412597121774222,0.7977034275898572,0.59874243549981,0.0
2012-12-27,0.0009707647196076051,0.0,2.723202122095756e-06,0.0009680415174855093,0.7978789149018002,0.5990851599888102,0.0
2012-12-28,-0.00013502401524690788,0.0,2.720568498837745e-06,-0.00013774458374574562,0.7980771078468594,0.5994756074317037,0.0
2012-12-31,-0.0009711851343185486,0.0,8.164613152578684e-06,-0.0009793497474711273,0.7980954040882536,0.5994231507088388,0.0
2013-01-02,0.001980882866706937,0.0,5.447221322905461e-06,0.0019754356453840316,0.7978622121954142,0.599038633909365,0.0
2013-01-03,-0.0020823580690663367,1.0342093614283845e-06,2.7397260273984526e-06,-0.0020861320044551638,0.7971260151516842,0.5971260151515971,0.005164377025507733
2013-01-04,-0.0005248340908481479,0.0,2.745453405614541e-06,-0.0005275795442537624,0.7967056903213211,0.5962875917114597,0.0
2013-01-07,0.0009150422207107108,0.0,8.242508129591545e-06,0.0009067997125811192,0.7966449335970637,0.5960772357770027,0.0
2013-01-08,0.00012864844072887641,0.0,2.743814430487803e-06,0.00012590462629838862,0.7967498694507028,0.5964514160250934,0.0
2013-01-09,0.0005904265838826185,0.0,2.743469015046664e-06,0.0005876831148675718,0.7967781998299369,0.5965049617315303,0.0
2013-01-10,-0.00025176724036497187,0.0,2.741857671589619e-06,-0.0002545090980365615,0.7969003015623524,0.5967446915363102,0.0
2013-01-11,0.00048716419557922615,0.0,2.7425556769613286e-06,0.0004844216399022648,0.7968513402378643,0.5966447758196871,0.0
2013-01-14,-0.00019351640524362134,0.0,8.22368330073389e-06,-0.00020174008854435523,0.7969524434238877,0.596842816439363,0.0
2013-01-15,0.000553615526996797,0.0,2.7417808940317825e-06,0.0005508737461027653,0.7969196976690257,0.5967696924047058,0.0
2013-01-16,-8.518751761932697e-05,0.0,2.7402713504878582e-06,-8.792778896981483e-05,0.7970342479540986,0.596994439368485,0.0
2013-01-17,-0.0006028621435290523,4.1858296790498964e-07,2.7397260274259147e-06,-0.0006060204525243832,0.7974203517309814,0.5974203517288897,0.0020907330424260236
2013-01-18,0.001194182535296282,0.0,2.7419863848455345e-06,0.0011914405489114365,0.7973443986047725,0.5971793925110483,0.0
2013-01-22,-0.00014198406298043814,0.0,1.0952500204092435e-05,-0.0001529365631845306,0.7975446256290968,0.5976614969044095,0.0
2013-01-23,-6.15090425145577e-05,0.0,2.7385438745112126e-06,-6.42475863890689e-05,0.7975246122393528,0.5976109094000344,0.0
2013-01-24,-4.7425580464178135e-05,0.0,2.738719830650056e-06,-5.016430029482819e-05,0.7975143415683897,0.5975877939309356,0.0
2013-01-25,-0.0023324565031773606,0.0,2.73945569125361e-06,-0.0023351959588686143,0.797550610510221,0.5975703450487078,0.0
2013-01-28,-0.0012525756350165618,0.0,8.235803886472326e-06,-0.001260811438903034,0.7970357004081501,0.5966311391706567,0.0
2013-01-29,-0.0009947583351620068,0.0,2.748733596918909e-06,-0.0009975070687589258,0.7967877238497388,0.5961301712746585,0.0
2013-01-30,-0.0017453968203242336,0.0,2.7514782158888574e-06,-0.0017481482985401225,0.7965875672437926,0.595729657483906,0.0
2013-01-31,-0.0002981153150230722,0.0,2.7562966311552547e-06,-0.00030087161165422746,0.7962341057206507,0.595024451646317,0.0
2013-02-01,-0.00020136639527402114,7.069793038295689e-07,2.7397260274487613e-06,-0.00020481310060529946,0.796834876089234,0.5968348760854745,0.003532309782333619
2013-02-04,0.0009966391411122375,0.0,8.219065874293442e-06,0.000988420075237944,0.7967530026900039,0.596755733082197,0.0
2013-02-05,-0.0004955605512182381,0.0,2.7369833354899785e-06,-0.0004982975345537281,0.7969619086813674,0.597162125190599,0.0
2013-02-06,0.0007028172192052256,0.0,2.738946203914862e-06,0.0007000782730013107,0.7969071032297034,0.5969640303439183,0.0
2013-02-07,-8.08418322087463e-05,0.0,2.737030068631195e-06,-8.357886227737749e-05,0.7970519217160564,0.597248726705979,0.0
2013-02-08,0.000985284596223127,0.0,2.737258845610951e-06,0.000982547337377516,0.797037695387597,0.5972177996579976,0.0
2013-02-11,-0.0004061881778900921,0.0,8.203715997523268e-06,-0.0004143918938876154,0.7972396542842605,0.5976158983445278,0.0
2013-02-12,-5.385901552981766e-05,0.0,2.7357056534206747e-06,-5.659472118323833e-05,0.7971638043249407,0.5974572916252313,0.0
2013-02-13,-0.0011813442441141516,0.0,2.7358604886820684e-06,-0.0011840801046028337,0.7971550600777639,0.597437244403973,0.0
2013-02-14,0.0006120179849384188,0.0,2.738505416130274e-06,0.0006092794795222885,0.796873647255056,0.596962751877546,0.0
2013-02-15,-0.0005133548095281766,1.7202163260752614e-07,2.739726027407923e-06,-0.000516266557188192,0.7965396862280267,0.5965396862272483,0.0008597826361568667
2013-02-19,-1.6014816237566767e-06,0.0,1.0962169403866153e-05,-1.256365102762283e-05,0.7963937904420366,0.5963341988214792,0.0
2013-02-20,-0.00011603456695129587,0.0,2.7405767826166454e-06,-0.00011877514373391251,0.7964021946796496,0.5963400895486344,0.0
2013-02-21,0.0006064511989604545,0.0,2.7415012483100537e-06,0.0006037096977121445,0.7964244711183958,0.5962948799917617,0.0
2013-02-22,0.0004811054365908622,0.0,2.7392486227271273e-06,0.00047836618796813507,0.7965063429462098,0.5965411934871294,0.0
2013-02-25,0.0016565885625555675,0.0,8.215611457263291e-06,0.0016483729510983042,0.7966500523229955,0.5967368401962555,0.0
2013-02-26,0.0005315105990892519,0.0,2.733433168041571e-06,0.0005287771659212103,0.7969492977228245,0.5974086764557899,0.0
2013-02-27,0.00030758228644676484,0.0,2.731988554876269e-06,0.0003048502978918886,0.7970593415422275,0.5976241770362598,0.0
2013-02-28,0.00031801582620171495,0.0,2.7317527461124853e-06,0.0003152840734556025,0.7971674856650479,0.5977495351988364,0.0
2013-03-01,0.0009017414228699543,0.0,2.7308917394407927e-06,0.0008990105311305135,0.7972341462621245,0.5978790492829466,0.0
2013-03-04,-0.00032958578098785514,5.124058524764621e-07,8.185316532554891e-06,-0.0003382835033728865,0.7974137535867438,0.5982377179612416,0.00256022996287443
2013-03-05,0.0002904217514278009,0.0,2.7287658796844264e-06,0.00028769298554811646,0.7973103723000724,0.5981104630831093,0.0
2013-03-06,-0.0012322886423793188,0.0,2.728577149865749e-06,-0.0012350172195291845,0.7974149105513771,0.5982287786111775,0.0
2013-03-07,-0.001715247921264468,0.0,2.7313543282969754e-06,-0.0017179792755927649,0.7971235685849225,0.5977347026192432,0.0
2013-03-08,-0.001908413373891849,0.0,2.736652669156983e-06,-0.001911150026561006,0.7968208107680813,0.5970451659196215,0.0
2013-03-11,-0.0004575031824500094,0.0,8.223881512663387e-06,-0.0004657270639626728,0.7963907762035967,0.596276326062121,0.0
2013-03-12,0.0009445136599352553,0.0,2.7431704064260773e-06,0.0009417704895288292,0.7963478807941384,0.5960964411250348,0.0
2013-03-13,-0.0006098596574990848,0.0,2.739990684784811e-06,-0.0006125996481838697,0.7964985282582959,0.5964792082690047,0.0
2013-03-14,0.00025980385357156935,0.0,2.742269313421715e-06,0.0002570615842581476,0.7964202615985388,0.5962346017187535,0.0
2013-03-15,0.0008585786792371465,0.0,2.741564562492138e-06,0.0008558371146746543,0.7964753222439667,0.5963411091820406,0.0
2013-03-18,0.000624760142335811,3.3831845746716354e-07,8.217660708446246e-06,0.0006162041631698977,0.7949617517196109,0.5949986744807523,0.0016903447719300996
2013-03-19,0.0004720423290824,0.0,2.736935308907483e-06,0.0004693053937734925,0.7950529125566889,0.5952566350064427,0.0
2013-03-20,-0.0006451050518045855,0.0,2.7356514529251865e-06,-0.0006478407032575106,0.7951517858638001,0.5954492298002615,0.0
2013-03-21,3.8318325208623236e-05,0.0,2.7374248681770416e-06,3.5580900340446194e-05,0.7950217282475387,0.5951897128706146,0.0
2013-03-22,0.00030900311054465706,0.0,2.737327471601045e-06,0.000306265783073056,0.7950317586269738,0.5952068532000977,0.0
2013-03-25,-0.0002322837106756296,0.0,8.211261986664969e-06,-0.00024049497266229457,0.795140901030953,0.5953335260221054,0.0
2013-03-26,0.0005144338631027752,0.0,2.737147648787574e-06,0.0005116967154539877,0.7950561739575691,0.5952443955960761,0.0
2013-03-27,0.0009293301838531763,0.0,2.736345563938633e-06,0.0009265938382892377,0.7952073637003201,0.5954541375328,0.0
2013-03-28,0.00010912134484016613,0.0,2.733215195277913e-06,0.00010638812964488822,0.7953560832920987,0.5958313740368111,0.0
2013-04-01,0.0006426056769157378,0.0,1.0934086463732833e-05,0.000631671590452005,0.795424179094488,0.5958771011313637,0.0
2013-04-02,-1.2532198425944527e-05,7.0098121532842e-08,2.731199223593772e-06,-1.5333495771071142e-05,0.7958711189111938,0.5964935755888484,0.0003504354662460796
2013-04-03,0.0016712844353948405,0.0,2.731837906616701e-06,0.0016685525974882238,0.7959143568532423,0.5964901896702233,0.0
2013-04-04,0.0018855319001105694,0.0,2.7266914749249188e-06,0.0018828052086356446,0.7962135504418335,0.5971650727723145,0.0
2013-04-05,0.0026978809508242164,0.0,2.7215672938483973e-06,0.002695159383530368,0.796599241141527,0.5979248286905939,0.0
2013-04-08,-3.214388686227051e-05,0.0,8.144535130438168e-06,-4.028842199270868e-05,0.7971919750103341,0.5990082868363387,0.0
2013-04-09,3.1079211632278744e-05,0.0,2.7149544247090277e-06,2.8364257207569718e-05,0.7971919487291176,0.5990002757253585,0.0
2013-04-10,-0.0009085686732370042,0.0,2.714877419227614e-06,-0.0009112835506562318,0.7972004159431054,0.5990143643394896,0.0
2013-04-11,0.0009001327148703257,0.0,2.717353698954713e-06,0.000897415361171371,0.7970181568057346,0.5986513367820406,0.0
2013-04-12,0.0019450873969102565,0.0,2.7143241834414276e-06,0.001942373072726815,0.7971595706080384,0.5990139052168141,0.0
2013-04-15,-0.00084198759936965,0.0,8.128962393759123e-06,-0.0008501165617634092,0.7975987205407061,0.5997939689592342,0.0
2013-04-16,-5.525076603089535e-06,7.017738532077936e-07,2.7119596130293035e-06,-8.938810069326632e-06,0.7965333645552295,0.5985603128040902,0.0035053563778602304
2013-04-17,7.525349048115121e-05,0.0,2.71198385493799e-06,7.254150662621323e-05,0.7965349595533502,0.598560138142877,0.0
2013-04-18,-0.0007721432863839443,0.0,2.711787137813326e-06,-0.0007748550735217577,0.7965524299304548,0.598591968870082,0.0
2013-04-19,0.0005988702442506306,0.0,2.713297126645743e-06,0.0005961569471239848,0.7963540987633313,0.5982834085181921,0.0
2013-04-22,0.0006551831490885713,0.0,8.136819206470768e-06,0.0006470463298821006,0.7965213976733797,0.5985254636492577,0.0
2013-04-23,0.0007332751385713062,0.0,2.710519237298936e-06,0.0007305646193340072,0.7966611041788434,0.598793199856021,0.0
2013-04-24,0.0004723420658157536,0.0,2.7085404734589523e-06,0.0004696335253422947,0.7968122564745799,0.5990888019120763,0.0
2013-04-25,0.00024452372834879086,0.0,2.7072690491513103e-06,0.00024181645929963956,0.7969103427267562,0.5992797021387105,0.0
2013-04-26,0.0010752346456808812,0.0,2.7060232520095622e-06,0.0010725286224288716,0.7969189834870174,0.5993792860903194,0.0
2013-04-29,0.00030880059147410057,0.0,8.109372222210184e-06,0.00030069121925189036,0.7971392634565733,0.5998112060494588,0.0
2013-04-30,0.0005148745820148521,3.6317680465041966e-07,2.702311512728299e-06,0.0005118090936974734,0.7959672651918563,0.5986985247626905,0.0018146698438080144
2013-05-01,0.0008115462271971073,0.0,2.7009291526266482e-06,0.0008088452980444807,0.7960747015023867,0.5989068733606414,0.0
2013-05-02,0.0010397316584041,0.0,2.698746284383816e-06,0.0010370329121197161,0.7962422109611366,0.599233732201118,0.0
2013-05-03,-0.0027492325685548056,0.0,2.696539587188554e-06,-0.0027519291081419942,0.7964989952736723,0.5996516054089076,0.0
2013-05-06,-0.00043429930197960216,0.0,8.110170098138225e-06,-0.0004424094720777404,0.795897011126703,0.5985495387386728,0.0
2013-05-07,-0.0007180532439874373,0.0,2.7045865674280858e-06,-0.0007207578305548654,0.7958147878248664,0.5983799684026161,0.0
2013-05-08,0.00041006859358514954,0.0,2.7065373253991092e-06,0.0004073620562597504,0.7956702201225755,0.5980929953684405,0.0
2013-05-09,-0.0003693593723472365,0.0,2.706026398447109e-06,-0.00037206539874568364,0.795799282887309,0.59825935580067,0.0
2013-05-10,-0.0029878285973130784,0.0,2.7070335919800502e-06,-0.0029905356309050586,0.7957259856211032,0.5981125334065596,0.0
2013-05-13,-0.0017322474818332683,0.0,8.143680588681811e-06,-0.00174039116242195,0.7950726791136848,0.5969097847890941,0.0
2013-05-14,-0.0009181805596800622,2.441951916190511e-07,2.719887022167125e-06,-0.0009211446418938483,0.7935464865756787,0.5949947339574787,0.0012204509885639925
2013-05-15,0.0003560483133171579,0.0,2.7218000009229533e-06,0.00035332651331623495,0.7933156884423508,0.594624288374975,0.0
2013-05-16,0.0019943715870955102,0.0,2.7208386564869337e-06,0.001991650748439023,0.7933914105348722,0.594770188611326,0.0
2013-05-17,-0.0018255951790056787,0.0,2.7154304673642377e-06,-0.0018283106094730429,0.7938048001975372,0.5955783760799477,0.0
2013-05-20,-0.00046707219359678055,0.0,8.162995940475497e-06,-0.0004752351895372561,0.7934732350123975,0.5948403337941605,0.0
2013-05-21,0.0008381173738935323,0.0,2.721697657747945e-06,0.0008353956762357843,0.7933397920079223,0.5946558629923223,0.0
2013-05-22,-0.003261808617419672,0.0,2.720020082941828e-06,-0.0032645286375026137,0.793558388564531,0.5949969225097778,0.0
2013-05-23,-0.0005385164781268181,0.0,2.728928748992695e-06,-0.0005412454068758108,0.7928849756563929,0.5936731769799259,0.0
2013-05-24,-0.0006307182430454925,0.0,2.7304065690071656e-06,-0.0006334486496144997,0.7927755453008504,0.5934558657633271,0.0
2013-05-28,-0.005060060272723575,0.0,1.0928548950603313e-05,-0.005070988821674179,0.7926469281840777,0.5932009098355671,0.0
2013-05-29,-0.001497343811040329,2.4878911614170434e-07,2.739726027402764e-06,-0.0015003323261838736,0.7903135104896556,0.5903135104892538,0.0012437640800304767
2013-05-30,-4.9865881790434796e-05,0.0,2.7444422604334584e-06,-5.261032405086826e-05,0.7900451990339438,0.5897009140223012,0.0
2013-05-31,-0.003532357640182133,0.0,2.7439870653572195e-06,-0.00353510162724749,0.7899931272764568,0.5896820715053797,0.0
2013-06-03,-0.00027377942278540926,0.0,8.262970402194914e-06,-0.00028204239318760415,0.7892947768592024,0.5882291637391261,0.0
2013-06-04,-0.0011450049587687203,0.0,2.755100522543212e-06,-0.0011477600592912636,0.7892435975894931,0.5881212594438389,0.0
2013-06-05,-0.0008266385688461302,0.0,2.7582663504931803e-06,-0.0008293968351966234,0.7890041801152736,0.5876507365292714,0.0
2013-06-06,0.0015881490581041043,0.0,2.760555946858778e-06,0.0015853885021572455,0.7888317961416419,0.587311212020951,0.0
2013-06-07,-0.0024773760615461674,0.0,2.7555841979969494e-06,-0.0024801316457441643,0.7891248510869614,0.587967204633184,0.0
2013-06-10,-0.0030011341345657565,0.0,8.289117063813404e-06,-0.00300942325162957,0.7886473793095888,0.586945530756796,0.0
2013-06-11,-0.0023102945684632305,0.0,2.7707738326523142e-06,-0.002313065342295883,0.7879735267816339,0.585707036998015,0.0
2013-06-12,-0.001240012525915279,7.705045810885274e-07,2.7397260273838523e-06,-0.0012435227565237514,0.7858960754479977,0.5858960754489765,0.003850888283246298
2013-06-13,0.006093939638776335,0.0,2.7425379088783417e-06,0.006091197100867457,0.7855892685980393,0.5853840012499204,0.0
2013-06-14,0.0008007749253934151,0.0,2.726529353200911e-06,0.0007980483960402142,0.7869335875070553,0.5878969447233888,0.0
2013-06-17,-0.0015670265825218608,0.0,8.171280051173564e-06,-0.0015751978625730345,0.7870627662546484,0.5882282850094249,0.0
2013-06-18,-0.0013659494282087996,0.0,2.7280572470023097e-06,-0.0013686774854558019,0.7867350029672118,0.5875868239360432,0.0
2013-06-19,-0.007279798698374738,0.0,2.7317961949491904e-06,-0.007282530494569687,0.7864454437113502,0.5870243214800592,0.0
2013-06-20,-0.00825019793956835,0.0,2.7518365283832117e-06,-0.008252949776096733,0.7848815689736517,0.5839975024016772,0.0
2013-06-21,-0.0068847480930907656,0.0,2.7747362876067436e-06,-0.0068875228293783725,0.783094208204346,0.5805384592090538,0.0
2013-06-24,-0.0049874155220599806,0.0,8.383771201414076e-06,-0.004995799293261395,0.7816372650796143,0.5776321658452052,0.0
2013-06-25,0.0052121161563227865,0.0,2.808621710829359e-06,0.005209307534611957,0.7805493172852034,0.5755199323946601,0.0
2013-06-26,0.005391112145401646,8.736148438724622e-07,2.7397260273972604e-06,0.0053874988045303765,0.7773227281210088,0.5773227281210088,0.004366644979498721
2013-06-27,0.005460018366798104,0.0,2.7250448515174185e-06,0.005457293321946586,0.7785195670297345,0.5795912928689628,0.0
2013-06-28,-0.0010680909246977073,0.0,2.709662111051429e-06,-0.0010708005868087587,0.7796811781844281,0.5818758440776738,0.0
2013-07-01,0.0024906174953061707,0.0,8.137700187290111e-06,0.0024824797951188806,0.7794477203360531,0.5814303491119936,0.0
2013-07-02,0.0008475159363562595,0.0,2.7064407675856003e-06,0.0008448094955886739,0.7800451602615408,0.582474984227792,0.0
2013-07-03,-0.0019986853722880372,0.0,2.7035655145350287e-06,-0.0020013889378025724,0.7801904023057299,0.5828301197446729,0.0
2013-07-05,-0.008731429264025174,0.0,5.41915838502512e-06,-0.008736848422410199,0.7797955162527725,0.5819962351993557,0.0
2013-07-08,0.00481993184513859,0.0,8.200383081526676e-06,0.004811731462057063,0.7778601330651738,0.5783174780813579,0.0
2013-07-09,0.0006064191160315554,0.0,2.7191844358334822e-06,0.000603699931595722,0.7788454097073486,0.5803449458915045,0.0
2013-07-10,-0.0016846648916687018,0.0,2.7175438547942343e-06,-0.001687382435523496,0.7789815577102763,0.5806008563102972,0.0
2013-07-11,0.006638295660623516,2.494742515581963e-07,2.7221371411933705e-06,0.006635324049230764,0.7773648072232147,0.5786487959160986,0.001245899626241248
2013-07-12,-0.00080664254993949,0.0,2.704193938121966e-06,-0.0008093467438776119,0.7788352784304791,0.5814291209475756,0.0
2013-07-15,0.002268239722761192,0.0,8.119153024429264e-06,0.002260120569736763,0.7786588408779956,0.5810927839502168,0.0
2013-07-16,0.0008045860745844207,0.0,2.7002813799854387e-06,0.0008018857932044353,0.7791660713356899,0.5820455305967529,0.0
2013-07-17,0.0028069161352615567,0.0,2.6981177976551077e-06,0.0028042180174639017,0.7793457111565031,0.5823831119276803,0.0
2013-07-18,-6.277216973284437e-05,0.0,2.6905728448064023e-06,-6.546274257765077e-05,0.779965434168271,0.5835536164974037,0.0
2013-07-19,0.0013234605812232473,0.0,2.6913353881157445e-06,0.0013207692458351316,0.7799965270716971,0.5835290437392477,0.0
2013-07-22,-0.0005287162860162704,0.0,8.06335633128666e-06,-0.000536779642347557,0.7802894054034126,0.5840810680087706,0.0
2013-07-23,-0.0002667803641414137,0.0,2.6892289671253843e-06,-0.00026946959310853905,0.7801794735761893,0.5838657589760363,0.0
2013-07-24,-0.004382587509384276,0.0,2.6899538278888666e-06,-0.004385277463212166,0.7801229126158852,0.583756283179998,0.0
2013-07-25,0.0003032347294688253,1.609236806942601e-07,2.7023923500237933e-06,0.0003003714134381073,0.7783963782568336,0.5811217367050967,0.0008038641883813397
2013-07-26,0.0006057438385320661,0.0,2.7004021755941034e-06,0.000603043436356472,0.7783797392546019,0.5812503804362324,0.0
2013-07-29,-0.001215484816332868,0.0,8.096324091680207e-06,-0.0012235811404245481,0.778516004126747,0.5815054512291954,0.0
2013-07-30,-3.847461226909031e-05,0.0,2.702669781557525e-06,-4.1177282050647834e-05,0.7782957621713608,0.5810008681176614,0.0
2013-07-31,0.000247364352801693,0.0,2.7021921814007453e-06,0.0002446621606202923,0.778246346185087,0.5809863169428326,0.0
2013-08-01,-0.0036333330578733627,0.0,2.702119968226479e-06,-0.0036360351778415892,0.7783462678717658,0.581091510191233,0.0
2013-08-02,0.0037375189958093473,0.0,2.711389928095137e-06,0.003734807605881252,0.7774969624216986,0.5795654976707536,0.0
2013-08-05,-0.002147032496397445,0.0,8.105669362148862e-06,-0.002155138165759594,0.7783705526976661,0.5811325982187104,0.0
2013-08-06,9.606067387783821e-05,0.0,2.7077253095399362e-06,9.335294856829827e-05,0.777900002185122,0.5802360545887068,0.0
2013-08-07,0.00045677628787195484,0.0,2.7074725589933864e-06,0.0004540688153129615,0.777923441411984,0.5802779446054668,0.0
2013-08-08,0.0008889331023719247,0.0,2.7056540903101677e-06,0.0008862274482816145,0.7779838956399177,0.5804711470472754,0.0
2013-08-09,0.0007150793398152005,0.0,2.7032583885264575e-06,0.000712376081426674,0.7781831814471,0.5808453190846686,0.0
2013-08-12,-0.0004951710569061678,0.0,8.105768187288399e-06,-0.0005032768250934562,0.7783867628507507,0.581146403626733,0.0
2013-08-13,-0.0038480338347786063,0.0,2.703283228896901e-06,-0.0038507371180075034,0.7782832837339054,0.5809436080244317,0.0
2013-08-14,-0.0006641978128373039,0.0,2.7137331016799054e-06,-0.0006669115459389839,0.7774289243145978,0.5793264078919647,0.0
2013-08-15,-0.0031803203187507215,0.0,2.7155441294133177e-06,-0.003183035862880135,0.7772831055793347,0.5790483841321624,0.0
2013-08-16,-0.002581751940639505,0.0,2.724215404744831e-06,-0.0025844761560442496,0.7765746502224454,0.5777069256760728,0.0
2013-08-19,-0.003233870467735196,0.0,8.193822954286696e-06,-0.0032420642906894827,0.7759984477671878,0.5766154225462116,0.0
2013-08-20,0.002787082671511547,0.0,2.7395610495831776e-06,0.002784343110461964,0.775234494958339,0.575246538338767,0.0
2013-08-21,-0.0028438154253152322,0.0,2.7325497307627136e-06,-0.002846547975045995,0.7759047762271238,0.5764286458814458,0.0
2013-08-22,0.0010945859884302956,4.08328094311703e-08,2.7397260273972604e-06,0.001091805429593467,0.7750636479707804,0.5750636479707804,0.00020414981092203854
2013-08-23,0.003187279729585956,0.0,2.736141749921099e-06,0.0031845435878360352,0.7752682150694122,0.575529867325172,0.0
2013-08-26,0.0007440954986775781,0.0,8.184151339162065e-06,0.0007359113473384161,0.7760277299851401,0.5768800473988633,0.0
2013-08-27,0.0005490413562333478,0.0,2.725450357410084e-06,0.0005463159058759378,0.7761572514184968,0.5771993753275605,0.0
2013-08-28,-0.0011973630464604352,0.0,2.72396221352583e-06,-0.0012000870086739611,0.776282197462808,0.5774329558754223,0.0
2013-08-29,0.0005752565840850165,0.0,2.727235132978516e-06,0.000572529348952038,0.7760161212820195,0.5769279565745878,0.0
2013-08-30,-0.0004154153732933423,0.0,2.7262686151716256e-06,-0.00041814164190851394,0.7761903737189314,0.5771727648114028,0.0
2013-09-03,-0.002914518388028957,0.0,1.0909636233893967e-05,-0.002925428024262851,0.776099477855593,0.576998616587028,0.0
2013-09-04,-0.0008103978642721049,0.0,2.735411307369958e-06,-0.0008131332755794748,0.7754534928470512,0.5757684674090444,0.0
2013-09-05,-0.003094084330417452,0.0,2.737637371413124e-06,-0.003096821967788865,0.7752734956597751,0.575425967546617,0.0
2013-09-06,0.002528832231797633,5.275949913632304e-08,2.7397260273972604e-06,0.0025260397462710995,0.7743143650798496,0.5743143650798497,0.0002637768552214148
2013-09-09,0.0008688153694470506,0.0,8.198468425091452e-06,0.0008606169010219592,0.7748858049694731,0.5753897399589145,0.0
2013-09-10,-0.0010750983095523421,0.0,2.729281069789715e-06,-0.0010778275906221319,0.7750005620164278,0.5757630439217787,0.0
2013-09-11,0.002393709819357744,0.0,2.7328235028443337e-06,0.0023909769958549,0.7748041441860631,0.5753080284784268,0.0
2013-09-12,0.0006489146460588357,0.0,2.7263049703764783e-06,0.0006461883410884591,0.7753440242794948,0.5763237614420119,0.0
2013-09-13,2.8179997774585594e-06,0.0,2.724544401549419e-06,9.345537590914042e-08,0.7754918251495329,0.5766000838364252,0.0
2013-09-16,0.0026557072962461272,0.0,8.175413734390137e-06,0.002647531882511737,0.7755379154863934,0.5766028479495666,0.0
2013-09-17,0.00206115187585818,0.0,2.7173498764921692e-06,0.002058434525981688,0.776095540284641,0.5777289993007126,0.0
2013-09-18,0.008133749366240688,0.0,2.7117678798618133e-06,0.008131037598360827,0.7765581979543955,0.5785991427244832,0.0
2013-09-19,-0.0021277208873313855,0.0,2.690482446118354e-06,-0.0021304113697775038,0.7784058417083294,0.5820006231416895,0.0
2013-09-20,0.0002853666238008406,1.0991864031048036e-07,2.6962265177472585e-06,0.0002825604786427828,0.7773863750848504,0.5805618392893005,0.0005490682495800647
2013-09-23,0.0012714133595090476,0.0,8.084632759936762e-06,0.001263328726749111,0.7774091916356953,0.5806831278105675,0.0
2013-09-24,0.0006978292141090334,0.0,2.69147736597176e-06,0.0006951377367430617,0.7776981166237349,0.5812202689077964,0.0
2013-09-25,0.0005185791848073131,0.0,2.6896077181498387e-06,0.0005158895770891633,0.7778552293142248,0.5815138658892866,0.0
2013-09-26,-0.0005366555424497903,0.0,2.688220893010222e-06,-0.0005393437633428005,0.7779724606153383,0.5817323354255921,0.0
2013-09-27,-0.0005882216570037846,0.0,2.6896715505864714e-06,-0.0005909113285543711,0.7778553364974113,0.5815093133045989,0.0
2013-09-30,-0.00011886936337011135,0.0,8.073785543101149e-06,-0.00012694314891321248,0.7777266823475256,0.5812645674653977,0.0
2013-10-01,-8.203347432738033e-05,0.0,2.6916035283278952e-06,-8.472507785570822e-05,0.7777065375009563,0.5812194799330199,0.0
2013-10-02,0.000611008361270702,0.0,2.692418229404254e-06,0.0006083159430412977,0.7777332182925542,0.5811866875460436,0.0
2013-10-03,0.00020826251373406063,0.0,2.6907813841890137e-06,0.00020557173234987162,0.7778710353014211,0.5814439942556231,0.0
2013-10-04,-0.0002818486415029838,0.0,2.6902283492868336e-06,-0.0002845388698522706,0.7779193795806661,0.5815327100827272,0.0
2013-10-07,0.00044641966644171153,0.0,8.072982125070706e-06,0.00043834668431664084,0.7778588620206671,0.5814162969772799,0.0
2013-10-08,-0.0004230784171692658,0.0,2.6898149702166155e-06,-0.0004257682321394824,0.777964263631629,0.581607770805816,0.0
2013-10-09,-0.00036018681296597494,0.0,2.69096069579482e-06,-0.00036287777366176974,0.7778723785619102,0.5814322477688884,0.0
2013-10-10,0.0004138403918611546,0.0,2.691351009395835e-06,0.00041114904085175875,0.7777516193211418,0.5812829956352459,0.0
2013-10-11,0.0004631294872098691,0.0,2.689656663540755e-06,0.0004604398305463283,0.7778027066610591,0.581457770222584,0.0
2013-10-14,-0.0010971763532992794,0.0,8.063491633221672e-06,-0.0011052398449325012,0.7778647132043349,0.5816530834626077,0.0
2013-10-15,2.3113961204773785e-05,0.0,2.690804528787364e-06,2.042315667598642e-05,0.7776270011972543,0.5811982705957767,0.0
2013-10-16,0.00292311075930017,0.0,2.6907495751872145e-06,0.002920420009724983,0.7776342334126736,0.581209514424007,0.0
2013-10-17,0.0033474787154542367,0.0,2.683501526530925e-06,0.0033447952139277056,0.7783272914873471,0.5824316800505895,0.0
2013-10-18,0.0005166567336587304,2.0402277588806673e-05,2.6745556854780225e-06,0.0004935799003844458,0.6823049283273981,0.4870623632875022,0.09676401580012695
2013-10-21,-0.0008238954625171728,0.0,8.02146267820175e-06,-0.0008319169251953746,0.6825274047125507,0.4873384795429746,0.0
2013-10-22,0.0023220413557618886,0.0,2.67604714164367e-06,0.002319365308620245,0.6822711021274649,0.48691966078747695,0.0
2013-10-23,0.00042954572163703586,0.0,2.6698547731038795e-06,0.000426875866863932,0.6830089961121687,0.48810959767558554,0.0
2013-10-24,-0.00031043303838217975,0.0,2.668715562834581e-06,-0.0003131017539450143,0.6831469228988979,0.48833068681197334,0.0
2013-10-25,0.00039636143019246886,0.0,2.668967674708312e-06,0.00039369246251776054,0.6830077418816464,0.48817310162793975,0.0
2013-10-28,2.0664479115178965e-05,0.0,8.005502506188963e-06,1.2658976608990002e-05,0.6831777536224563,0.48837719263852475,0.0
2013-10-29,1.7250176925417092e-05,0.0,2.668467055334286e-06,1.4581709870082805e-05,0.6831897696182581,0.48839167457885546,0.0
2013-10-30,-0.0012689266088598068,0.0,2.6678446613501518e-06,-0.001271594453521157,0.6831544633009502,0.48840180302238917,0.0
2013-10-31,-3.105397933442776e-05,0.0,2.671241397094713e-06,-3.372522073152247e-05,0.6827537225387917,0.4877531005508778,0.0
2013-11-01,-0.0021710635670442084,4.0803460248478147e-07,2.6713314883401126e-06,-0.0021741429331350332,0.6845977101599863,0.489590511511158,0.002039434087983738
2013-11-04,0.00044327772138808317,0.0,8.031455998321874e-06,0.0004352462653897613,0.6839135724533666,0.48848147649420115,0.0
2013-11-05,-0.0019945266449677666,0.0,2.6759872859681763e-06,-0.0019972026322537346,0.6840591159992103,0.4887120441235334,0.0
2013-11-06,0.0011714392338176283,0.0,2.6813424702076486e-06,0.0011687578913474207,0.6834295366237474,0.4876915362985891,0.0
2013-11-07,0.0004613496854059952,0.0,2.6787980397014435e-06,0.0004586708873662938,0.6838445369749881,0.48829228007678294,0.0
2013-11-08,-0.0038372945469833867,0.0,2.6769844336351647e-06,-0.003839971531417022,0.6839494191328404,0.48852955547747323,0.0
2013-11-11,-0.0013195550616901868,0.0,8.061910808900495e-06,-0.0013276169724990873,0.6827338029527315,0.4865606399361528,0.0
2013-11-12,-0.0007540224370396338,0.0,2.6914645766197336e-06,-0.0007567139016162536,0.6823630696745551,0.4858861555813146,0.0
2013-11-13,0.0015336430624260636,0.0,2.69350278762317e-06,0.0015309495596384404,0.6821252208747945,0.4854995173783031,0.0
2013-11-14,0.002523993170414335,0.0,2.6893854741158738e-06,0.002521303784940219,0.6826138166152703,0.48628867700481143,0.0
2013-11-15,0.0005995818369077524,5.990851170482996e-07,2.739726027401959e-06,0.0005962430257633022,0.6845889320520596,0.48458893205171666,0.0029943924532330607
2013-11-18,0.0012632331390769317,0.0,8.214280374820736e-06,0.001255018858702111,0.6847802184595304,0.4848993960055593,0.0
2013-11-19,-0.0019051813824844373,0.0,2.7346614066360983e-06,-0.0019079160438910735,0.6851835333425911,0.4855532506581561,0.0
2013-11-20,-0.001883989756810626,0.0,2.7398888845974946e-06,-0.0018867296456952236,0.684584481676095,0.48457259310047796,0.0
2013-11-21,0.0007013425953752414,0.0,2.7450680859346703e-06,0.0006985975272893067,0.6839909980126229,0.48360102773939195,0.0
2013-11-22,0.0011578390715291536,0.0,2.743751681052689e-06,0.001155095319848101,0.6842581468064382,0.4839642740895918,0.0
2013-11-25,0.0012288507734233255,0.0,8.219960343042214e-06,0.0012206308130802833,0.6845814324177326,0.4845623974037056,0.0
2013-11-26,0.0003524961706084903,0.0,2.7366463461594484e-06,0.0003497595242623308,0.6849741825977131,0.4851989993280734,0.0
2013-11-27,-0.000804543261650707,0.0,2.7356895126969603e-06,-0.0008072789511634039,0.6850870630430734,0.4853817286161954,0.0
2013-11-29,-0.00010882177686237679,0.0,5.476997134040091e-06,-0.00011429877399641688,0.6848790857627172,0.48496869037025386,0.0
2013-12-02,-0.00222950048415876,8.921390060645009e-08,8.219178082050702e-06,-0.002237808876141417,0.6844695203164113,0.4844695203198441,0.0004457734972343891
2013-12-03,0.0006857348812128193,0.0,2.746471728144879e-06,0.0006829884094846744,0.6838140373594687,0.48332160120489265,0.0
2013-12-04,-0.0021634134331946233,0.0,2.7451974703391028e-06,-0.0021661586306649626,0.6840764056425453,0.48367699030779066,0.0
2013-12-05,-0.0002135652518801766,0.0,2.7511569126296716e-06,-0.00021631640879280628,0.683393330570502,0.48255887594853597,0.0
2013-12-06,0.0009360403902197901,0.0,2.751752161775189e-06,0.000933288638058015,0.6833275802868181,0.48244967247722936,0.0
2013-12-09,0.0009690652733828578,0.0,8.247559132095888e-06,0.0009608177142507619,0.6836256006712463,0.4829349951235797,0.0
2013-12-10,0.0014872542471570387,0.0,2.7465474459262186e-06,0.0014845076997111125,0.6839375266535794,0.4834395631009655,0.0
2013-12-11,-0.0016138134110908256,0.0,2.7418765436267117e-06,-0.0016165552876344523,0.684364994518466,0.48420800683371606,0.0
2013-12-12,-0.0007717346238835387,0.0,2.7469167616788415e-06,-0.0007744815406452175,0.6839005204021005,0.483375596799545,0.0
2013-12-13,0.0009570523734178505,0.0,2.749045846941683e-06,0.0009543033275709088,0.6836582664857195,0.4829779196589766,0.0
2013-12-16,0.00034780321568153474,9.492458679352765e-08,8.219178082221535e-06,0.00033948911301251965,0.6834880805404805,0.48348808053975634,0.00047453052298523923
2013-12-17,0.0011672332687505534,0.0,2.7381973653382808e-06,0.0011644950713852152,0.6835600901546564,0.48367168248496173,0.0
2013-12-18,-0.0006425170178579343,0.0,2.73501245681216e-06,-0.0006452520303147465,0.6839308892736805,0.48427497992639296,0.0
2013-12-19,-0.0012264423066456794,0.0,2.737376928826609e-06,-0.001229179683574506,0.6837732450319716,0.4839447292276292,0.0
2013-12-20,0.0013298805234046496,0.0,2.7407457978791858e-06,0.0013271397776067704,0.683386807905625,0.4833123646604446,0.0
2013-12-23,-0.0002919268187858254,0.0,8.209544290276582e-06,-0.000300136363076102,0.6837654873814561,0.48399990965139283,0.0
2013-12-24,-0.0008160171914276666,0.0,2.737336337598389e-06,-0.000818754527765265,0.683678757418433,0.4838532047737505,0.0
2013-12-26,-0.00025594646177545924,0.0,5.479158761240892e-06,-0.0002614256205367001,0.6834222953256789,0.4834330005403864,0.0
2013-12-27,-0.00029507082177505494,0.0,2.74029576414104e-06,-0.00029781111753919597,0.6833449927526745,0.4833034019703787,0.0
2013-12-30,0.0009079450823118136,0.0,8.225134817528252e-06,0.0008997199474942853,0.6832971664774808,0.4831522192509602,0.0
2013-12-31,-0.0009237710739107591,9.861033530584919e-08,2.7397260273972604e-06,-0.0009266094102734622,0.6832831977434867,0.48328319774348666,0.0004927589936430041
2014-01-02,0.0011050955968502933,0.0,5.482134985528759e-06,0.0010996134618647645,0.6829047269655938,0.4828067999937941,0.0
2014-01-03,4.689554714098828e-05,0.0,2.7380566887700585e-06,4.4157490452218224e-05,0.6832585023153646,0.4833803640351504,0.0
2014-01-06,0.0014261865615853749,0.0,8.215605055694005e-06,0.001417970956529681,0.6833189699454982,0.4834059135902774,0.0
2014-01-07,0.00019193358870347424,0.0,2.7340589721806328e-06,0.0001891995297312936,0.683731900727532,0.48414559575834565,0.0
2014-01-08,-0.0016358141249320447,0.0,2.7341400558480476e-06,-0.0016385482649878928,0.6838381343254634,0.4842459102485558,0.0
2014-01-09,0.001096188516149692,0.0,2.738627429070399e-06,0.0010934498887206216,0.6833219762391258,0.48340217391698675,0.0
2014-01-10,0.0026135901859293334,0.0,2.7350375521745573e-06,0.0026108551483771587,0.6836269077107328,0.4839691664019899,0.0
2014-01-13,0.0005018898818818869,0.0,8.185537192165871e-06,0.0004937043446897211,0.6844970726877426,0.4853156676783731,0.0
2014-01-14,-0.0007596576739090367,0.0,2.727165983693784e-06,-0.0007623848398927305,0.6846609424876788,0.4855778256780327,0.0
2014-01-15,4.133917799673468e-05,1.649834177115028e-07,2.729246720014505e-06,3.8444947859008676e-05,0.684272963000171,0.4850379524391122,0.0008245402487447734
2014-01-16,0.0006430742028652372,0.0,2.7291417983003694e-06,0.0006403450610669368,0.6842879947618886,0.4850606434859616,0.0
2014-01-17,0.0006125575738838012,0.0,2.727395324174957e-06,0.0006098301785596262,0.6844927574082112,0.48539289874343955,0.0
2014-01-21,-0.000527577066599736,0.0,1.0900546643811773e-05,-0.0005384776132435478,0.6846442324044792,0.48570925615491434,0.0
2014-01-22,-0.0011544111221346294,0.0,2.7272016269009386e-06,-0.0011571383237615302,0.6845287980828004,0.4854430793190319,0.0
2014-01-23,0.0009907528271124913,0.0,2.730361032289105e-06,0.000988022466080202,0.6841660617305112,0.48484970637340646,0.0
2014-01-24,-0.0005356713528879154,0.0,2.727666036964621e-06,-0.0005383990189248801,0.6844805324140041,0.4853609117155869,0.0
2014-01-27,-0.0009629420453369932,0.0,8.185614682164286e-06,-0.0009711276600191575,0.6842697010094886,0.48508641041015754,0.0
2014-01-28,0.0017808587475948892,0.0,2.7311905620877213e-06,0.0017781275570328014,0.6839709821035227,0.484594071071119,0.0
2014-01-29,0.0005108301184063942,0.0,2.7263427768662587e-06,0.0005081037756295279,0.6845346509245648,0.4855116282133279,0.0
2014-01-30,-0.00012632298739440935,1.6826109013407185e-07,2.7255546051785988e-06,-0.000129216803089722,0.685216515807299,0.48625102962926137,0.0008407102773829445
2014-01-31,0.0006729298944449604,0.0,2.7259068381457448e-06,0.0006702039876068147,0.6851787294248661,0.48618753024022676,0.0
2014-02-03,0.0013068940644579198,0.0,8.170455241922484e-06,0.0012987236092159972,0.6853487937379574,0.48653438285117706,0.0
2014-02-04,-0.0004551162999290922,0.0,2.719952613965123e-06,-0.0004578362525430573,0.6857650685175561,0.48720852769810213,0.0
2014-02-05,-0.0008257499794095219,0.0,2.721794044284644e-06,-0.0008284717734538065,0.6856673320658199,0.4869763668330409,0.0
2014-02-06,0.0002958011575561931,0.0,2.723454782692124e-06,0.00029307770277350095,0.6853659120075393,0.4865537128710142,0.0
2014-02-07,0.0019364223997241036,0.0,2.722656832682161e-06,0.0019336997428914214,0.685460819882663,0.4867068710968652,0.0
2014-02-10,7.867940957730599e-05,0.0,8.153990786713298e-06,7.052541879059269e-05,0.6861140035017175,0.4877002276916938,0.0
2014-02-11,-0.0007241967735536278,0.0,2.717210560347977e-06,-0.0007269139841139758,0.6861008796209335,0.48774450871553127,0.0
2014-02-12,-0.0010038679466616047,0.0,2.719187175531294e-06,-0.001006587133837136,0.6858752551617145,0.4873745913479302,0.0
2014-02-13,0.0015276828887800342,1.8911972347998834e-07,2.722522758718775e-06,0.0015247712462978353,0.6849799454353507,0.48623578404888,0.0009450245989986814
2014-02-14,0.00014268968386079854,0.0,2.7183778543299198e-06,0.00013997130600646864,0.685462454882509,0.4870208715164249,0.0
2014-02-18,0.0008244716271771157,0.0,1.087198965072938e-05,0.0008135996375263863,0.6855091929493533,0.4870953818235421,0.0
2014-02-19,-0.0009307773857133777,0.0,2.7151935959072985e-06,-0.0009334925793092851,0.6857323372492833,0.48752320474805055,0.0
2014-02-20,-0.00033077985468917253,0.0,2.7183253852483432e-06,-0.00033349818007442087,0.6854848353224734,0.48704708219934445,0.0
2014-02-21,0.0009368213197777972,0.0,2.719232244253001e-06,0.0009341020875335442,0.6853826293273197,0.4868786754968506,0.0
2014-02-24,0.0007236517506524104,0.0,8.148300369029834e-06,0.0007155034502833806,0.6856355615670315,0.48736025258730575,0.0
2014-02-25,0.0012729163760649836,0.0,2.7147521596431797e-06,0.0012702016239053405,0.685911835967878,0.4877349283139258,0.0
2014-02-26,0.0010364704943352468,0.0,2.7113082514992177e-06,0.0010337591860837476,0.6863129964613304,0.4883874941018875,0.0
2014-02-27,0.0010683088865085667,0.0,2.7085083061571435e-06,0.0010656003782024096,0.6866396469131397,0.4889185405636683,0.0
2014-02-28,0.0008072301257161978,2.086161754936897e-05,2.7050331619075304e-06,0.0007836634750049212,0.7858231461857191,0.5883557253664694,0.10213917699181882
2014-03-03,0.00041774819286459535,0.0,8.110519654803745e-06,0.0004096376732097916,0.786057589808435,0.588701611541544,0.0
2014-03-04,-0.0010993764351693613,0.0,2.7023995469388395e-06,-0.0011020788347163,0.7861532999927104,0.5888781330661752,0.0
2014-03-05,-6.160449613865761e-05,0.0,2.7047891145582337e-06,-6.430928525321585e-05,0.7858768552115855,0.5884272498488344,0.0
2014-03-06,-0.0014700864835491545,0.0,2.7055550824917715e-06,-0.0014727920386316462,0.7859090061821663,0.588403485160267,0.0
2014-03-07,-0.0020711217015673884,0.0,2.7095456797972806e-06,-0.0020738312472471858,0.7855959391433686,0.5877991045181671,0.0
2014-03-10,2.651597887513388e-05,0.0,8.143747135999205e-06,1.8372231739134677e-05,0.7851097217722883,0.5869452081296409,0.0
2014-03-11,-9.466596635610175e-05,0.0,2.7145325066461417e-06,-9.73804988627479e-05,0.785121813311267,0.5869609403260986,0.0
2014-03-12,0.0014268916342827815,0.0,2.714796874920163e-06,0.0014241768374078612,0.7851036011252495,0.5869234292560777,0.0
2014-03-13,0.0011269330559483288,0.0,2.7109360226290373e-06,0.0011242221199256998,0.7854119272848692,0.5875135976329494,0.0
2014-03-14,2.3234093083323166e-05,4.0149621904171826e-07,2.7397260273829947e-06,2.0092870836898452e-05,0.7868170958908447,0.5868170958918861,0.0020066478228465967
2014-03-17,-0.00031755259150370916,0.0,8.219012938583485e-06,-0.00032577160444229264,0.786824520420465,0.5868285389149336,0.0
2014-03-18,0.0012574114895720552,0.0,2.7405637773866285e-06,0.0012546709257946686,0.786763272962708,0.5867021172134841,0.0
2014-03-19,-0.003718151080879982,0.0,2.7371295804819268e-06,-0.0037208882104604636,0.7870332167575842,0.5872227573824036,0.0
2014-03-20,0.00016512279948543198,0.0,2.7479534618407186e-06,0.00016237484602359126,0.7862844732247349,0.5856838705103624,0.0
2014-03-21,0.0007444975292547821,0.0,2.746906142322146e-06,0.00074175062311246,0.7862780300030299,0.5857538816135133,0.0
2014-03-24,0.0005790383464890248,0.0,8.236412643069635e-06,0.0005708019338459551,0.7864830403679839,0.5860636660532894,0.0
2014-03-25,0.00029185447467476003,0.0,2.7439046549399248e-06,0.0002891105700198201,0.7866130784481095,0.5863080386374949,0.0
2014-03-26,0.0018421565688016754,0.0,2.7431115923838272e-06,0.0018394134572092915,0.7866774961434525,0.586430349899433,0.0
2014-03-27,0.0008668109127113579,0.0,2.7374760105841076e-06,0.0008640734367007738,0.7870281656073774,0.5871924168347376,0.0
2014-03-28,-0.000579073902243571,9.439368015258949e-08,2.7351126723743933e-06,-0.000581903408596098,0.7875555420639901,0.5878923169806594,0.0004718652243459187
2014-03-31,0.0006604949257601703,0.0,8.210115511324185e-06,0.0006522848102488461,0.7874346790855531,0.5876552016433313,0.0
2014-04-01,-0.00028299856157921983,0.0,2.7349212228704834e-06,-0.00028573348280209034,0.7875814465968639,0.5879321973273187,0.0
2014-04-02,-0.001517751914243156,0.0,2.7357029047893723e-06,-0.0015204876171479452,0.7875234698591154,0.5878171578094913,0.0
2014-04-03,0.0004333168277606601,0.0,2.7398688414353632e-06,0.00043057695891922474,0.7872026498261173,0.5871922244013358,0.0
2014-04-04,0.002667303993993735,0.0,2.739289019939511e-06,0.002664564704973796,0.7873407305629954,0.5873726321074111,0.0
2014-04-07,0.00033591482301512516,0.0,8.19423480550895e-06,0.0003277205882096162,0.7878649615419235,0.5884719146078725,0.0
2014-04-08,0.001179589530529499,0.0,2.730516755279172e-06,0.0011768590137742198,0.7879426513357684,0.5886149282003887,0.0
2014-04-09,0.00025227925962025065,0.0,2.727307099335997e-06,0.00024955195252091467,0.7881946468914957,0.5891012286399679,0.0
2014-04-10,0.001524149219796344,0.0,2.726626664328125e-06,0.0015214225931320159,0.7882502167704464,0.5892064702744931,0.0
2014-04-11,0.00021912771196478805,2.945143945358121e-07,2.7397260273972604e-06,0.000216093471542855,0.7888810566081843,0.5888810566081844,0.0014720657080381089
2014-04-14,-0.00025447909812638424,0.0,8.217402355189782e-06,-0.000262696500481574,0.788929701762092,0.5889729111191406,0.0
2014-04-15,0.00044302915580833314,0.0,2.7398538684196593e-06,0.00044028930193991346,0.7888824593253215,0.5888731269306864,0.0
2014-04-16,0.00021329015034421008,0.0,2.738648070972231e-06,0.00021055150227323785,0.7889781098598938,0.589056800678921,0.0
2014-04-17,-0.0015257974517778304,0.0,2.738071565890702e-06,-0.0015285355233437211,0.7890252695544018,0.5891460452443805,0.0
2014-04-21,0.00048290029078168126,0.0,1.0971453559609714e-05,0.00047192883722207155,0.7887488487084456,0.5885198212455685,0.0
2014-04-22,2.550578995085993e-05,0.0,2.740969669996336e-06,2.2764820280863593e-05,0.7888156711955261,0.5887248852857935,0.0
2014-04-23,0.000765633950229062,0.0,2.7403079653536102e-06,0.0007628936422637084,0.7887794700548202,0.5887369885840066,0.0
2014-04-24,6.956265361654455e-05,0.0,2.7388178470120397e-06,6.682383576953251e-05,0.7889869403962219,0.589053237564343,0.0
2014-04-25,-6.718734800772968e-05,0.0,2.738634840927197e-06,-6.992598284865688e-05,0.789003778790903,0.5890834354032175,0.0
2014-04-28,-0.0005570264779613786,1.5648451935883915e-07,8.216479068155987e-06,-0.0005653994415488934,0.788210352765317,0.5882760287735213,0.000781409702028335
2014-04-29,0.00048302397915288606,0.0,2.7403757629780173e-06,0.00048028360338990805,0.7880989169748983,0.5880514862775031,0.0
2014-04-30,0.0012022558854694462,0.0,2.7390602372573657e-06,0.0011995168252321889,0.7882033797945993,0.5882519824748117,0.0
2014-05-01,0.0011006940438636403,0.0,2.735778624766847e-06,0.0010979582652388734,0.7884598648062136,0.5887480251982338,0.0
2014-05-02,0.0009396713396509875,0.0,2.7321806174904627e-06,0.000936939159033497,0.7886509853324168,0.5892018002556131,0.0
2014-05-05,-0.00046015374169767033,0.0,8.190660294866602e-06,-0.00046834440199253696,0.7888951296899434,0.589589062514856,0.0
2014-05-06,0.0006928177799362329,0.0,2.73149938073288e-06,0.0006900862805555,0.7888044080770357,0.5894049532835354,0.0
2014-05-07,0.0011437947992077424,0.0,2.729018870936153e-06,0.0011410657803368062,0.7889092110878365,0.5896908335094974,0.0
2014-05-08,0.0009158569770504284,0.0,2.7259084301062276e-06,0.0009131310686203222,0.7891525309385241,0.5901612155407696,0.0
2014-05-09,-0.00028071057549720896,0.0,2.723421589240141e-06,-0.0002834339970864491,0.789347610088861,0.5905378340743307,0.0
2014-05-12,-0.0007414055755546335,2.0529642058728693e-06,8.174368507657787e-06,-0.0007516329082681641,0.7989096336668788,0.5999999999805394,0.009940915797215094
2014-05-13,0.0012262930323026677,0.0,2.7262428522187495e-06,0.001223566789450449,0.798725083904088,0.5997093556921194,0.0
2014-05-14,0.0023283726459954056,0.0,2.7235066922047533e-06,0.002325649139303201,0.7990172509237189,0.6002012623927719,0.0
2014-05-15,0.0011062352477496907,0.0,2.7171874675096923e-06,0.0011035180602821809,0.7994862989466901,0.6011316138184825,0.0
2014-05-16,-0.0004277826386566517,0.0,2.7141923072794933e-06,-0.0004304968309639312,0.7997100397226141,0.6015740012912111,0.0
2014-05-19,-0.00017908244194248622,0.0,8.146083785092638e-06,-0.00018722852572757885,0.7996264937554719,0.601405121651551,0.0
2014-05-20,0.0004392290666093454,0.0,2.7158697499868946e-06,0.0004365131968593585,0.7995971187032396,0.6013386269541963,0.0
2014-05-21,-0.0005362177995149589,0.0,2.7146847542663427e-06,-0.0005389324842692252,0.7996872737215088,0.6015152866600657,0.0
2014-05-22,0.00025613148929645144,0.0,2.7155546801550534e-06,0.0002534159346162964,0.7995386223018701,0.6013031306505511,0.0
2014-05-23,0.0005713056934428458,0.0,2.7148666896755543e-06,0.0005685908267531703,0.7995921244056502,0.6014068560593347,0.0
2014-05-27,0.0007177786560842253,3.274765127217328e-07,1.0855669302073435e-05,0.0007065955102694302,0.7981159647668877,0.6000000000040475,0.0016360770013261888
2014-05-28,0.002204211824736379,0.0,2.71140804982347e-06,0.002201500416686556,0.7982264015248284,0.6002936138877152,0.0
2014-05-29,0.00011763923904759722,0.0,2.7060436814689377e-06,0.00011493319536612828,0.7987155288993378,0.6011743401521055,0.0
2014-05-30,-0.00016292345136496926,0.0,2.705141085617819e-06,-0.00016562859245058706,0.7986981781746518,0.6012228789245511,0.0
2014-06-02,-0.0019227949061742244,0.0,8.118542771702555e-06,-0.001930913448945927,0.7987107321238593,0.6011595246790971,0.0
2014-06-03,-0.002443247377511235,0.0,2.710823574247352e-06,-0.0024459582010854823,0.7982861634862646,0.6003960425662079,0.0
2014-06-04,-0.0005708162249673644,0.0,2.7174703932419015e-06,-0.0005735336953606063,0.7977942875892607,0.599418948882602,0.0
2014-06-05,0.0012801011804793776,0.0,2.7190298484786494e-06,0.001277382150630899,0.7976809682777454,0.599191789338804,0.0
2014-06-06,0.0011969951260857356,0.0,2.7155610392781187e-06,0.0011942795650464575,0.797941792854789,0.5997058369874863,0.0
2014-06-09,-0.0004648043105324227,0.0,8.136965306447296e-06,-0.00047294127583887,0.7981855313117114,0.6001860421881606,0.0
2014-06-10,-0.0012640604340325506,1.1734572258165406e-06,2.7397260273981706e-06,-0.0012679736172857654,0.7999999999986309,0.5999999999985645,0.005853536522654926
2014-06-11,0.00014581013669273755,0.0,2.743204338125775e-06,0.00014306693235461177,0.7997500014668856,0.5994960847837039,0.0
2014-06-12,0.0009558710989746052,0.0,2.7422122075954613e-06,0.0009531288867670097,0.7997376094202505,0.5995561182657819,0.0
2014-06-13,-0.0001468589385391979,0.0,2.7402001685004103e-06,-0.0001495991387076983,0.7999747813598242,0.5999401690592944,0.0
2014-06-16,-0.0006445226141508059,0.0,8.220032754010314e-06,-0.0006527426469048162,0.7999038491229268,0.5998830521086758,0.0
2014-06-17,-0.001355244931758867,0.0,2.742400243013625e-06,-0.0013579873320018806,0.7998251512644918,0.599629933524497,0.0
2014-06-18,0.0031178098510014707,0.0,2.7455290017938302e-06,0.0031150643219996768,0.7995118599682121,0.5990882428372625,0.0
2014-06-19,-0.0010046724303741786,0.0,2.7376016468036955e-06,-0.0010074100320209823,0.8001808877512537,0.600335967534584,0.0
2014-06-20,0.0008204453632037193,0.0,2.7403623152915113e-06,0.0008177050008884278,0.7999821253393851,0.5999356763231048,0.0
2014-06-23,0.0002010708039989034,0.0,8.214370014434744e-06,0.00019285643398446865,0.8001482854481294,0.6002652817635508,0.0
2014-06-24,0.0015083955026902343,1.6974809558730365e-07,2.7403775410441887e-06,0.0015054853770536027,0.8000475605142736,0.6000000000180478,0.0008484258677442374
2014-06-25,0.0010525435832602456,0.0,2.736258752339643e-06,0.001049807324507906,0.8003510836090318,0.6006041946882379,0.0
2014-06-26,0.0007233606454206628,0.0,2.732791090724153e-06,0.0007206278543299387,0.8005195266314395,0.6010257770085765,0.0
2014-06-27,-5.8498414635043085e-05,0.0,2.7308234869299753e-06,-6.122923812197306e-05,0.8006659272759828,0.6013158127300946,0.0
2014-06-30,-0.000300991859083998,0.0,8.194757122802356e-06,-0.00030918661620680035,0.8006998877518512,0.6012941310969939,0.0
2014-07-01,-0.0012146853448623694,0.0,2.731830796864513e-06,-0.0012174171756592338,0.8006026639146315,0.6011790157435222,0.0
2014-07-02,-0.0017561523574079981,0.0,2.7357589736679743e-06,-0.0017588881163816661,0.8004060326507727,0.6006956275730105,0.0
2014-07-03,-0.0004102925700530404,0.0,2.7405805639426693e-06,-0.00041303315061698307,0.8000571801051592,0.5999947989373444,0.0
2014-07-07,0.0005454336701017635,0.0,1.096446430534233e-05,0.0005344692057964211,0.7999337305467286,0.5998322569742311,0.0
2014-07-08,0.0019499947666991057,0.0,2.740251143849338e-06,0.0019472545155552563,0.8000953121685136,0.6000569786675121,0.0
2014-07-09,0.0007378424411495231,4.6975102158066155e-07,2.775642209840486e-06,0.0007345970479181019,0.8026218813526641,0.6000000000343086,0.0023418495065174877
2014-07-10,-0.0001937145520233688,0.0,2.7729222257124388e-06,-0.00019648747424908124,0.8027201886467035,0.6002968661696954,0.0
2014-07-11,0.0008456268281932256,0.0,2.7735175284491594e-06,0.0008428533106647764,0.802687867119943,0.6002210875431543,0.0
2014-07-14,-0.0009609371935781133,0.0,8.313595790956079e-06,-0.0009692507893690694,0.802858027520364,0.6005605299404326,0.0
2014-07-15,-0.0005441437977855476,0.0,2.773870404749822e-06,-0.0005469176681902974,0.8026738585107619,0.6001813189640249,0.0
2014-07-16,0.00033414799217030785,0.0,2.775505870032247e-06,0.0003313724863002756,0.8025772353051797,0.5999653067928258,0.0
2014-07-17,0.0008576984954310436,0.0,2.7746703856148497e-06,0.0008549238250454287,0.8026515361077045,0.6001005979578202,0.0
2014-07-18,0.0001647779625043003,0.0,2.7722835061905475e-06,0.00016200567899810978,0.8028216577017329,0.600444961749823,0.0
2014-07-21,0.0003720423620835059,0.0,8.313712669207805e-06,0.0003637286494142981,0.8028127949019759,0.600512453284586,0.0
2014-07-22,0.0005158633127944207,0.0,2.7708098591923265e-06,0.0005130925029352283,0.802935135928885,0.6006660162078451,0.0
2014-07-23,0.0009620732911363331,6.833950966545066e-07,2.7989649955759447e-06,0.0009585909310441025,0.8043244446859157,0.6000000000088717,0.0034102453621476653
2014-07-24,-0.0011540050282854498,0.0,2.7969109718403426e-06,-0.00115680193925729,0.8045610491441275,0.6003865481997828,0.0
2014-07-25,0.0010533675720048458,0.0,2.800242332182594e-06,0.0010505673296726632,0.8043442296049654,0.5999265393556359,0.0
2014-07-28,-0.000996504200368606,0.0,8.392278956228775e-06,-0.001004896479324835,0.8045613209403036,0.6003491996720701,0.0
2014-07-29,0.00018071321394873052,0.0,2.800240270331845e-06,0.00017791297367839866,0.8043731284647928,0.5999555887305681,0.0
2014-07-30,-0.002701783098213358,0.0,2.799864982765699e-06,-0.002704582963196124,0.8044196926450727,0.6000295489031767,0.0
2014-07-31,-0.0016737342994410224,0.0,2.807611955375623e-06,-0.001676541911396398,0.803903342210072,0.5989476694676514,0.0
2014-08-01,0.0011196901768724071,0.0,2.8118204834567644e-06,0.0011168783563889504,0.8035398668780409,0.598276971585697,0.0
2014-08-04,0.0005158942920823051,0.0,8.427568249499163e-06,0.0005074667238328059,0.8037987828722224,0.5987279554677427,0.0
2014-08-05,-0.0001058885251129689,0.0,2.807733775230316e-06,-0.00010869625888819921,0.8039044732789116,0.5989399076870985,0.0
2014-08-06,0.0003434066738619142,5.91422032036041e-07,2.806709205974557e-06,0.00034000854262390364,0.8048897720152546,0.5999999999791121,0.0029425563809422003
2014-08-07,0.0011464877208359717,0.0,2.805662864044327e-06,0.0011436820579719274,0.8049527432210354,0.6001393541457996,0.0
2014-08-08,0.0004784018103803242,0.0,2.803146994619538e-06,0.00047559866338570464,0.8052286782334251,0.6005989476261987,0.0
2014-08-11,0.0006211141990628447,0.0,8.403192171900018e-06,0.0006127110068909447,0.8052692899310074,0.6007916137481069,0.0
2014-08-12,-0.0002849337054358914,0.0,2.7993795838895896e-06,-0.000287733085019781,0.8053991710139852,0.6010444613900453,0.0
2014-08-13,0.00131913418226137,0.0,2.800246744426449e-06,0.0013163339355169437,0.8053504481713895,0.6009324358282587,0.0
2014-08-14,0.001262111619476063,0.0,2.797222637923177e-06,0.0012593143968381397,0.8056571005701364,0.6014598480017445,0.0
2014-08-15,0.0014495847653784098,0.0,2.793078845806156e-06,0.0014467916865326036,0.8058586535621703,0.601963897818321,0.0
2014-08-18,-0.0005196772743198956,0.0,8.368546189340756e-06,-0.0005280458205092364,0.8061763541582566,0.6025417302176317,0.0
2014-08-19,-0.00044504265279568,0.0,2.7905172015412077e-06,-0.00044783316999722124,0.8060478718366644,0.6023401161241559,0.0
2014-08-20,-0.0011510787096760168,4.331956092099434e-07,2.80656777689477e-06,-0.0011543184730621215,0.8048794477007525,0.5999999999874345,0.0021647428301651978
2014-08-21,0.000989624475164164,0.0,2.809519438129899e-06,0.000986814955726034,0.8046359014927091,0.5995409825092266,0.0
2014-08-22,-0.00018781631394451873,0.0,2.807255623227019e-06,-0.00019062356956774576,0.8048682391180615,0.5999385786224891,0.0
2014-08-25,0.0005267939355853865,0.0,8.423832278824367e-06,0.0005183701033065622,0.8048450295219388,0.5998651107372123,0.0
2014-08-26,0.0004253613834660862,0.0,2.806673053075718e-06,0.0004225547104130105,0.8049679735799365,0.6000808407054092,0.0
2014-08-27,0.0013275640642875217,0.0,2.8055488202879016e-06,0.0013247585154672339,0.8050576264221527,0.600252562541136,0.0
2014-08-28,0.00018932202073314026,0.0,2.801087564507907e-06,0.00018652093316863234,0.8052636247864354,0.6007842325773584,0.0
2014-08-29,0.00015463077433173263,0.0,2.8011617024957597e-06,0.00015182961262923686,0.8053462856360748,0.6008614813538841,0.0
2014-09-02,-0.0023177497451825698,0.0,1.120355720414952e-05,-0.0023289533023867193,0.8053897929131155,0.6009248739373869,0.0
2014-09-03,0.00031506908398408175,0.0,2.8070443075350096e-06,0.0003122620396765467,0.8049187411195147,0.6000045066694588,0.0
2014-09-04,-0.0019677316395659353,3.2348988903193363e-07,2.8067044178257927e-06,-0.0019708618338727933,0.804889422488598,0.599999999987315,0.0016162543196223539
2014-09-05,0.0002569641125196314,0.0,2.812353962898328e-06,0.0002541517585567331,0.80451507413423,0.5992132348426519,0.0
2014-09-08,-0.0014455998948297811,0.0,8.436714074757434e-06,-0.0014540366089045385,0.8046112570808119,0.5993178812617144,0.0
2014-09-09,-0.0016645184737959268,0.0,2.8161329627133177e-06,-0.0016673346067586402,0.8043205817051486,0.5987428754270764,0.0
2014-09-10,-0.000871482026891373,0.0,2.8207131447504544e-06,-0.0008743027400361234,0.8039876085803901,0.598075549013607,0.0
2014-09-11,-4.340794449387134e-05,0.0,2.823905707190987e-06,-4.623185020106232e-05,0.8038717776692011,0.5977266610442592,0.0
2014-09-12,-0.002081810433903037,0.0,2.8234968184439235e-06,-0.002084633930721481,0.8038261541263343,0.5977108863799279,0.0
2014-09-15,0.00010672481684439349,0.0,8.487999961415114e-06,9.823681688297837e-05,0.8034146707539467,0.5968733383595121,0.0
2014-09-16,0.00026660571921440483,0.0,2.8290554030743477e-06,0.00026377666381133046,0.8034424679402085,0.5969214235157813,0.0
2014-09-17,-0.0011440608188509472,0.0,2.8281859391092306e-06,-0.0011468890047900565,0.8034881200642179,0.5970305465092438,0.0
2014-09-18,0.00011560268191539735,1.22937012322717e-06,2.8093257295376457e-06,0.00011156398606263254,0.805080778228893,0.5999999999726447,0.00608090298646315
2014-09-19,0.0013527528828739433,0.0,2.809301267405197e-06,0.001349943581606538,0.8051276513549284,0.6000486588343491,0.0
2014-09-22,0.00039424216449394207,0.0,8.417652437641559e-06,0.0003858245120563005,0.8054201908757546,0.600590648226477,0.0
2014-09-23,0.00045862412920473576,0.0,2.8047403201702004e-06,0.00045581938888456555,0.8054991484897472,0.6007531051173226,0.0
2014-09-24,-0.0009439791117974597,0.0,2.8034624476295502e-06,-0.0009467825742450893,0.805590568818108,0.6009378101411512,0.0
2014-09-25,0.0006885007342012179,0.0,2.8064277268909257e-06,0.000685694306474327,0.8054316571387735,0.6005624330757359,0.0
2014-09-26,-0.0016315733005602784,0.0,2.8046280198885154e-06,-0.001634377928580167,0.8055767874201829,0.6008389419683215,0.0
2014-09-29,-0.00017963524268118156,0.0,8.428862344049737e-06,-0.0001880641050252313,0.8052906202220199,0.6001883031834764,0.0
2014-09-30,0.000492352549041406,0.0,2.8094897454582397e-06,0.0004895430592959478,0.8052142806775531,0.6001215292591017,0.0
2014-10-01,0.0032329953618626234,0.0,2.808990335687958e-06,0.0032301863715269354,0.8053762938243406,0.6003199993191197,0.0
2014-10-02,-0.0008455899434678853,4.064002133220234e-07,2.7998844594965317e-06,-0.0008487962281407039,0.8043915655335854,0.5999999999903387,0.0020167669422793376
2014-10-03,0.0004690717797717008,0.0,2.8020474263953733e-06,0.00046626973234530544,0.804212864207573,0.599663402080711,0.0
2014-10-06,0.0007467201083064676,0.0,8.401421278143163e-06,0.0007383186870283245,0.8042873650998125,0.5998527806649954,0.0
2014-10-07,0.0012331926788200218,0.0,2.7976078822004763e-06,0.0012303950709378214,0.8043817694930387,0.6001563940924037,0.0
2014-10-08,0.002483190277553336,0.0,2.7946413736912076e-06,0.002480395636179645,0.8046593695754722,0.600650549296014,0.0
2014-10-09,-0.0016888412229136027,0.0,2.7874202550920937e-06,-0.0016916286431686949,0.8051231094158038,0.601641430794081,0.0
2014-10-10,-0.0002914586533833836,0.0,2.7923583947426834e-06,-0.0002942510117781263,0.8048113691104128,0.6009692062941969,0.0
2014-10-13,0.0010939521297125144,0.0,8.380554227020967e-06,0.0010855715754854935,0.8047813692241711,0.6008545496999942,0.0
2014-10-14,0.0008420901787363681,0.0,2.790090047020654e-06,0.0008393000886893475,0.8049723256851089,0.6012957522526013,0.0
2014-10-15,0.0012131948689143796,0.0,2.787463878258379e-06,0.0012104074050361211,0.8051177550046762,0.6016328918918143,0.0
2014-10-16,-0.000447627628298905,1.4470728318584087e-06,2.714209152141909e-06,-0.0004517889102829053,0.7981372681022411,0.5999999999958815,0.0071652426851035456
2014-10-17,0.0007904129311449658,0.0,2.7160283824680625e-06,0.0007876969027624977,0.798093437832599,0.5998233659124305,0.0
2014-10-20,0.0012547366476510476,0.0,8.14167197761073e-06,0.001246594975673437,0.7982550677194479,0.6001410495975867,0.0
2014-10-21,-0.00018654685452853897,0.0,2.710511748876728e-06,-0.0001892573662774157,0.7985143803526072,0.6006470226846059,0.0
2014-10-22,-0.00075343938920633,0.0,2.7104334952096144e-06,-0.0007561498227015396,0.7984357840601637,0.6005741389098618,0.0
2014-10-23,-0.0014327153728075602,0.0,2.713076322476219e-06,-0.0014354284491300364,0.7983291685915517,0.6002745970507877,0.0
2014-10-24,0.0005826233578360642,0.0,2.7163837143745304e-06,0.0005799069741216896,0.797998723161163,0.5997027120118223,0.0
2014-10-27,-4.8272465301856915e-05,0.0,8.14442813245444e-06,-5.641689343431135e-05,0.7981185120278225,0.5999374274714313,0.0
2014-10-28,-0.00025281873833462025,0.0,2.7149625472349644e-06,-0.0002555337008818552,0.7981152667462865,0.599923000798134,0.0
2014-10-29,-0.0011085631744072292,0.0,2.7156564889934174e-06,-0.0011112788308962228,0.7980663808642047,0.5998234571676851,0.0
2014-10-30,0.00048196911975503716,3.399183621214893e-07,2.739726027630245e-06,0.0004788894753652854,0.7995860289409641,0.5995860289239564,0.0016982848577376392
2014-10-31,-5.270633062812042e-05,0.0,2.737817320268765e-06,-5.544414794838919e-05,0.7996414337253649,0.5997807693457452,0.0
2014-11-03,-0.0005903196689897476,0.0,8.215699401513647e-06,-0.0005985353683912612,0.7996766683737686,0.5997613162702701,0.0
2014-11-04,-0.000601032230188679,0.0,2.7396088774436415e-06,-0.0006037718390661227,0.7995212844661648,0.5995298364127792,0.0
2014-11-05,-0.0002215661187336202,0.0,2.7418620368072756e-06,-0.0002243079807704275,0.799446567680762,0.5992906389938308,0.0
2014-11-06,-0.0008023681631666959,0.0,2.741879000775289e-06,-0.0008051100421674712,0.7993606460541379,0.5992034789975418,0.0
2014-11-07,0.0024054382728108765,0.0,2.744686971371579e-06,0.002402693585839505,0.7992454266855235,0.5988832777753982,0.0
2014-11-10,-0.001473001700279286,0.0,8.212532681856167e-06,-0.0014812142329611421,0.7996857616467361,0.599847466388236,0.0
2014-11-11,0.00024828583720304284,0.0,2.742169877566258e-06,0.0002455436673254766,0.7994405013024434,0.5992621002401065,0.0
2014-11-12,-0.00048490667749080804,0.0,2.7414967204084565e-06,-0.0004876481742112165,0.7994924768249526,0.5993632162351351,0.0
2014-11-13,-0.0004984131787016977,1.9729515386465025e-07,2.739726027592992e-06,-0.0005013501998831553,0.8000000000204951,0.6000000000062066,0.0009829481120831526
2014-11-14,5.989885770484023e-05,0.0,2.740502383547386e-06,5.7158355321292846e-05,0.7998589718283711,0.5998022978294121,0.0
2014-11-17,-0.0011670233656500136,0.0,8.221037249679237e-06,-0.0011752444028996928,0.7998731512524139,0.599827911510219,0.0
2014-11-18,0.00029249077545206916,0.0,2.7441686798181016e-06,0.00028974660677225106,0.7996896024722986,0.5993652888455772,0.0
2014-11-19,-0.0013049352762349422,0.0,2.742775405448343e-06,-0.0013076780516403906,0.7997066857404334,0.5994840811427044,0.0
2014-11-20,0.0013316437570272254,0.0,2.746366768994099e-06,0.0013288973902582312,0.7994471699818433,0.5989623958452741,0.0
2014-11-21,0.0019387504665447964,0.0,2.7427219729235354e-06,0.001936007744571873,0.7997160731364386,0.5994973691130204,0.0
2014-11-24,0.00039684012249633537,0.0,8.212266906444661e-06,0.0003886278555898907,0.8001058125535345,0.6002739844967145,0.0
2014-11-25,0.0009845346765505422,0.0,2.7369558680923395e-06,0.0009817977206824499,0.8002352562605035,0.6004374778897629,0.0
2014-11-26,0.001243604110964745,0.0,2.7342713666977602e-06,0.0012408698395980472,0.8004339267323023,0.6008321169633657,0.0
2014-11-28,-0.000795319875486882,3.9994241833677596e-07,5.479452055152148e-06,-0.000801199269960371,0.8000000000160773,0.6000000000030239,0.001984765358114704
2014-12-01,-0.0023968946559080424,0.0,8.227563177844287e-06,-0.0024051222190858866,0.7998891847574083,0.599685147429864,0.0
2014-12-02,-0.0012952083706518837,0.0,2.7485334129427944e-06,-0.0012979569040648265,0.799371206577978,0.5987282674331541,0.0
2014-12-03,0.0006547944098539847,0.0,2.752105527311422e-06,0.0006520423043266733,0.7991132127188122,0.5982095092250783,0.0
2014-12-04,0.0008644667913200748,0.0,2.7503122074020748e-06,0.0008617164791126727,0.7992468643615008,0.5984740732211493,0.0
2014-12-05,-0.0023129443085172685,0.0,2.7479442585466634e-06,-0.0023156922527758153,0.7994224556487134,0.5988225247748069,0.0
2014-12-08,-0.0002944779568138272,0.0,8.264769995931464e-06,-0.00030274272680975864,0.7990035224805407,0.5978941192462084,0.0
2014-12-09,0.0007893398375758641,0.0,2.755757617550234e-06,0.000786584079958314,0.7989509211039877,0.5977806150228206,0.0
2014-12-10,-0.0011772548064275965,0.0,2.7529910662970474e-06,-0.0011800077974938937,0.799067847155688,0.5980994993160037,0.0
2014-12-11,-0.001398802999061004,0.0,2.756243455063922e-06,-0.001401559242516068,0.7988332217797196,0.5976274495600533,0.0
2014-12-12,-0.0011676977428077089,1.3447590788252888e-06,2.7397260276660337e-06,-0.0011717822279142002,0.8000000000057764,0.5999999999861559,0.0066706016291519865
2014-12-15,-0.0021901286809251504,0.0,8.23061574977153e-06,-0.002198359296674922,0.7998131430758283,0.5995348264980545,0.0
2014-12-16,0.0004099447112262947,0.0,2.7483816542222428e-06,0.00040719632957207246,0.7992926300430646,0.598660769284841,0.0
2014-12-17,0.0027901293422670746,0.0,2.7472629788189522e-06,0.002787382079288256,0.7993770713447533,0.5988268738909699,0.0
2014-12-18,0.0009389705091390315,0.0,2.7396265927546974e-06,0.0009362308825462769,0.7999374693208007,0.5999447280497077,0.0
2014-12-19,0.0027389823742338154,0.0,2.7376633460755196e-06,0.00273624471088774,0.8001710831458524,0.6003216588823396,0.0
2014-12-22,0.000329287849330421,0.0,8.18878568502707e-06,0.0003210990636453939,0.8006754742509771,0.601415022581985,0.0
2014-12-23,-0.00247837443321026,0.0,2.728719039211362e-06,-0.0024811031522494714,0.8007476427818078,0.6015511529193783,0.0
2014-12-24,0.0010066014660149586,0.0,2.7355061120495875e-06,0.001003865959902909,0.8002547830133799,0.6005628368337602,0.0
2014-12-26,-7.224205441777934e-05,0.0,5.466722239954609e-06,-7.770877665773396e-05,0.8005015105982437,0.6009661488399006,0.0
2014-12-29,0.0005626054489066951,2.652455054192217e-07,8.198925481990318e-06,0.0005541412779192855,0.7995071867287513,0.60000000000032,0.0013114148822789343
2014-12-30,0.0003379993757045545,0.0,2.7314615450721856e-06,0.0003352679141594823,0.7996266860240002,0.6002299932337307,0.0
2014-12-31,-0.0004774423322286004,0.0,2.7305460805827013e-06,-0.0004801728783091831,0.7996965727977438,0.6003667089152065,0.0
2015-01-02,0.0009726322829211851,0.0,5.464911963906845e-06,0.0009671673709572782,0.7996467422018906,0.6001774555192907,0.0
2015-01-05,-0.0002384935592851021,0.0,8.1876547013942e-06,-0.00024668121398649633,0.799802167899606,0.6005692368323471,0.0
2015-01-06,0.0007875552672032826,0.0,2.730489353614837e-06,0.0007848247778496678,0.7998045929436018,0.6004788701297187,0.0
2015-01-07,0.0022706758426610085,0.0,2.727750840334016e-06,0.0022679480918206744,0.7999207180121465,0.6007949066677633,0.0
2015-01-08,0.00017123702836987278,0.0,2.7215784417013123e-06,0.00016851544992817146,0.8003761822196689,0.6017009559754731,0.0
2015-01-09,0.0017772941850137205,0.0,2.7211198909601275e-06,0.0017745730651227605,0.800412537369289,0.6017707853291996,0.0
2015-01-12,4.0481578400125295e-05,0.0,8.1488988564573e-06,3.2332679543667994e-05,0.8007688087947762,0.6024789366209818,0.0
2015-01-13,0.0004336055836480309,5.009781275509408e-07,2.716211796407881e-06,0.0004303883937240721,0.7982834611377853,0.60000000000001,0.002499937762282918
2015-01-14,0.0020478057583450866,0.0,2.7150432732954015e-06,0.002045090715071791,0.7983734560521499,0.6001752971015857,0.0
2015-01-15,0.0020550744978551183,0.0,2.7095020957171076e-06,0.0020523649957594012,0.7987876685662055,0.6009940155788567,0.0
2015-01-16,-0.0017145289880381262,0.0,2.703952598053466e-06,-0.0017172329406361798,0.7992024878533787,0.6018139481954757,0.0
2015-01-20,0.0005887725251052785,0.0,1.0834415607602292e-05,0.0005779381094976762,0.798859787207147,0.6011317023684051,0.0
2015-01-21,-0.0007681066089997731,0.0,2.7070394006655797e-06,-0.0007708136484004387,0.7989867948144389,0.6013729185658515,0.0
2015-01-22,-0.0005342151508683495,0.0,2.7097207937967527e-06,-0.0005369248716621463,0.7988777414172038,0.601068123470041,0.0
2015-01-23,0.0033350556725267573,0.0,2.7105830126594394e-06,0.003332345089514098,0.7987290830548809,0.6008565231307418,0.0
2015-01-26,-0.0010761370138174017,0.0,8.10651576764602e-06,-0.0010842435295850476,0.7994434412850215,0.6021848909389687,0.0
2015-01-27,0.001337315269277676,0.0,2.7051049150488144e-06,0.0013346101643626272,0.7992338684216036,0.6017612096230402,0.0
2015-01-28,0.002066488063656082,4.956721335675755e-07,2.739726027570268e-06,0.002063252665494944,0.8000000000200975,0.600000000007468,0.002473354152160146
2015-01-29,-0.000339107174053095,0.0,2.7334864256639908e-06,-0.000341840660478759,0.8003713395850416,0.60082683051157,0.0
2015-01-30,0.002557989203549034,0.0,2.7344211619988844e-06,0.0025552547823870352,0.8003058094774009,0.6006930646514824,0.0
2015-02-02,0.00023018094774393213,0.0,8.18235548301389e-06,0.00022199859226091823,0.8008175059190435,0.601713522499039,0.0
2015-02-03,-0.0015056346994879266,0.0,2.7268464715914484e-06,-0.001508361545959518,0.800869894877406,0.6018101024512303,0.0
2015-02-04,-0.0006187919549538476,0.0,2.7315636973334343e-06,-0.000621523518651181,0.8006154616807609,0.6012113117754203,0.0
2015-02-05,-0.00021230126638253444,0.0,2.7326641703747413e-06,-0.00021503393055290917,0.8004505187820783,0.6009660343447223,0.0
2015-02-06,-0.00382171880267206,0.0,2.7332519122780574e-06,-0.003824452054584338,0.8004103328957378,0.6008829432994395,0.0
2015-02-09,-0.0004703336103519133,0.0,8.231235703125777e-06,-0.0004785648460550391,0.7996468250358949,0.5993534229265011,0.0
2015-02-10,-0.0015337299464873101,0.0,2.7444587556347027e-06,-0.0015364744052429448,0.799515320095384,0.5991698309340509,0.0
2015-02-11,-0.0004349966059839929,1.9712113797029612e-07,2.73972602744725e-06,-0.0004379334531494104,0.799540592052446,0.5995405920487967,0.0009848254459478914
2015-02-12,0.0009589874717953584,0.0,2.7403271068779417e-06,0.0009562471446884805,0.7994119575773482,0.5993680787752586,0.0
2015-02-13,-0.0006982711549382754,0.0,2.737709180291875e-06,-0.0007010088641185673,0.7996063237851909,0.599753553623884,0.0
2015-02-17,-0.0020536595513974,0.0,1.0960915185564036e-05,-0.002064620466582964,0.7995122222589173,0.5994755201223737,0.0
2015-02-18,0.00190357321866082,0.0,2.745898033670213e-06,0.0019008273206271497,0.7991084183029478,0.5986578618450221,0.0
2015-02-19,-0.0010546270593414088,0.0,2.7406884581717738e-06,-0.0010573677477995805,0.7994922947251775,0.5994220372786382,0.0
2015-02-20,0.0007534485822408162,0.0,2.743589441159953e-06,0.0007507049927996562,0.7992828035236449,0.5990007743189684,0.0
2015-02-23,0.0011800233480132288,0.0,8.22279589106584e-06,0.0011718005521221628,0.7993923555036303,0.5993043221543614,0.0
2015-02-24,0.002737287412967522,0.0,2.738322591954781e-06,0.002734549090375567,0.7996790703973968,0.5997815211846979,0.0
2015-02-25,0.001083122465666742,0.0,2.7302578731309148e-06,0.0010803922077936112,0.8001845092796315,0.6008756845410748,0.0
2015-02-26,-0.001631793437075451,8.68560772002508e-07,2.7279077248481983e-06,-0.0016353899055723017,0.79913726390869,0.5999999999947716,0.004264011050052564
2015-02-27,0.0016734351263773609,0.0,2.731778830791408e-06,0.0016707033475465694,0.798768229487603,0.5993483748398304,0.0
2015-03-02,-0.0032128720378150595,0.0,8.183456547787442e-06,-0.003221055494362847,0.7991501316163415,0.6000193556201804,0.0
2015-03-03,-0.0004197809067499467,0.0,2.736035372883117e-06,-0.0004225169421228298,0.7984656246007594,0.5987350423802921,0.0
2015-03-04,-0.0002681531603272026,0.0,2.737790461125342e-06,-0.00027089095078832793,0.7984268703271235,0.5985681666649734,0.0
2015-03-05,0.00013942952248797007,0.0,2.738532304744734e-06,0.00013669099018322534,0.7983749897268193,0.5984621314804537,0.0
2015-03-06,-0.005542431733649496,0.0,2.7381580232130866e-06,-0.005545169891672709,0.7984052844403968,0.5985197487458416,0.0
2015-03-09,0.0008190008365146779,0.0,8.258472727978019e-06,0.0008107423637866999,0.7972399817678157,0.596283812053684,0.0
2015-03-10,0.00035237618014626027,0.0,2.75119572856535e-06,0.0003496249844176949,0.7974563966891602,0.5966191085038896,0.0
2015-03-11,0.0011411621414583598,0.0,2.7502341779832296e-06,0.0011384119072803767,0.7975299364776566,0.5967628414848807,0.0
2015-03-12,0.00043731150366146655,1.6816567943318898e-07,2.7397260274559713e-06,0.0004344036119545774,0.7969401266297442,0.5969401266254585,0.000840641876829501
2015-03-13,-0.0017971210414522926,0.0,2.7379376559673747e-06,-0.00179985897910826,0.7969874967779705,0.5971180478923521,0.0
2015-03-16,0.00025762089678584525,0.0,8.230422792423829e-06,0.00024939047399342144,0.7966679738637964,0.5963943525814832,0.0
2015-03-17,0.00013408565300097958,0.0,2.7427902383839446e-06,0.00013134286276259564,0.7967268986617024,0.5965032112596744,0.0
2015-03-18,0.006855707821763262,0.0,2.7424300397718774e-06,0.00685296539172349,0.796756336056622,0.5965589431532748,0.0
2015-03-19,-0.002457340652468571,0.0,2.723764178125245e-06,-0.0024600644166466964,0.7981424016224925,0.5993076166193496,0.0
2015-03-20,0.002851427673981912,0.0,2.730481338104614e-06,0.0028486971926438075,0.7976473247706656,0.5983221870890288,0.0
2015-03-23,0.0008560996992149945,0.0,8.168175356111781e-06,0.0008479315238588827,0.7982248515510308,0.5994659178856443,0.0
2015-03-24,0.0012943964122303388,0.0,2.7198236100473962e-06,0.0012916765886202915,0.7983605404137128,0.5998134168802529,0.0
2015-03-25,-0.0010008787456372123,0.0,2.7169090224156536e-06,-0.0010035956546596279,0.7986667366507538,0.6003323780144112,0.0
2015-03-26,-0.00240538288317673,3.0493016339455957e-07,2.7397260274427143e-06,-0.0024084275393675674,0.7993830660108489,0.599383066007531,0.0015241525523512073
2015-03-27,0.001260482645526542,0.0,2.746340389268117e-06,0.001257736305137274,0.7989017801762556,0.598418931759683,0.0
2015-03-30,0.0002805413945650528,0.0,8.228671668700422e-06,0.0002723127228963524,0.7991571338809138,0.5989261232758702,0.0
2015-03-31,0.0006552830575576265,0.0,2.7415461799278376e-06,0.0006525415113776987,0.7991764086283392,0.599043537493607,0.0
2015-04-01,0.002341279655855568,0.0,2.74095490992688e-06,0.002338538700945641,0.799397455792579,0.5993077473679168,0.0
2015-04-02,-0.00042975212401932035,0.0,2.733366291003212e-06,-0.00043248549031032357,0.7997810693325312,0.6002453300892968,0.0
2015-04-06,0.001313094994603057,0.0,1.0940580296012128e-05,0.0013021544143070449,0.7997406921420978,0.6000751017398763,0.0
2015-04-07,0.0010226023983930718,0.0,2.7315881244696657e-06,0.0010198708102686022,0.8000120479170781,0.6006061148307927,0.0
2015-04-08,6.0956538494905524e-05,0.0,2.7294018400529302e-06,5.822713665485259e-05,0.800262093124138,0.601015758800274,0.0
2015-04-09,-0.001455501076026046,0.0,2.7292429240516465e-06,-0.0014582303189500977,0.8002764518562663,0.6010417184004962,0.0
2015-04-10,0.00017735560697196653,9.323863994701846e-08,2.732631019987826e-06,0.00017452973731203167,0.7994820644564178,0.5999999999973064,0.0004618289715952739
2015-04-13,-1.1624989159989141e-05,0.0,8.196462533513305e-06,-1.9821451693502445e-05,0.7995198800688109,0.6000726250866538,0.0
2015-04-14,0.0009353293586229726,0.0,2.73161284398211e-06,0.0009325977457789905,0.799480632024077,0.6000728944133831,0.0
2015-04-15,0.0010831525672984196,0.0,2.729662656931911e-06,0.0010804229046414877,0.7997136210463422,0.6004482470903125,0.0
2015-04-16,-0.00031927975355882065,0.0,2.7261223565444514e-06,-0.0003220058759153651,0.7998891248012923,0.6008821927735473,0.0
2015-04-17,0.0006961355891676753,0.0,2.7275949514128053e-06,0.0006934079942162625,0.7998707915510683,0.6007563600979335,0.0
2015-04-20,-0.0008014329696260125,0.0,8.175332559201166e-06,-0.0008096083021852137,0.7999688249791289,0.6010357327052337,0.0
2015-04-21,-0.0004988322990879583,0.0,2.7273189131012725e-06,-0.0005015596180010596,0.7998149288160449,0.600720648159652,0.0
2015-04-22,-0.0016489030513278094,0.0,2.7292823650369062e-06,-0.0016516323336928462,0.7997606266017374,0.6005230139540436,0.0
2015-04-23,0.0010112306113195077,0.0,2.733201756964673e-06,0.001008497409562543,0.7993885953715072,0.5998648671130861,0.0
2015-04-24,0.0014921680748024191,1.3609190670420265e-07,2.7397260274901143e-06,0.0014892922568682247,0.7999493297119212,0.5999493297051429,0.0006801881130071435
2015-04-27,-0.00017551432603709173,0.0,8.206955527150982e-06,-0.0001837212815642427,0.8002496921166856,0.6005471076226782,0.0
2015-04-28,-0.0019859964270985586,0.0,2.7367510124763353e-06,-0.001988733178111035,0.8002647385143209,0.6004819146035484,0.0
2015-04-29,-0.0023424048622931824,0.0,2.7422045255980565e-06,-0.0023451470668187802,0.7998694690384934,0.5996885386698353,0.0
2015-04-30,-0.0002707887152643609,0.0,2.748650515291859e-06,-0.0002735373657796528,0.7994017789132397,0.598750291296934,0.0
2015-05-01,-0.0013952098905929673,0.0,2.7494025796307584e-06,-0.001397959293172598,0.7993496421934234,0.5986432538803778,0.0
2015-05-04,-0.001063488089006522,0.0,8.257954309733725e-06,-0.0010717460433162557,0.7990276961433643,0.5980841412731768,0.0
2015-05-05,-0.0007620293394455436,0.0,2.7562054654724638e-06,-0.0007647855449110161,0.7988641931837923,0.5976611942043025,0.0
2015-05-06,-0.0024093749581083354,0.0,2.7583149849017454e-06,-0.002412133273093237,0.798713008007441,0.5973560141096136,0.0
2015-05-07,0.0011479737948204038,0.0,2.7649844960041304e-06,0.0011452088103243996,0.7982290679436689,0.5963851997353674,0.0
2015-05-08,0.0027693082824965603,2.818278740620012e-07,2.7397260274912087e-06,0.0027662867285950074,0.7970098747021669,0.5970098746953089,0.0014088186455449986
2015-05-11,-0.004356273431352833,0.0,8.198291035368152e-06,-0.0043644717223882004,0.7976163473652852,0.5981245988379934,0.0
2015-05-12,-0.0003532973756852346,0.0,2.7441448096507957e-06,-0.0003560415204948854,0.7966937416209152,0.5963711705164072,0.0
2015-05-13,-0.0005319354815862611,0.0,2.745720622348725e-06,-0.0005346812022086098,0.7966677612634261,0.5962301558319693,0.0
2015-05-14,0.001913318827483097,0.0,2.747189492930085e-06,0.001910571637990167,0.7965617323665776,0.5960168993826815,0.0
2015-05-15,0.0028405059522938554,0.0,2.7413531859220416e-06,0.0028377645991079334,0.7969087907190726,0.5967900081467634,0.0
2015-05-18,-0.002762687225683956,0.0,8.200787652880843e-06,-0.002770888013336837,0.797486218512217,0.5979337189587829,0.0
2015-05-19,-0.002233546365864096,0.0,2.7411914187376515e-06,-0.0022362875572828336,0.796931739892018,0.5968247663241694,0.0
2015-05-20,0.0006018409145722428,0.0,2.7473352503718726e-06,0.0005990935793218709,0.7964793503869201,0.5959238771097737,0.0
2015-05-21,0.0024357757652471355,0.0,2.7456903249273256e-06,0.0024330300749222083,0.7966039509891868,0.5961685572694921,0.0
2015-05-22,-0.00016292166428624673,4.391530472293927e-08,2.7397260274632824e-06,-0.00016570530561843295,0.7969319713749885,0.5969319713701686,0.00021947425219225047
2015-05-26,0.0008146782636077377,0.0,1.0960720359366494e-05,0.0008037175432483712,0.7969011004510348,0.5968679538925962,0.0
2015-05-27,9.146001280887809e-05,0.0,2.7379795276607393e-06,8.872203328121735e-05,0.797075155428831,0.597202649909597,0.0
2015-05-28,-0.0004281806663829702,0.0,2.73773663010028e-06,-0.0004309184030130705,0.7970958954730698,0.5972411214757496,0.0
2015-05-29,0.0010033849775078557,0.0,2.738319927457302e-06,0.0010006466575803983,0.7969675840634718,0.5970702293590886,0.0
2015-06-01,-0.0021634218470760716,0.0,8.206747727687254e-06,-0.002171628594803759,0.79717328026254,0.5974757522221501,0.0
2015-06-02,-0.0022969245204518575,0.0,2.7415361742456345e-06,-0.0022996660566261032,0.7967400819600894,0.5966079412401581,0.0
2015-06-03,-0.0030874500355092555,0.0,2.748454354905411e-06,-0.003090198489864161,0.7963180517369236,0.5956808838288287,0.0
2015-06-04,0.0010632083017080448,0.0,2.7569739516467385e-06,0.001060451327756398,0.7956894400072783,0.5944303415370664,0.0
2015-06-05,-0.0026826471964164424,0.0,2.753453160681182e-06,-0.0026854006495771235,0.7958648075999586,0.5948627268702322,0.0
2015-06-08,2.7744735273670116e-05,2.791373195084802e-07,8.21917808238099e-06,1.9246419871780646e-05,0.7939225512627833,0.5939225512581792,0.0013953563665030227
2015-06-09,-0.0017823255314280296,0.0,2.7390708975730046e-06,-0.0017850646023256026,0.7938910403195122,0.5939388647966827,0.0
2015-06-10,-0.0012177835087982278,0.0,2.7439690596117132e-06,-0.0012205274778578396,0.7935252085489557,0.5932154671973007,0.0
2015-06-11,0.0028315130830070478,0.0,2.7479264575937787e-06,0.002828765156549454,0.7933197475017518,0.592721116097406,0.0
2015-06-12,-0.0002639028761606352,0.0,2.7407725023856885e-06,-0.00026664364866302087,0.7939490954455427,0.5938727027713875,0.0
2015-06-15,-0.0003690449595975623,0.0,8.222717972376605e-06,-0.0003772676775699389,0.7938532614554908,0.5937671241276603,0.0
2015-06-16,0.001978594111563001,0.0,2.7425381778922674e-06,0.0019758515733851087,0.7938273205601591,0.5936220335740237,0.0
2015-06-17,0.0005144767133058836,0.0,2.735931741771569e-06,0.000511740781564112,0.7941491470309233,0.5944261298815987,0.0
2015-06-18,0.0004151325276856156,0.0,2.7357300306215886e-06,0.000412396797654994,0.7943445991818175,0.5946363069464414,0.0
2015-06-19,0.0017892485113800202,0.0,2.7334051225205683e-06,0.0017865151062574996,0.7943447172693956,0.5948061433253942,0.0
2015-06-22,-0.002106284601989834,1.2143360659593686e-07,8.219178082244528e-06,-0.0021146252136786743,0.7953212740178172,0.5953212740165337,0.0006070771584369139
2015-06-23,-0.0008695717994630241,0.0,2.746135620104642e-06,-0.0008723179350831287,0.7949399753209184,0.5944720750532795,0.0
2015-06-24,0.0008751147027443101,0.0,2.747928865814223e-06,0.0008723667738784959,0.7947195726575647,0.5941207654531263,0.0
2015-06-25,-0.0011018993018387917,0.0,2.7455337533911756e-06,-0.001104644835592183,0.7949012419283339,0.5944772779307781,0.0
2015-06-26,-0.002107589483089858,0.0,2.7491744370895794e-06,-0.0021103386575269476,0.7947213064452611,0.5940315725377218,0.0
2015-06-29,0.0023400580252442493,0.0,8.263147881372208e-06,0.002331794877362877,0.7942457166241544,0.5931757848440975,0.0
2015-06-30,-0.00027598497568947307,0.0,2.7485792725342707e-06,-0.0002787335549620073,0.7947767394186633,0.5941304525236614,0.0
2015-07-01,-0.0008851393175867092,0.0,2.7493456074093706e-06,-0.0008878886631941185,0.7947222702065653,0.5940200408656814,0.0
2015-07-02,0.001879534053736636,0.0,2.751788889567776e-06,0.0018767822648470681,0.7945425962526054,0.5936620073141579,0.0
2015-07-06,0.0009250691720852682,0.0,1.0986536221938127e-05,0.0009140826358633301,0.794930219368848,0.5944259333184773,0.0
2015-07-07,0.0009902114954488189,8.533242934551241e-08,2.73972602741489e-06,0.0009873864369920585,0.7947018849098819,0.5947018849085949,0.0004265904983903751
2015-07-08,0.0004585235449429357,0.0,2.736421709153975e-06,0.0004557871232337817,0.7948632830620757,0.5951044982938355,0.0
2015-07-09,-0.0017693204608815595,0.0,2.7351750515856355e-06,-0.0017720556359331451,0.7949594743151306,0.5952916955493792,0.0
2015-07-10,-0.0010421679806991194,0.0,2.7400305381433845e-06,-0.0010449080112372628,0.7945982261191461,0.5945759968346791,0.0
2015-07-13,-0.0009711633697350568,0.0,8.228689838364444e-06,-0.0009793920595734212,0.7943861185577483,0.5941546658242135,0.0
2015-07-14,0.0002531679869132254,0.0,2.7455856175409053e-06,0.0002504224012956845,0.7941927812917853,0.5937650312112993,0.0
2015-07-15,0.0009041313818533652,0.0,2.7455019161191483e-06,0.000901385879937246,0.794291120853428,0.5938694809767303,0.0
2015-07-16,0.0006902705854078678,0.0,2.7424262492360575e-06,0.0006875281591586318,0.7944350908331537,0.5942379746389215,0.0
2015-07-17,-5.557553519216292e-05,0.0,2.7405420494056642e-06,-5.8316077241568585e-05,0.7945790659360474,0.594519496329434,0.0
2015-07-20,-0.001296549014062403,0.0,8.223913908217749e-06,-0.0013047729279706208,0.7946138280532127,0.5944985896199142,0.0
2015-07-21,0.0006533522638143888,9.983444122420237e-08,2.7397260274145242e-06,0.0006505127033457501,0.793810850361668,0.5938108503604078,0.0004988209760714013
2015-07-22,-0.00018599178842719713,0.0,2.7385471127962782e-06,-0.0001887303355399934,0.7939916867368249,0.5940777475026965,0.0
2015-07-23,0.0006844399955315232,0.0,2.7384617902497564e-06,0.0006817015337412735,0.7939115729507386,0.5940038622625065,0.0
2015-07-24,-0.0005957436792880518,0.0,2.736596248389804e-06,-0.0005984802755364416,0.7940547046362307,0.5942831785037752,0.0
2015-07-27,-9.223956185975638e-05,0.0,8.216511735591296e-06,-0.00010045607359534767,0.7939780767169503,0.5940429578175621,0.0
2015-07-28,-8.062924140849381e-06,0.0,2.738510128018577e-06,-1.0801434268867959e-05,0.7939216295525336,0.5940103902071777,0.0
2015-07-29,0.0006797857779862663,0.0,2.7385397081753237e-06,0.0006770472382780909,0.7939221421262326,0.5940087434294339,0.0
2015-07-30,0.0008730631125112108,0.0,2.737288718569468e-06,0.0008703258237926413,0.7941082458532538,0.5942861693976826,0.0
2015-07-31,0.0016250768836463673,0.0,2.7349084571134397e-06,0.0016223419751892538,0.7942900178516413,0.5946417004823602,0.0
2015-08-03,1.100786088888748e-05,0.0,8.19143606078189e-06,2.816424828105591e-06,0.7946259397187091,0.5953009955730165,0.0
2015-08-04,-0.0017050534648079937,8.553224824055502e-08,2.7304709967591107e-06,-0.0017078694680529934,0.7946259605954693,0.5953015778320541,0.00042742920843248655
2015-08-05,-0.0013411615050641045,0.0,2.7345408580219212e-06,-0.0013438960459221264,0.7942335267583402,0.59461204412274,0.0
2015-08-06,3.652988431607838e-05,0.0,2.73822074204996e-06,3.3791663574028424e-05,0.7939593641033128,0.5940692499336657,0.0
2015-08-07,0.0007225672832216005,0.0,2.7381282161423705e-06,0.0007198291550054581,0.7939690644521086,0.5940857046737155,0.0
2015-08-10,-0.0009372408367773482,0.0,8.208475948121492e-06,-0.0009454493127254698,0.7941200010060331,0.5943804196017434,0.0
2015-08-11,0.0016569930828837962,0.0,2.7393503267553382e-06,0.001654253732557041,0.7939773540292788,0.5940047801761392,0.0
2015-08-12,-0.0007456457111292888,0.0,2.734224895046834e-06,-0.0007483799360243356,0.7942764422550538,0.5946780249166349,0.0
2015-08-13,-0.0010480792015773329,0.0,2.7362726666099778e-06,-0.0010508154742439428,0.7941251038383276,0.5943771991757991,0.0
2015-08-14,-2.337520683987811e-05,0.0,2.739151008876332e-06,-2.611435784875444e-05,0.7939112788937839,0.5939532552458116,0.0
2015-08-17,0.0006266692004003707,0.0,8.21587063054512e-06,0.0006184533297698256,0.793864909218041,0.5939453905414429,0.0
2015-08-18,-0.0014242020040578765,8.199007897803175e-08,2.739726027389599e-06,-0.0014270237201642441,0.793794752611273,0.5937947526118325,0.00040981933399843185
2015-08-19,0.0013796008349255516,0.0,2.74424136444752e-06,0.001376856593561104,0.7935467050646013,0.5932170854599323,0.0
2015-08-20,-0.0002647875904357465,0.0,2.7410708411070073e-06,-0.00026752866127685354,0.7938773089749817,0.59377913757417,0.0
2015-08-21,4.9154589325862914e-05,0.0,2.7412014827923593e-06,4.641338784307056e-05,0.7937808828172063,0.593673174573364,0.0
2015-08-24,-0.0028698227353479615,0.0,8.223222780748006e-06,-0.0028780459581287097,0.7937931947750955,0.593694773776894,0.0
2015-08-25,-0.0005773976164116831,0.0,2.7489859682039797e-06,-0.0005801466023798871,0.793206256099069,0.5925302804201783,0.0
2015-08-26,-0.0006817981642783214,0.0,2.750581708836856e-06,-0.0006845487459871582,0.7930889663518657,0.5922965016067753,0.0
2015-08-27,0.0028992639693778263,0.0,2.7530712528566746e-06,0.0028965108981249695,0.7929941714290769,0.5920199699705396,0.0
2015-08-28,0.0005507687102006141,0.0,2.744516384304354e-06,0.0005480241938163097,0.7935507167728452,0.5932010207186272,0.0
2015-08-31,-0.0006889661557168627,0.0,8.230849244207474e-06,-0.0006971970049610702,0.7937105755829249,0.5934265773072098,0.0
2015-09-01,0.0009908211747730637,9.587989376670126e-08,2.739726027418862e-06,0.0009879855688518782,0.7930955733224686,0.5930955733208917,0.00047931413948157364
2015-09-02,-0.0008526964421591128,0.0,2.737021889290348e-06,-0.0008554334640484032,0.7933026229540113,0.593500025035816,0.0
2015-09-03,0.001436074083447902,0.0,2.738762900733866e-06,0.0014333353205471682,0.7930844247551975,0.5931547330016252,0.0
2015-09-04,0.0006596877237500111,0.0,2.7354444248702902e-06,0.0006569522793251409,0.7934272219043093,0.593739778888778,0.0
2015-09-08,-0.0011630776858858629,0.0,1.0932189887863195e-05,-0.001174009875773726,0.7935216963478552,0.594009230894352,0.0
2015-09-09,0.0006693539331622578,0.0,2.7362598680737406e-06,0.0006666176732941841,0.7932899488963358,0.5935429785269527,0.0
2015-09-10,-0.0003663977226796097,0.0,2.7344370440136226e-06,-0.0003691321597236233,0.7934303881102501,0.5938164838972557,0.0
2015-09-11,0.0006341998365800952,0.0,2.734848612656284e-06,0.000631464987967439,0.7933131773029917,0.593669228579083,0.0
2015-09-14,-0.00024512517758909725,0.0,8.201161609762356e-06,-0.0002533263391988596,0.7934899826070468,0.5939283834361629,0.0
2015-09-15,-0.002849591857393315,0.0,2.734413235482568e-06,-0.0028523262706287977,0.7934458581640821,0.5938336919738545,0.0
2015-09-16,0.00017209541199694512,2.0107267155620455e-08,2.7397260274186455e-06,0.00016933557870237086,0.7927134483606243,0.5927134483590631,0.00010053197891568555
2015-09-17,0.0037393804246329152,0.0,2.7392621728735525e-06,0.0037366411624600417,0.7927513027720113,0.5927851641522421,0.0
2015-09-18,0.0013506127331837112,0.0,2.7290646376135883e-06,0.0013478836685460976,0.7935255629147893,0.5943038443689975,0.0
2015-09-21,-0.0026073482438225284,0.0,8.176173382266395e-06,-0.0026155244172047947,0.7938062172117735,0.5948526649099579,0.0
2015-09-22,1.63838893154026e-05,0.0,2.733135815054675e-06,1.3650753500347923e-05,0.793317325407756,0.5937984109087648,0.0
2015-09-23,-0.0006316147168203557,0.0,2.7330985062004813e-06,-0.0006343478153265562,0.7933228798419785,0.5938066888893434,0.0
2015-09-24,-0.0005219347071414193,0.0,2.734235303163464e-06,-0.0005246689424445827,0.793150769459333,0.5935515923284002,0.0
2015-09-25,-0.0018741389805536572,0.0,2.7356706245771984e-06,-0.0018768746511782343,0.7930449207921139,0.5933409651979782,0.0
2015-09-28,-0.0011776535358128822,0.0,8.222444371142602e-06,-0.0011858759801840247,0.7926585024618737,0.5925790227640705,0.0
2015-09-29,0.0007529100820634275,0.0,2.7446691052198637e-06,0.0007501654129582077,0.7924643752640083,0.5921035305829582,0.0
2015-09-30,0.0014763706982747992,6.151055619404592e-07,2.739726027417974e-06,0.0014730158666854407,0.7895520572942492,0.589552057292737,0.0030706299263481562
2015-10-01,-0.0005081843513676964,0.0,2.735098076056722e-06,-0.0005109194494437531,0.7898212738039908,0.59015911425185,0.0
2015-10-02,0.0031330400002869286,0.0,2.7370947382936335e-06,0.003130302905548635,0.7897602639247707,0.5899523480293354,0.0
2015-10-05,0.0002689853048617043,0.0,8.185660617666572e-06,0.0002607996442440377,0.7904190528672902,0.5912346445040702,0.0
2015-10-06,0.0015536236404433054,0.0,2.727245609178628e-06,0.0015508963948341267,0.7904383355642384,0.5913494060941985,0.0
2015-10-07,0.0011982990363549174,0.0,2.723022483426198e-06,0.0011955760138714913,0.7907655637427266,0.5919849224526141,0.0
2015-10-08,-0.00037691539523715655,0.0,2.719770790705718e-06,-0.00037963516602786227,0.7910181404638139,0.5924748727422966,0.0
2015-10-09,0.000257842777638593,0.0,2.720803703471576e-06,0.00025512197393512143,0.7909414942740857,0.5923228239206607,0.0
2015-10-12,0.0010244478837826447,0.0,8.160329231113575e-06,0.001016287554551531,0.7909975361989176,0.5924295249084871,0.0
2015-10-13,-0.0009661523062536112,0.0,2.717348136611806e-06,-0.000968869654390223,0.7912178791991243,0.5928514652264626,0.0
2015-10-14,0.0019338021098907914,1.4413685700194164e-07,2.739726027402581e-06,0.001930918247006387,0.791738724560398,0.5917387245600095,0.0007206042253197764
2015-10-15,-7.610013733442983e-05,0.0,2.7344460356571373e-06,-7.883458337008698e-05,0.7921429633681026,0.5925284027651316,0.0
2015-10-16,0.0006516338121469775,0.0,2.7346616215666416e-06,0.0006488991505254108,0.7921293104149233,0.5924990120405587,0.0
2015-10-19,0.0001684804227496513,0.0,8.198664758102224e-06,0.00016028175799154908,0.7922668429456761,0.5927660004985218,0.0
2015-10-20,-0.0011713735181604651,0.0,2.7324502907643125e-06,-0.0011741059684512295,0.7923083307962796,0.5928394595704847,0.0
2015-10-21,0.0005934612066419,0.0,2.735064183458737e-06,0.0005907261424584413,0.7920232690638938,0.5923635836714061,0.0
2015-10-22,0.00114361857210629,0.0,2.7340471749961643e-06,0.0011408845249312937,0.7921924202195787,0.5926069764448588,0.0
2015-10-23,-0.0007696680801980348,0.0,2.7309314975121765e-06,-0.000772399011695547,0.7924319654252827,0.5930739661068938,0.0
2015-10-26,0.0004942555493228693,0.0,8.199127490506058e-06,0.0004860564218323632,0.7922742491921307,0.5927621469231499,0.0
2015-10-27,2.543977061067848e-05,0.0,2.7311175276677404e-06,2.270865308301074e-05,0.7923397659972382,0.5929681864774932,0.0
2015-10-28,-0.001790738919037539,2.453211351265264e-07,2.7397260274295946e-06,-0.0017937239662000953,0.7935735697067202,0.5935735697043599,0.0012263570811013313
2015-10-29,-0.0018252679050943515,0.0,2.744649170425275e-06,-0.0018280125542647768,0.7932056227232772,0.5928462332822322,0.0
2015-10-30,0.000835381663735167,0.0,2.7496756119638683e-06,0.0008326319881232032,0.7928296573852598,0.5921033377118974,0.0
2015-11-02,-0.0005170491274040206,0.0,8.242164146373096e-06,-0.0005252912915503937,0.7930047579208435,0.592445430359098,0.0
2015-11-03,4.160269340359921e-05,0.0,2.748831986295213e-06,3.885386141730399e-05,0.7929042144723243,0.5922394794727734,0.0
2015-11-04,-0.0006966119813681037,0.0,2.7493262395800398e-06,-0.0006993613076076838,0.7929588861425195,0.5922580706531767,0.0
2015-11-05,-0.0006026958754659997,0.0,2.750648885108893e-06,-0.0006054465243511086,0.7927728320189171,0.5919754634059681,0.0
2015-11-06,-0.0032303092027461,0.0,2.7523152648199425e-06,-0.00323306151801092,0.7926500433572318,0.5917310290253759,0.0
2015-11-09,-0.0013496845649961528,0.0,8.283727595372175e-06,-0.001357968292591525,0.791980255040033,0.5904095502193101,0.0
2015-11-10,0.000446093147091412,0.0,2.765601920493097e-06,0.0004433275451709189,0.7917498182197064,0.5898608780237102,0.0
2015-11-11,-0.0002811328246752865,2.611189997291036e-07,2.7397260274556147e-06,-0.00028413366970247127,0.7904953202707504,0.5904953202664908,0.0013054274823540574
2015-11-12,-0.0002935270397010152,0.0,2.741103951444558e-06,-0.00029626814365245975,0.7904825232829368,0.590381934827484,0.0
2015-11-13,0.0005933164290908814,0.0,2.741916293894706e-06,0.0005905745127969867,0.790423173449512,0.5902632839951986,0.0
2015-11-16,0.0005226564091195532,0.0,8.219096596939808e-06,0.0005144373125226133,0.7905058787238646,0.5905078615316626,0.0
2015-11-17,0.0007119400014665764,0.0,2.7388889570972608e-06,0.0007092011125094792,0.7906655199909037,0.590726626122804,0.0
2015-11-18,0.0006769993881180879,0.0,2.736349564846351e-06,0.0006742630385532415,0.7907729327317775,0.5910194144979938,0.0
2015-11-19,0.0003009358217933888,0.0,2.7345057886645885e-06,0.00029820131600472423,0.7909166462587646,0.5912977236862498,0.0
2015-11-20,0.00024623642570988964,0.0,2.7342883628537844e-06,0.00024350213734703586,0.7910253470892085,0.5914222966008821,0.0
2015-11-23,0.00015702333554912432,0.0,8.199075303231875e-06,0.00014882426024589245,0.7910353279262754,0.5915244955476331,0.0
2015-11-24,0.0003528731637022714,0.0,2.7332159510365633e-06,0.0003501399477512348,0.7911182398475054,0.5915934754218363,0.0
2015-11-25,0.00017951577646178562,1.1383606287505714e-07,2.7397260274447057e-06,0.00017666221437146585,0.7911702236906496,0.5911702236871861,0.0005689333849907413
2015-11-27,0.0003519435482263599,0.0,5.478484213735834e-06,0.00034646506401262404,0.7912099625630565,0.5912452887616984,0.0
2015-11-30,-0.0002383529176442908,0.0,8.21667646400646e-06,-0.00024656959410829726,0.791331462817364,0.59139233552654,0.0
2015-12-01,0.0028039185029904296,0.0,2.7395676487516714e-06,0.002801178935341678,0.7912882175143104,0.5912997791554386,0.0
2015-12-02,-0.0013851484468534018,0.0,2.7313178203386466e-06,-0.0013878797646737404,0.7918303564542025,0.5924441555694814,0.0
2015-12-03,-0.004261521800181096,0.0,2.735113829476458e-06,-0.004264256914010572,0.7915437755963383,0.5918804660445568,0.0
2015-12-04,0.001257968841531698,0.0,2.747427642331402e-06,0.0012552214138893665,0.7906976512364174,0.590135433346225,0.0
2015-12-07,-0.0003391099727345878,0.0,8.23195000706691e-06,-0.0003473419227416547,0.7909627866505469,0.5906520031452519,0.0
2015-12-08,-0.0012841184577126262,0.0,2.7449367673028272e-06,-0.001286863394479929,0.7908983888448354,0.5905180048317292,0.0
2015-12-09,0.0007535846820083543,0.0,2.747872811982759e-06,0.0007508368091963715,0.7905878422068017,0.5899931269320603,0.0
2015-12-10,-0.001216257089005239,1.715519022732859e-07,2.7397260274436634e-06,-0.001219168366934956,0.789846718106868,0.5898467181034805,0.0008569464136783528
2015-12-11,-0.001773869500689339,0.0,2.7436731083143356e-06,-0.0017766131737976532,0.7896371135508317,0.589348976643885,0.0
2015-12-14,-0.0029317623053261082,0.0,8.247471733339761e-06,-0.002940009777059448,0.7893093375597617,0.5886208587151611,0.0
2015-12-15,0.001401434279057244,0.0,2.7572636264661208e-06,0.0013986770154307778,0.7886963502352433,0.5874161055032167,0.0
2015-12-16,0.0001203781423690904,0.0,2.7528105465003877e-06,0.00011762533182259001,0.7889502944109557,0.5879951245164274,0.0
2015-12-17,0.00024256199118281383,0.0,2.753088658732773e-06,0.00023980890252408104,0.7890218056011822,0.5880463335136898,0.0
2015-12-18,0.00035307688210789743,0.0,2.751826871746482e-06,0.00035032505523615096,0.7890312140513563,0.5881478524138634,0.0
2015-12-21,-0.00045970134134400576,0.0,8.254394084485928e-06,-0.0004679557354284917,0.7891517575979391,0.5882948348754482,0.0
2015-12-22,0.0006652642902829719,0.0,2.7521510603260188e-06,0.0006625121392226459,0.789017370546042,0.5881103431422426,0.0
2015-12-23,0.0009698401012107657,0.0,2.7503289340203532e-06,0.0009670897722767453,0.7891598068844755,0.58838579470099,0.0
2015-12-24,0.000907336187523199,2.2127445310919848e-07,2.7397260274425183e-06,0.0009043751870426472,0.788260771091427,0.5882607710881229,0.001105487858685833
2015-12-28,-0.0008915561926254968,0.0,1.0951396274972235e-05,-0.000902507588900469,0.7884987417186106,0.5886357597003673,0.0
2015-12-29,-0.0007936617447221123,0.0,2.739723146917962e-06,-0.0007964014678690303,0.7882749159985761,0.588275126273565,0.0
2015-12-30,0.00048028991984833596,0.0,2.7419068055227896e-06,0.0004775480130428132,0.7881089053429209,0.5879497085397573,0.0
2015-12-31,0.0004373543033530062,0.0,2.7411973131173784e-06,0.0004346131060398888,0.7882565328692418,0.5881491290116733,0.0
2016-01-04,-1.3024797605063464e-05,0.0,1.0957629823965578e-05,-2.3982427429029042e-05,0.7883075313316615,0.5883307870442899,0.0
2016-01-05,0.0004447965170269402,0.0,2.740072183976712e-06,0.0004420564448429635,0.7883571413034062,0.5883318718731063,0.0
2016-01-06,0.0018491641383947635,0.0,2.73886145262016e-06,0.0018464252769421433,0.7884533969148766,0.5885165108736051,0.0
2016-01-07,-0.0006688473613080205,0.0,2.7326154906119465e-06,-0.0006715799767986324,0.7887585487378025,0.5892776179231303,0.0
2016-01-08,0.00020600630254155125,0.0,2.73505281611748e-06,0.00020327124972543379,0.7886631896554135,0.5890043340788373,0.0
2016-01-11,-0.0015643127660938821,1.2395864456648792e-07,8.203490914502521e-06,-0.001572640215652951,0.7880897328427473,0.588471453923186,0.0006191412767051208
2016-01-12,0.0006147516307004651,0.0,2.7388041250100437e-06,0.0006120128265754551,0.7877642898793303,0.5878315887535971,0.0
2016-01-13,-0.00035807210420501774,0.0,2.737727483150259e-06,-0.000360809831688168,0.7879405302196745,0.5880864239497056,0.0
2016-01-14,-0.0004114818847104019,0.0,2.7381169064742595e-06,-0.00041422000161687615,0.7878230207261172,0.5879404865534965,0.0
2016-01-15,-0.0014149679419664168,0.0,2.738649714381381e-06,-0.0014177065916807982,0.7876939009328394,0.5877724717829984,0.0
2016-01-19,-0.0006660049662804929,0.0,1.0970151313353213e-05,-0.0006769751175938461,0.7873952283964103,0.5871899669277143,0.0
2016-01-20,-0.00023705511302937125,0.0,2.74499882356847e-06,-0.00023980011185293973,0.7873062071933282,0.58692129307283,0.0
2016-01-21,5.375465850723818e-05,0.0,2.745657232479775e-06,5.100900127475841e-05,0.7872579366215468,0.5868249586505233,0.0
2016-01-22,0.002117259693303289,0.0,2.7461175367817855e-06,0.0021145135757665075,0.787315358923998,0.5868487787389276,0.0
2016-01-25,-0.0008918783850009327,0.0,8.217366162339913e-06,-0.0009000957511632727,0.7876791995079382,0.5877232895576671,0.0
2016-01-26,0.0017466066383460383,4.0941147797120133e-07,2.7397260274407026e-06,0.0017434575008406265,0.7854949029330014,0.58549490292983,0.002045221963796612
2016-01-27,0.0004204079795496381,0.0,2.7343568433682834e-06,0.0004176736227062698,0.7858275104178996,0.5862194608520148,0.0
2016-01-28,0.001438410113085128,0.0,2.733815902054747e-06,0.0014356762971830734,0.7859635079796569,0.5863949471296604,0.0
2016-01-29,0.0023142869737356984,0.0,2.7298966541348483e-06,0.0023115570770815635,0.7862730844622813,0.5869906287104374,0.0
2016-02-01,-0.0019909541495954724,0.0,8.172589359785717e-06,-0.001999126738955258,0.7868121863926377,0.5879458453045185,0.0
2016-02-02,0.0007600631552623741,0.0,2.7284570203477982e-06,0.0007573346982420263,0.7863059981951663,0.587128635709777,0.0
2016-02-03,0.0007088609701833089,0.0,2.726392228911147e-06,0.0007061345779543977,0.7864704399970274,0.5874438072865139,0.0
2016-02-04,0.00023097346615645286,0.0,2.7250671159709e-06,0.00022824839904048196,0.786667545847697,0.5877376463818214,0.0
2016-02-05,-0.0008801728085242537,0.0,2.725041008386898e-06,-0.0008828978495326405,0.7867624411886611,0.5878344475764176,0.0
2016-02-08,0.0002978323050279684,0.0,8.18234720190879e-06,0.00028964995782605963,0.7865767352882005,0.5874729533750866,0.0
2016-02-09,-0.0012226165062872605,5.047265988221244e-07,2.7397260274522896e-06,-0.0012258609589135348,0.7850801539010026,0.5850801538969855,0.002520433298112565
2016-02-10,0.0008013162168473716,0.0,2.743688492121231e-06,0.0007985725283552504,0.784863403936282,0.584574144011432,0.0
2016-02-11,0.000662147338630626,0.0,2.7408998654265867e-06,0.0006594064387651994,0.7849940586497524,0.5849083684736115,0.0
2016-02-12,-0.0003793400411267229,0.0,2.7396926352047853e-06,-0.0003820797337619277,0.785182203661857,0.5851846412919076,0.0
2016-02-16,-0.0007758575825139068,0.0,1.0960562566474635e-05,-0.0007868181450803814,0.785059095748136,0.5850288289099739,0.0
2016-02-17,0.0008603299134696932,0.0,2.7422983317045887e-06,0.0008575876151379885,0.7849008123668311,0.5847130341523962,0.0
2016-02-18,0.0019650944971270944,0.0,2.739948585732935e-06,0.0019623545485413616,0.7850878606543242,0.58507161389582,0.0
2016-02-19,-6.898184305387126e-05,0.0,2.735180324910583e-06,-7.171702337878184e-05,0.7855551541108918,0.5858869903924192,0.0
2016-02-22,0.0014818147563696949,0.0,8.206129493911337e-06,0.0014736086268757834,0.7855425090382951,0.5858600246864526,0.0
2016-02-23,0.0005585543700816573,0.0,2.73135155475747e-06,0.0005558230185268998,0.7858662644878284,0.5864776009905331,0.0
2016-02-24,0.000330286979187803,2.4526108044523695e-07,2.7292374594647747e-06,0.000327312480647893,0.7871699895654279,0.5879356550244994,0.0012256066148895045
2016-02-25,0.002184350030102563,0.0,2.728941033579775e-06,0.0021816210890689834,0.7872861536725974,0.5880734582212735,0.0
2016-02-26,-0.0003087959446311266,0.0,2.7224051817210165e-06,-0.0003115183498128476,0.7877084708336938,0.5889728925680597,0.0
2016-02-29,0.001713496973346453,0.0,8.169760575494413e-06,0.0017053272127709586,0.7876450407723663,0.5888475334353358,0.0
2016-03-01,0.0006546051791132882,0.0,2.7192118612738914e-06,0.0006518859672520143,0.7880581109966044,0.58955564512361,0.0
2016-03-02,-0.0007489719447731615,0.0,2.71744040001131e-06,-0.0007516893851731728,0.7881989003732358,0.5898257511724103,0.0
2016-03-03,0.0012745572557000776,0.0,2.7188900797672247e-06,0.0012718383656203105,0.787998890913166,0.5895199150901587,0.0
2016-03-04,-0.00039449916760019705,0.0,2.716030256244137e-06,-0.00039721519785644116,0.7883142404147478,0.590044031708926,0.0
2016-03-07,-0.00021206804590457866,0.0,8.151328600341075e-06,-0.00022021937450491974,0.7882328393105147,0.5898838433688818,0.0
2016-03-08,0.0006126467533448261,0.0,2.717708025409251e-06,0.0006099290453194169,0.7881943469307368,0.5898016610758613,0.0
2016-03-09,-0.00019334420877395304,3.478401623514226e-07,2.715457649338249e-06,-0.00019640750658564272,0.7900207675679389,0.5917923591662468,0.0017379426640219409
2016-03-10,0.00035716961203106364,0.0,2.716584984424974e-06,0.00035445302704663865,0.7900259361338751,0.591715232270852,0.0
2016-03-11,0.0015385138054820767,0.0,2.715622423837578e-06,0.001535798183058239,0.7901030513277608,0.5918626143876176,0.0
2016-03-14,-0.00015991758045938507,0.0,8.132596194210975e-06,-0.00016805017665359604,0.7903843553724944,0.5924911813133604,0.0
2016-03-15,-0.0016471243663518102,0.0,2.7113210360486043e-06,-0.0016498356873878588,0.7903572574687139,0.5924308218371659,0.0
2016-03-16,0.0038325277702892513,0.0,2.7158016625500833e-06,0.0038298119686267012,0.790013525610341,0.591760004244185,0.0
2016-03-17,0.0021386319710261902,0.0,2.7060319217364258e-06,0.002135925939104454,0.7908605573942288,0.5933202271074698,0.0
2016-03-18,0.0010837859770063206,0.0,2.6996740309893474e-06,0.0010810863029753312,0.7912659181181443,0.5941897138559219,0.0
2016-03-21,-0.00013330101820684332,0.0,8.090275806605892e-06,-0.0001413912940134492,0.7914940307396231,0.5946306527788797,0.0
2016-03-22,-0.0011242246984221938,0.0,2.6977297262614114e-06,-0.0011269224281484553,0.7915156904141825,0.5945814203970993,0.0
2016-03-23,0.00019816567105207741,3.9202145032898453e-07,2.7007732882100207e-06,0.0001950728763135384,0.7910205288190872,0.5938640787797556,0.0019576485988598985
2016-03-24,-0.001203403725360288,0.0,2.6996562211762274e-06,-0.0012061033815814642,0.7910212857676331,0.5939463816217686,0.0
2016-03-28,0.0002259126517514667,0.0,1.081402901035275e-05,0.00021509862274111393,0.7908147799411559,0.5934587505022182,0.0
2016-03-29,0.003332611302823962,0.0,2.7029258569597033e-06,0.0033299083769670027,0.7908705774209899,0.5935569898629317,0.0
2016-03-30,0.0003416331138923785,0.0,2.6939552328627367e-06,0.0003389391586595157,0.7915673420007606,0.5949086100017809,0.0
2016-03-31,0.0013993982101360132,0.0,2.6930424553185367e-06,0.0013967051676806947,0.7916406570963644,0.5950485578581114,0.0
2016-04-01,0.0005596870853228502,0.0,2.689286315224114e-06,0.0005569977990076262,0.7919339570561764,0.595616056044816,0.0
2016-04-04,0.0002275304327828233,0.0,8.063367667629029e-06,0.00021946706511519426,0.7920524726575341,0.5958438594118941,0.0
2016-04-05,0.0003701284334179224,0.0,2.6871994707609366e-06,0.00036744123394716143,0.7921061618756485,0.5959406005101001,0.0
2016-04-06,0.00047315962434346957,0.0,2.6867999804613545e-06,0.00047047282436300824,0.7922280988473027,0.5960917002736239,0.0
2016-04-07,0.0006829342054523623,1.3664776170683515e-07,2.68553650851525e-06,0.0006801120211821402,0.7916455909757009,0.5956014258540877,0.0006828984736898247
2016-04-08,0.00016272607609317053,0.0,2.6831244247127294e-06,0.0001600429516684578,0.7917471785275326,0.5958790955235035,0.0
2016-04-11,0.00029034356828685115,0.0,8.049845531592896e-06,0.00028229372275525823,0.7918260191736646,0.595946444571571,0.0
2016-04-12,-0.0005800608080810013,0.0,2.6819379840177206e-06,-0.000582742746065019,0.7918499945711327,0.5960685217378393,0.0
2016-04-13,0.0015166447719349278,0.0,2.683501775212369e-06,0.0015139612701597154,0.7917313094405407,0.5958356798500376,0.0
2016-04-14,-0.000450739591493636,0.0,2.6800312537238595e-06,-0.00045341962274735985,0.7920916049685031,0.5964493234466612,0.0
2016-04-15,0.001160367652625549,0.0,2.681246983719311e-06,0.0011576864056418296,0.791999973706274,0.5962689438947644,0.0
2016-04-18,0.0005853182310882817,0.0,8.032682661788596e-06,0.0005772855484264931,0.7922004202967384,0.5967384755265495,0.0
2016-04-19,0.0008643097554590695,0.0,2.6766013666011063e-06,0.0008616331540924684,0.7923710660740947,0.5969791663122139,0.0
2016-04-20,-0.001104619242437183,0.0,2.674297103554179e-06,-0.0011072935395407373,0.7925524863310737,0.5973287977716187,0.0
2016-04-21,-0.0009683145968391057,3.5513531596246807e-07,2.6772616180408334e-06,-0.0009713469937731089,0.7918994230613093,0.5964593249443286,0.0017737062535582715
2016-04-22,-8.877384626850541e-05,0.0,2.679278678211296e-06,-9.14531249467167e-05,0.7916573446606107,0.596070001151186,0.0
2016-04-25,-0.0012657886442904009,0.0,8.040329402919859e-06,-0.0012738289736933207,0.7916837521066626,0.5960357366356128,0.0
2016-04-26,5.7583097383637606e-05,0.0,2.6829413374395115e-06,5.490015604619809e-05,0.7913832671454372,0.5955285495123528,0.0
2016-04-27,0.0028786332711183272,0.0,2.683380838864951e-06,0.002875949890279462,0.7914402378702731,0.5955534366331315,0.0
2016-04-28,0.0011596848937967044,0.0,2.675685700867543e-06,0.0011570092080958369,0.7920410009117531,0.5967159447484226,0.0
2016-04-29,0.00013584034897459176,0.0,2.672593485595234e-06,0.00013316775548899654,0.7922840059152804,0.5971846814668285,0.0
2016-05-02,-0.0007676941680713318,0.0,8.018475996369836e-06,-0.0007757126440677016,0.7923572378188679,0.5972409885738685,0.0
2016-05-03,0.0003568341577726461,0.0,2.6743121274391735e-06,0.00035415984564520696,0.7921611307797468,0.5969363454766868,0.0
2016-05-04,-0.00042614950363536466,0.0,2.6739532792145007e-06,-0.00042882345691457914,0.792280306648294,0.5970817172656354,0.0
2016-05-05,0.0010288962037943328,1.4120479279896506e-07,2.6745122223630252e-06,0.0010260804867791708,0.7914452273400511,0.5962058351075502,0.0007057023234032928
2016-05-06,-0.000793416302360714,0.0,2.671770770509806e-06,-0.0007960880731312238,0.7916618148035142,0.5966225485562983,0.0
2016-05-09,-0.00011325696079008242,0.0,8.02346249354384e-06,-0.00012128042328362627,0.7915414299739186,0.5963038426310185,0.0
2016-05-10,0.0017140809189770717,0.0,2.6748119001668144e-06,0.001711406107076905,0.7915241693993894,0.596262900687212,0.0
2016-05-11,0.0005009472502212243,0.0,2.6702420316478087e-06,0.0004982770081895765,0.7918830168872724,0.5969553485769823,0.0
2016-05-12,-0.0001773860692425444,0.0,2.6677418371075888e-06,-0.000180053811079652,0.7919038994630079,0.5971587453541541,0.0
2016-05-13,0.000556925989227755,0.0,2.6682222606945793e-06,0.0005542577669670604,0.7918690924417466,0.5970888674110423,0.0
2016-05-16,-0.00043667126491694723,0.0,8.000232591030238e-06,-0.00044467149750797747,0.7919870534552016,0.5973147270734658,0.0
2016-05-17,-0.0002126350927444622,0.0,2.6679305496830877e-06,-0.00021530302329414528,0.7919025186691585,0.5971435885422932,0.0
2016-05-18,-0.003916868974435228,0.0,2.668505086895943e-06,-0.003919537479522124,0.7918603735088553,0.5970595021654512,0.0
2016-05-19,-0.00027376970531854536,2.7061712080631126e-07,2.679591508151741e-06,-0.00027671991394750343,0.7916666444005381,0.596056464305461,0.0013521889785589186
2016-05-20,0.00045223165991588993,0.0,2.6797470889289754e-06,0.00044955191282696096,0.7915691426619774,0.5959476051701623,0.0
2016-05-23,0.00015072028068876953,0.0,8.037386406747476e-06,0.00014268289428202207,0.7917082471832215,0.5961318446190327,0.0
2016-05-24,0.00022954973635709876,0.0,2.6793357248559458e-06,0.00022687040063224282,0.7917890056296678,0.5961974977151838,0.0
2016-05-25,0.0006459151084075446,0.0,2.6775533594842347e-06,0.0006432375550480604,0.7917531617419304,0.5962917664995813,0.0
2016-05-26,0.0007498374155754169,0.0,2.676417428261432e-06,0.0007471609981471555,0.7919324279631548,0.5965539557000702,0.0
2016-05-27,-0.0004964391918159308,0.0,2.6744192065377606e-06,-0.0004991136110224685,0.792090446290268,0.5968578442130116,0.0
2016-05-31,0.00014920359816085696,0.0,1.0705372752229199e-05,0.00013849822540862777,0.7920322584801109,0.5966592057519282,0.0
2016-06-01,0.00032157622757106574,0.0,2.675972570604855e-06,0.0003189002550004609,0.7920717615448888,0.5967257638907345,0.0
2016-06-02,0.0012780231584066627,0.0,2.6751194743228336e-06,0.00127534803893234,0.7921407238936504,0.5968570022680835,0.0
2016-06-03,0.0035974406626353176,2.4994698376755585e-07,2.671124653844958e-06,0.003594519590997705,0.7923043721125339,0.597312272381852,0.0012490702123609254
2016-06-06,0.00015596599643722726,0.0,7.986428959097156e-06,0.0001479795674781301,0.7930939056016515,0.598757467596954,0.0
2016-06-07,0.0012191570833433158,0.0,2.662329361814944e-06,0.0012164947539815008,0.7931748631680593,0.5988248197555683,0.0
2016-06-08,0.0016995236574873448,0.0,2.6590945871992756e-06,0.0016968645629001455,0.7934288182563364,0.5993149133907892,0.0
2016-06-09,6.729466196543728e-05,0.0,2.6545901073171437e-06,6.464007185812014e-05,0.7937814023814334,0.5999963245472819,0.0
2016-06-10,-0.00013976627945547934,0.0,2.6532564618586195e-06,-0.00014241953591733795,0.7937125552765686,0.6000248335608894,0.0
2016-06-13,-0.0009818169650656456,0.0,7.960903173711342e-06,-0.000989777868239357,0.7936858253640255,0.5999705148037162,0.0
2016-06-14,-0.0010843102134902181,0.0,2.6562635020636683e-06,-0.0010869664769922818,0.7934893866325317,0.5995821509818838,0.0
2016-06-15,0.00174028290016672,0.0,2.6591539132245064e-06,0.0017376237462534954,0.7932673314155834,0.5991490957501943,0.0
2016-06-16,0.00022159704327050914,0.0,2.654541319192866e-06,0.00021894250195131628,0.7936285864382495,0.5998470701371702,0.0
2016-06-17,-0.0008688334511703855,5.035403668043286e-07,2.6545439371818205e-06,-0.0008719915354743717,0.7937817074213661,0.6000000000070931,0.0025128668376008384
2016-06-20,0.00010617096521184422,0.0,7.968829515357583e-06,9.820213569648663e-05,0.7935622446939999,0.5996540598202987,0.0
2016-06-21,-0.00043163375632930876,0.0,2.65659981344536e-06,-0.0004342903561427541,0.7936331252147685,0.599701338833257,0.0
2016-06-22,0.001167913643980584,0.0,2.657754050398448e-06,0.0011652558899301856,0.7935461208858943,0.5995300752068076,0.0
2016-06-23,0.0001063036189762788,0.0,2.654660691392037e-06,0.00010364895828488677,0.793789067144023,0.5999988366724043,0.0
2016-06-24,0.001048513449258236,0.0,2.6543855670931213e-06,0.0010458590636911427,0.7938130928628514,0.6000429464650535,0.0
2016-06-27,0.000927596041870099,0.0,7.953087948558648e-06,0.0009196429539215403,0.7939885998440976,0.6004634597625039,0.0
2016-06-28,0.002799444034334286,0.0,2.648593555784837e-06,0.0027967954407785013,0.7941858284846974,0.6008384989124043,0.0
2016-06-29,0.001402368016487576,0.0,2.6412066410928743e-06,0.001399726809846483,0.7947624844260869,0.6019543996263071,0.0
2016-06-30,0.002014804119137643,0.0,2.637514840858756e-06,0.002012166604296784,0.7950519968473654,0.6025134134646761,0.0
2016-07-01,0.002216002388072539,8.310565398633533e-07,2.6322183789434714e-06,0.002212539113153732,0.7921519416629228,0.6000000000000495,0.004148509476114962
2016-07-05,0.0009808700192090708,0.0,1.0510230617328583e-05,0.0009703597885917422,0.7926982262319092,0.6008865174656625,0.0
2016-07-06,0.001000921537856876,0.0,2.6250104497470568e-06,0.000998296527407129,0.7929096885733402,0.6012839257418053,0.0
2016-07-07,0.0006744596283916812,0.0,2.621820968778806e-06,0.0006718378074229024,0.7930771187649945,0.6016841880441419,0.0
2016-07-08,0.001989258631691523,0.0,2.6206318848168955e-06,0.001986637999806706,0.79326035965273,0.6019542320610967,0.0
2016-07-11,-0.0011995559904730592,0.0,7.844597762793655e-06,-0.0012074005882358528,0.7936312647086754,0.6027460524806966,0.0
2016-07-12,-0.001695504969333738,0.0,2.618597656703097e-06,-0.001698123566990441,0.7934313110275816,0.6022736820882557,0.0
2016-07-13,0.0006245757365805622,0.0,2.621903591153432e-06,0.0006219538329894087,0.7929987300168257,0.6015997678626255,0.0
2016-07-14,-0.0008875685687216686,0.0,2.6208501758435516e-06,-0.0008901894188975122,0.7931720835085435,0.6018500206719644,0.0
2016-07-15,-0.0012347248219481287,0.0,2.6237571606910626e-06,-0.0012373485791088198,0.7930321718990191,0.6014978991685715,0.0
2016-07-18,0.00012688577331944134,6.302622338223011e-07,7.879305370671958e-06,0.00011837620571494708,0.7917297640093007,0.5999999999896167,0.0031480764900732594
2016-07-19,0.0002420453457691275,0.0,2.626124252932828e-06,0.00023941922151619468,0.7917629238918867,0.6000558534277901,0.0
2016-07-20,-0.00034025919609840144,0.0,2.6260680155037655e-06,-0.0003428852641139052,0.7918571754515097,0.6001542103197349,0.0
2016-07-21,0.0003456731486551988,0.0,2.626968764382419e-06,0.0003430461798908164,0.7917884088331008,0.6000196890331841,0.0
2016-07-22,0.00013725482809306586,0.0,2.626067901820395e-06,0.00013462876019124548,0.7918624365978695,0.6001594797649807,0.0
2016-07-25,-0.001143530845208449,0.0,7.877143215437122e-06,-0.0011514079884238863,0.7918930798424407,0.600215928266804,0.0
2016-07-26,-0.00044915508159012937,0.0,2.6281682193998674e-06,-0.0004517832498095292,0.7916192493117936,0.5997629692956035,0.0
2016-07-27,0.002136135761748021,0.0,2.6293561184522254e-06,0.002133506405629569,0.791527693183763,0.5995846965367507,0.0
2016-07-28,-0.0005037569651904849,0.0,2.6243302912419633e-06,-0.0005063812954817268,0.7920159014206609,0.6004397901599976,0.0
2016-07-29,0.001642552103413213,0.0,2.625087608548119e-06,0.0016399270158046649,0.7918713789192618,0.6002399834952493,0.0
2016-08-01,-0.0026153205997760335,1.904212174993454e-07,7.864083106433915e-06,-0.0026233751040999668,0.791359355591982,0.6000000000020902,0.0009516542345380935
2016-08-02,-0.001759450728601043,0.0,2.6276831031090924e-06,-0.0017620784117041521,0.7907768320978084,0.5989559655708447,0.0
2016-08-03,0.0010783700148716687,0.0,2.632895304645276e-06,0.0010757371195670234,0.7904520366883938,0.5982506794492887,0.0
2016-08-04,0.002534489974288952,0.0,2.629492816897461e-06,0.0025318604814720544,0.7906379973968354,0.5986850217633207,0.0
2016-08-05,-0.0016681975806241431,0.0,2.6228521212631276e-06,-0.0016708204327454063,0.7911693569421482,0.5997011520899398,0.0
2016-08-08,0.001061913405221063,0.0,7.881725311485956e-06,0.001054031679909577,0.7908224817226815,0.5990338324765233,0.0
2016-08-09,0.002121626018219222,0.0,2.624475490185637e-06,0.0021190015427290363,0.79105060273222,0.5994638919486687,0.0
2016-08-10,0.0008018070066870498,0.0,2.6189259819897874e-06,0.00079918808070506,0.7914950495194656,0.600313452834211,0.0
2016-08-11,-0.0011703760562103733,0.0,2.616834638937018e-06,-0.0011729928908493102,0.7916641679591871,0.6006352393167849,0.0
2016-08-12,0.0018383670405507874,0.0,2.6199077721288667e-06,0.0018357471327786585,0.7914221244286258,0.6001688570632187,0.0
2016-08-15,-0.0005765853796922023,2.078309893430788e-07,7.8453212903746e-06,-0.00058463853197192,0.790902818064627,0.5999999999988449,0.0010378513871635298
2016-08-16,-0.0009116300305268432,0.0,2.6166368835384217e-06,-0.0009142466674103816,0.790788558146713,0.5997740656484085,0.0
2016-08-17,0.001203412371266826,0.0,2.6190313241981536e-06,0.0012007933399426278,0.7905997312857507,0.5994104446192856,0.0
2016-08-18,0.0014018685091262734,0.0,2.615890180691246e-06,0.0013992526189455822,0.7908534920508989,0.599893508860438,0.0
2016-08-19,-0.0017228330376113164,0.0,2.612804469903353e-06,-0.0017254458420812198,0.7911899151769176,0.6004551888739728,0.0
2016-08-22,0.000905586237004734,0.0,7.850250193617771e-06,0.0008977359868111162,0.7907899764066177,0.5997672216952523,0.0
2016-08-23,0.0006157934326090916,0.0,2.6144030208630447e-06,0.0006131790295882285,0.7909854665252525,0.6001340460022501,0.0
2016-08-24,-0.0009274885962657691,0.0,2.612800906139134e-06,-0.0009301013971719083,0.7911161641160736,0.6003816979679167,0.0
2016-08-25,-0.00015856837996273694,0.0,2.615803457838043e-06,-0.000161184183420575,0.7909659340552954,0.6000122816331181,0.0
2016-08-26,-0.001484582489060183,0.0,2.6156549405260373e-06,-0.0014871981440007088,0.7908932264294152,0.5999504157710142,0.0
2016-08-29,0.001907913948693379,5.022668113090702e-05,4.836509560879112e-16,0.0018576872675619884,0.6000000000084211,0.5999999999966524,0.25000000000334743
2016-08-30,-0.0002854722325467317,0.0,1.6178422606387795e-16,-0.00028547223254689346,0.6007918306229744,0.6007918306111641,0.0
2016-08-31,-0.0005191896457948212,0.0,1.613781773862357e-16,-0.0005191896457949826,0.6006778352330601,0.6006778352212795,0.0
2016-09-01,7.967713315793084e-05,0.0,1.608154958212217e-16,7.967713315777002e-05,0.6004704036033753,0.6004704035916357,0.0
2016-09-02,-0.0003056553108076786,0.0,1.6098697966733746e-16,-0.0003056553108078396,0.6005022344400517,0.6005022344282996,0.0
2016-09-06,0.001912479177129285,0.0,6.492884452878466e-16,0.0019124791771286357,0.6003800884918885,0.6003800884800393,0.0
2016-09-07,0.0002918868500069527,0.0,1.6301973365803586e-16,0.0002918868500067897,0.6011428944010709,0.6011428943891702,0.0
2016-09-08,-0.0020630787413270894,0.0,1.6302970706399023e-16,-0.0020630787413272525,0.6012592815733462,0.6012592815614449,0.0
2016-09-09,-0.0029383621638891127,0.0,1.6332035982020195e-16,-0.002938362163889276,0.6004349474075621,0.6004349473956399,0.0
2016-09-12,2.807783034553355e-05,0.0,4.801673365326746e-16,2.8077830345053385e-05,0.5992574205744463,0.5992574205627622,0.0
2016-09-13,-0.0020569189643918637,2.8112722791997083e-05,2.678559240770871e-08,-0.0020850584727762685,0.6019553482720353,0.6000000000262725,0.13973696594038507
2016-09-14,0.00040700967118013237,0.0,2.6363557145727626e-08,0.00040698330762298663,0.6011169719913505,0.5991924323197124,0.0
2016-09-15,0.0005472869536000952,0.0,2.6573360026345347e-08,0.0005472603802400689,0.6012953695831633,0.5993555143012401,0.0
2016-09-16,-3.6444035799051486e-05,0.0,2.64486217218933e-08,-3.647048442077338e-05,0.6015054271743893,0.5995746777886911,0.0
2016-09-19,7.934057708110641e-05,0.0,7.967938224598859e-08,7.926089769886042e-05,0.6014989649681641,0.5995601000001785,0.0
2016-09-20,0.00029497473273046765,0.0,2.652095422859821e-08,0.000294948211776239,0.6015279460424017,0.599591916383714,0.0
2016-09-21,0.0020354581318099193,0.0,2.6549858262500223e-08,0.002035431581951657,0.6016481473752451,0.5997100077220825,0.0
2016-09-22,0.001404580432500051,0.0,2.6495927614640278e-08,0.0014045539365724364,0.6024573448006689,0.6005231420848003,0.0
2016-09-23,-7.944495188822584e-05,0.0,2.6495360094366557e-08,-7.94714472483202e-05,0.6030176296524876,0.6010834683655988,0.0
2016-09-26,4.622397478802722e-06,0.0,7.927280037882062e-08,4.543124678423901e-06,0.6029807613452073,0.6010517898693227,0.0
2016-09-27,0.0007192882008917069,3.0003206013692073e-07,6.075509691409858e-08,0.0007189274137346559,0.6044351220665887,0.5999999999918592,0.0014791947160926466
2016-09-28,0.00028827436467771574,0.0,6.111074585365827e-08,0.0002882132539318621,0.6047488093385153,0.6002877248911983,0.0
2016-09-29,-0.0004190797403597658,0.0,6.113790152807815e-08,-0.00041914087826129385,0.604866021978047,0.6004029551664971,0.0
2016-09-30,-7.660147316537118e-05,0.0,6.081272297975776e-08,-7.666228588835094e-05,0.6046747874209591,0.6002354586434366,0.0
2016-10-03,-0.000242332002258013,0.0,1.8284184964649244e-07,-0.0002425148441076595,0.6046540219223571,0.600204870247626,0.0
2016-10-04,-0.001640987374858258,0.0,6.028413286264211e-08,-0.0016410476589911206,0.6045088150601997,0.6001080733612267,0.0
2016-10-05,-0.00050682579560913,0.0,6.003399984121594e-08,-0.0005068858296089713,0.6038332953286895,0.599450813340281,0.0
2016-10-06,-0.0001813067721136172,0.0,6.069775733005197e-08,-0.00018136746987094726,0.6036786740164469,0.599247737731353,0.0
2016-10-07,0.00036231926099957677,0.0,5.984962557903784e-08,0.0003622594113739977,0.6035441244987378,0.5991751018314684,0.0
2016-10-10,5.988757233618073e-05,0.0,1.776451109760481e-07,5.9709927225204684e-05,0.6036430093695553,0.5993203116691382,0.0
2016-10-11,-0.001304239778210139,4.6254551396370056e-07,5.946591873575485e-08,-0.0013047617896428385,0.6043410120767228,0.6000000000090127,0.00230955286858206
2016-10-12,8.157263529598588e-06,0.0,5.8925725838405714e-08,8.098337803760182e-06,0.6037795141218096,0.599477936135606,0.0
2016-10-13,0.0005690746093192312,0.0,5.869622223770373e-08,0.0005690159130969935,0.6037660628209109,0.5994812385975588,0.0
2016-10-14,-0.0012372009855465067,0.0,5.985397097912592e-08,-0.001237260839517486,0.6040784090847487,0.5997090692032726,0.0
2016-10-17,0.0009017511856181892,0.0,1.7977473791400552e-07,0.0009015714108802752,0.6035877699306637,0.5992132513080896,0.0
2016-10-18,0.00047786397574978016,0.0,6.010383678304143e-08,0.0004778038719129971,0.6039620234020806,0.5995744433169186,0.0
2016-10-19,0.0003812431085857446,0.0,6.023677412394448e-08,0.00038118287181162065,0.6041630214123842,0.5997657369013362,0.0
2016-10-20,-1.205180488409331e-05,0.0,6.027443825888771e-08,-1.2112079322352198e-05,0.6043183354218298,0.5999183014289309,0.0
2016-10-21,0.0006127557779830148,0.0,5.9955407429447e-08,0.0006126958225755854,0.6042902605664865,0.599913515824137,0.0
2016-10-24,-0.0006496810127390281,0.0,1.791795271704747e-07,-0.0006498601922661986,0.604518592122535,0.6001585569613869,0.0
2016-10-25,0.0002708673531435935,1.4894347090377645e-07,6.784504587722933e-08,0.00027065056462681253,0.6049526883400196,0.5999999999909816,0.0007416671598424879
2016-10-26,-0.0011993496018336321,0.0,6.78484512018997e-08,-0.001199417450284834,0.6050613845916691,0.6001084476539305,0.0
2016-10-27,-0.0018998196974901616,0.0,6.837288633548784e-08,-0.0018998880703764971,0.6046195234045328,0.5996283027020424,0.0
2016-10-28,-0.00011488658898303315,0.0,6.848507881071243e-08,-0.00011495507406184386,0.6038656726244143,0.5988662618712322,0.0
2016-10-31,0.0005436640818851705,0.0,2.0482587010818897e-07,0.0005434592560150624,0.6038043088767828,0.5988202127041504,0.0
2016-11-01,-0.00033683689101952967,0.0,6.85417418193813e-08,-0.00033690543276134903,0.6040418710170387,0.599038323864224,0.0
2016-11-02,0.00038036043300504225,0.0,6.850721039262684e-08,0.0003802919257946496,0.6039042870941063,0.5989032607354446,0.0
2016-11-03,-0.0002192798805988281,0.0,6.877921546330158e-08,-0.0002193486598142914,0.6040766878114973,0.5990558050826763,0.0
2016-11-04,0.000419692768323996,0.0,6.927191854010926e-08,0.0004196234964054559,0.6040247580633991,0.5989679080099712,0.0
2016-11-07,0.0005333888514674088,0.0,2.081608348422342e-07,0.0005331806906325666,0.6042014361369396,0.5991361891557784,0.0
2016-11-08,-0.0002791388158090919,1.491747953559624e-07,6.882770858574965e-08,-0.00027935681831303357,0.6036289102770306,0.5986044875502707,0.0007455286014327045
2016-11-09,-0.004710147699922106,0.0,6.894569528997417e-08,-0.004710216645617396,0.6035255774628651,0.598492541706697,0.0
2016-11-10,-0.004481289473346918,0.0,6.908099557218002e-08,-0.004481358554342491,0.6016353864843224,0.5965924738075533,0.0
2016-11-11,-0.0014868910625541894,0.0,6.954642216224624e-08,-0.0014869606089763516,0.5998534803182937,0.5947765915004496,0.0
2016-11-14,-0.002905505328666634,0.0,2.0951916169543217e-07,-0.0029057148478283295,0.5992715122011959,0.5941732125999403,0.0
2016-11-15,0.0023923865598185707,0.0,6.911110055637838e-08,0.0023923174487180143,0.5980358796950276,0.5929907693544121,0.0
2016-11-16,6.306896270311112e-05,0.0,6.921924835530739e-08,6.29997434547558e-05,0.5990152148858897,0.5939622097559524,0.0
2016-11-17,-0.0011417279862642312,0.0,6.881925743602345e-08,-0.0011417968055216672,0.5990116634288388,0.5939878576360093,0.0
2016-11-18,-0.0013297942823933288,0.0,6.92683242001862e-08,-0.001329863550717529,0.5985804009103212,0.5935238132437077,0.0
2016-11-21,0.0006196544450173149,0.0,2.0769800392017665e-07,0.0006194467470133947,0.5980365896758565,0.5929826049137986,0.0
2016-11-22,0.0005209807358410695,4.3307229359476023e-07,6.982469276920424e-08,0.0005204778388547056,0.5961670727737794,0.5910698702016277,0.0021649118012615765
2016-11-23,-0.0017988963028783352,0.0,6.962541628398868e-08,-0.0017989659282946192,0.5963657565755428,0.5912831011868117,0.0
2016-11-25,-1.9143030358283788e-05,0.0,1.3906773280673458e-07,-1.9282098091090524e-05,0.5956225503043745,0.5905465780569288,0.0
2016-11-28,0.0008668566322770785,0.0,2.0835939852585005e-07,0.0008666482728785527,0.5956089005515223,0.5905388218540601,0.0
2016-11-29,-0.0003730676491479833,0.0,6.901103188214187e-08,-0.0003731366601798654,0.5959313869117985,0.590893581584402,0.0
2016-11-30,-0.0009597764440947975,0.0,6.879727627422022e-08,-0.0009598452413710716,0.5957631422050421,0.5907409410370241,0.0
2016-12-01,-0.0013408436835351857,0.0,6.862154484624962e-08,-0.0013409123050800319,0.5953571799001295,0.5903478071263535,0.0
2016-12-02,0.0008759820833722554,0.0,6.854829095169487e-08,0.0008759135350813037,0.5948018558508682,0.5897978306113947,0.0
2016-12-05,0.0006854866738561858,0.0,2.083174363022508e-07,0.0006852783564198836,0.595225943906932,0.5901568862902435,0.0
2016-12-06,0.001217420985639506,0.0,6.94963729277901e-08,0.0012173514892665782,0.5955109939709461,0.5904377587472173,0.0
2016-12-07,0.0018653085531628176,1.772560788260695e-08,6.915421587035213e-08,0.0018652216733390646,0.5958954363774869,0.5908471786189511,8.862453387672997e-05
2016-12-08,-0.0006923703208547206,0.0,6.852925949215219e-08,-0.0006924388501142127,0.5966116411763371,0.59160900523341,0.0
2016-12-09,-0.001389129816636205,0.0,6.880433833685065e-08,-0.0013891986209745419,0.5963488087703822,0.5913260920717919,0.0
2016-12-12,-0.00011442220519960794,0.0,2.0737648893725804e-07,-0.0001146295816885452,0.5958038031874987,0.5907576419566922,0.0
2016-12-13,0.0005659417239761927,0.0,6.963482252382882e-08,0.0005658720891536689,0.5957942747428463,0.5907109326986065,0.0
2016-12-14,-0.002583541630930385,0.0,6.954459582359343e-08,-0.0025836111755262086,0.5960192320639194,0.5909424765687972,0.0
2016-12-15,-0.0010405965604480412,0.0,6.940893275950772e-08,-0.0010406659693808008,0.5949498152451673,0.5898829631537232,0.0
2016-12-16,0.00015010559502701351,0.0,6.85340197780859e-08,0.00015003706100723542,0.5944587766214898,0.5894557931776897,0.0
2016-12-19,0.0016103399893054294,0.0,2.065708613451341e-07,0.0016101334184440842,0.5945440069332751,0.58951744930721,0.0
2016-12-20,0.00023210455732761945,0.0,6.838229955899731e-08,0.00023203617502806046,0.5951694326089217,0.5901775247411152,0.0
2016-12-21,0.001051141179500544,2.3752511244499624e-08,6.79890426730123e-08,0.0010510494379466265,0.5951171083071254,0.5901539081919955,0.00011875649510963149
2016-12-22,0.0004779374722954476,0.0,6.775106174856888e-08,0.000477869721233699,0.5955301435656888,0.5905843160580431,0.0
2016-12-23,0.0005138682841958339,0.0,6.7353394423986e-08,0.0005138009308014099,0.595696735479157,0.5907799376862061,0.0
2016-12-27,-0.0003945942297353678,0.0,2.6849681362171274e-07,-0.0003948627265489895,0.5958902215274297,0.5909901546788333,0.0
2016-12-28,0.0010599618926562845,0.0,6.777996147919822e-08,0.0010598941126948053,0.5957767939303766,0.590828856742395,0.0
2016-12-29,0.0010099980833545217,0.0,6.72242625921735e-08,0.0010099308590919296,0.5961695145394628,0.5912621433702339,0.0
2016-12-30,0.00022584730262071887,0.0,6.746671304022559e-08,0.00022577983590767864,0.5965996610775077,0.5916745910255711,0.0
2017-01-03,0.00039122957838502904,0.0,2.71243465254925e-07,0.0003909583349197741,0.596717022551477,0.5917668293105746,0.0
2017-01-04,0.0013453902072341206,0.0,6.738345134359803e-08,0.001345322823782777,0.5968456321833812,0.5919266402352985,0.0
2017-01-05,0.0018586825139837754,0.0,6.805702599293781e-08,0.0018586144569577826,0.5974431232533305,0.5924749603558462,0.0
2017-01-06,-0.0009447732792716521,3.985637777455103e-05,6.861593511895596e-08,-0.000984698272981322,0.40032308702619485,0.3953141237625111,0.19791693130000834
2017-01-09,0.00024724656107824247,0.0,2.049165213261784e-07,0.0002470416445569163,0.39974437009005154,0.3947580680711145,0.0
2017-01-10,-0.00016649014960517535,0.0,6.817491719875779e-08,-0.00016655832452237412,0.3998845249262188,0.3949077559707094,0.0
2017-01-11,0.0005805085272992857,0.0,6.817376219587308e-08,0.0005804403535370898,0.3997837088578663,0.3948070242175676,0.0
2017-01-12,0.000262014120201326,0.0,6.783211564009743e-08,0.0002619462880856859,0.4001099114404382,0.39515816699871115,0.0
2017-01-13,-0.0003419551451421648,0.0,6.812337777660205e-08,-0.0003420232685199414,0.40028963597291584,0.3953166293952239,0.0
2017-01-17,0.0011111942121436878,0.0,2.7309301874408335e-07,0.0011109211191249438,0.4000937585911434,0.39510981099906384,0.0
2017-01-18,-0.001836367027184977,0.0,6.95399371893246e-08,-0.0018364365671221662,0.40085773879532954,0.395781323380509,0.0
2017-01-19,-0.0006569610083485779,0.0,6.892981955529197e-08,-0.0006570299381681332,0.39970161912755675,0.39466974230002044,0.0
2017-01-20,0.00032395849213734575,0.0,6.889254323289748e-08,0.00032388959959411286,0.39930098534355446,0.39427182968755287,0.0
2017-01-23,0.0011492952118970887,2.1941217669839078e-05,8.426983244952785e-06,0.0011189270109822967,0.4901624698399169,0.285105877546066,0.10936214654468433
2017-01-24,-0.0006993348754611273,0.0,2.809066733537705e-06,-0.0007021439421946651,0.4909971036516235,0.28593523210337096,0.0
2017-01-25,-0.0007537068433739033,0.0,2.809140673717081e-06,-0.0007565159840476204,0.4905035837884406,0.2854363146070937,0.0
2017-01-26,0.0001923177583228419,0.0,2.810872942260919e-06,0.00018950688538058098,0.4900918625438067,0.2848981377587595,0.0
2017-01-27,0.0004852942262126506,0.0,2.8105087433900117e-06,0.00048248371746926057,0.4902035774167502,0.2850364391492793,0.0
2017-01-30,-0.0003434360888692766,0.0,8.430083686888803e-06,-0.0003518661725561654,0.4905160766038197,0.2853840402228588,0.0
2017-01-31,0.0006611533306333735,0.0,2.8104114570413985e-06,0.0006583429191763321,0.49030097194765465,0.2851409355836324,0.0
2017-02-01,-0.0002927919013667741,0.0,2.8098401561171757e-06,-0.0002956017415228913,0.49073238831882754,0.28561405692227376,0.0
2017-02-02,0.0003037185263008851,0.0,2.8107351588900037e-06,0.0003009077911419951,0.49058929802156603,0.285405631422596,0.0
2017-02-03,0.0006114155379406,0.0,2.8104112244580533e-06,0.0006086051267161419,0.49078342302684663,0.2856234036414086,0.0
2017-02-06,0.00048702284530677823,1.5359839147281854e-07,8.427064492162405e-06,0.000478442182423143,0.4917577503493217,0.2866991810400365,0.0007678838306435926
2017-02-07,9.434451427434996e-06,0.0,2.8102291676540223e-06,6.624222259780973e-06,0.4921955968374108,0.28704886759866727,0.0
2017-02-08,0.0008503873616548092,0.0,2.8100143075572334e-06,0.000847577347347252,0.49218744497637457,0.28705640052469655,0.0
2017-02-09,-0.0006365170211259708,0.0,2.810279222810437e-06,-0.0006393273003487813,0.49281335453339564,0.28766297126823387,0.0
2017-02-10,0.00017056116069286332,0.0,2.810309299068785e-06,0.00016775085139379453,0.49236265432132476,0.28721007548930333,0.0
2017-02-13,-6.997361205726255e-05,0.0,8.429954954663116e-06,-7.840356701192567e-05,0.49246134028596134,0.28733243638915884,0.0
2017-02-14,-0.00045596019286628446,0.0,2.8098318180578453e-06,-0.0004587700246843423,0.4924027096630497,0.287284986944827,0.0
2017-02-15,2.9134459753613468e-05,0.0,2.8089116695096803e-06,2.6325548084103787e-05,0.4920112275824455,0.2869606757082388,0.0
2017-02-16,0.00018774050778803332,0.0,2.8080426773475492e-06,0.00018493246511068576,0.491969370649205,0.28698225520283377,0.0
2017-02-17,0.0004505081665499105,0.0,2.8084387503006017e-06,0.0004476997277996099,0.4921329272467559,0.28711689847481203,0.0
2017-02-21,0.0004823891835891329,2.013977896750031e-05,1.1235224666191055e-05,0.0004510141799554415,0.5925359708982356,0.38749312074024894,0.10005440034303462
2017-02-22,0.00039916229131196137,0.0,2.8077699526211304e-06,0.0003963545213593402,0.5927678128927207,0.3878006063513783,0.0
2017-02-23,0.0007967051007964103,0.0,2.807559997113318e-06,0.000793897540799297,0.5929978446592908,0.3880459648700187,0.0
2017-02-24,0.0010141606204239616,0.0,2.8067728534825145e-06,0.001011353847570479,0.593428631918334,0.38853421361411045,0.0
2017-02-27,-0.000494946531344544,0.0,8.413792209490601e-06,-0.0005033603235540346,0.5938904114601509,0.389154801029213,0.0
2017-02-28,7.084056525152825e-05,0.0,2.8032516922811184e-06,6.803731355924713e-05,0.5934929625094714,0.3888555889729497,0.0
2017-03-01,-0.0007060549780742766,0.0,2.8019506192461445e-06,-0.0007088569286935228,0.5934423650339793,0.3888999698290108,0.0
2017-03-02,-0.0011107745161526852,0.0,2.802002222198917e-06,-0.001113576518374884,0.5930154462150015,0.3884692839944805,0.0
2017-03-03,0.0008096180420533169,0.0,2.8018823513978555e-06,0.000806816159701919,0.5923277553511671,0.3877903436991237,0.0
2017-03-06,-0.0006364175580592163,0.0,8.401153429395943e-06,-0.0006448187114886122,0.5927147525504696,0.3882866857685019,0.0
2017-03-07,-0.001366057009836539,6.835546223648425e-08,2.803026623487156e-06,-0.0013689283919222626,0.592238036358196,0.3876170928436337,0.00034165768148580744
2017-03-08,-0.002028649560285719,0.0,2.8056791279903686e-06,-0.002031455239413709,0.5915950869995735,0.38678051065627667,0.0
2017-03-09,-0.0016379532578724325,0.0,2.8083916404589235e-06,-0.0016407616495128915,0.5905476480636741,0.3855350583101728,0.0
2017-03-10,0.0007664467914171822,0.0,2.8126196515495865e-06,0.0007636341717656325,0.589849258450177,0.38452802388705715,0.0
2017-03-13,-0.0005749031983049754,0.0,8.435645704017083e-06,-0.0005833388440089924,0.5902678499602979,0.3850004711625488,0.0
2017-03-14,-0.0005595313927009972,0.0,2.811739573715819e-06,-0.000562343132274713,0.5899069381022253,0.3846499492209705,0.0
2017-03-15,0.004183575321517584,0.0,2.8127481563318353e-06,0.004180762573361253,0.5896371453783081,0.38430652996608433,0.0
2017-03-16,-0.0007044474743729831,0.0,2.807052737939776e-06,-0.0007072545271109229,0.5917875323257372,0.3868726824561334,0.0
2017-03-17,0.0008159263207518173,0.0,2.807247818465283e-06,0.000813119072933352,0.5913706382636701,0.3864415475157046,0.0
2017-03-20,0.0003178089158133158,0.0,8.419273900483481e-06,0.0003093896419128323,0.5918118414755889,0.3869428432304908,0.0
2017-03-21,-0.00349060424555878,4.288517668979361e-05,2.8066894586019027e-06,-0.0035362961117071756,0.8048883304803429,0.600000000002404,0.21298381523091237
2017-03-22,0.0018777520183906142,0.0,2.818305571637016e-06,0.0018749337128189773,0.8043626223988144,0.5986263156693121,0.0
2017-03-23,-0.0004696976200434822,0.0,2.813400548396244e-06,-0.00047251102059187847,0.8047585094467062,0.5993802694137805,0.0
2017-03-24,0.0010932628924375113,0.0,2.8148127154533233e-06,0.0010904480797220579,0.8046750256473292,0.5991936974192367,0.0
2017-03-27,0.0003418373538878893,0.0,8.435316385079034e-06,0.00033340203750281027,0.8048924569287028,0.5996330915584464,0.0
2017-03-28,0.0014642964306879089,0.0,2.8118174800283275e-06,0.0014614846132078806,0.8050376387597892,0.5997749627177212,0.0
2017-03-29,0.001640330333741862,0.0,2.80615903772383e-06,0.001637524174704138,0.8052114493113781,0.6003618395575385,0.0
2017-03-30,0.00028804692606767385,0.0,2.803250144104713e-06,0.00028524367592356914,0.8056552489254777,0.6010179884058339,0.0
2017-03-31,-0.00015227953931639095,0.0,2.8016471275336934e-06,-0.00015508118644392465,0.8056548058086735,0.6011345654987138,0.0
2017-04-03,0.0005939730184475884,0.0,8.408685696853945e-06,0.0005855643327507345,0.8056868534180858,0.6010755014613064,0.0
2017-04-04,-0.00023856201759519285,3.8368898013178326e-07,2.8077290649322506e-06,-0.00024175343564025687,0.8049642217374409,0.5999999999973867,0.0019176488512253898
2017-04-05,-0.0002176118835718347,0.0,2.8073513391301765e-06,-0.00022041923491096486,0.8048431151858584,0.5999064674293552,0.0
2017-04-06,0.0003266503184954652,0.0,2.808185175313254e-06,0.0003238421333201519,0.8048185854444653,0.5998210676465977,0.0
2017-04-07,-0.0007132683842397265,0.0,2.8075508158922467e-06,-0.0007160759350556187,0.8049046373272863,0.5999534277671523,0.0
2017-04-10,0.0002691479775137732,0.0,8.417020648095696e-06,0.0002607309568656775,0.8044837374334407,0.5996695683297787,0.0
2017-04-11,-0.0001927120243382041,0.0,2.806554659159202e-06,-0.0001955185789973633,0.8046608246039325,0.599782334485311,0.0
2017-04-12,9.981132789578097e-05,0.0,2.810329928926215e-06,9.700099796685476e-05,0.8048609611088553,0.5997068762972414,0.0
2017-04-13,-0.0009334113035824259,0.0,2.812185346237487e-06,-0.0009362234889286634,0.8050380416963367,0.5997485114210002,0.0
2017-04-17,0.0018721148635645142,0.0,1.1263120311980227e-05,0.001860851743252534,0.8049281959352392,0.5993762502416,0.0
2017-04-18,0.0005184221001838717,0.0,2.810042539892491e-06,0.0005156120576439791,0.8052647145662412,0.6001316091540891,0.0
2017-04-19,-0.000777820512569755,2.4560015312429314e-07,2.808717911803095e-06,-0.0007808748306346824,0.8050364075508099,0.5999999999891842,0.0012267983009309619
2017-04-20,0.0019812600025543837,0.0,2.8093881171925337e-06,0.0019784506144371913,0.8047757952201363,0.5996904626650813,0.0
2017-04-21,-0.0003173105432713749,0.0,2.802909347067431e-06,-0.0003201134526184423,0.8050960776675695,0.6004836953316472,0.0
2017-04-24,0.0031845207828150803,0.0,8.415146355335159e-06,0.003176105636459745,0.8051271289554282,0.600358567642273,0.0
2017-04-25,0.0008107422826116022,0.0,2.7930867521920107e-06,0.0008079491958594103,0.8055275737837896,0.6016322408737729,0.0
2017-04-26,7.500903040760622e-05,0.0,2.7888065554859323e-06,7.222022385212028e-05,0.8055395113294617,0.6019566327789885,0.0
2017-04-27,0.00127141953556938,0.0,2.7894500664131662e-06,0.0012686300855029669,0.8056180209374457,0.6019881660892847,0.0
2017-04-28,0.0007235770163767545,0.0,2.7874623943051205e-06,0.0007207895539824494,0.8059799968187106,0.6024952420344367,0.0
2017-05-01,0.0007987278877094723,0.0,8.36055365828704e-06,0.0007903673340511852,0.8062244774147111,0.6027843383963933,0.0
2017-05-02,0.000929514238196034,0.0,2.7837471986290884e-06,0.0009267304909974049,0.8063199361938642,0.6031063906939408,0.0
2017-05-03,-0.0006896217541065152,1.0425693965936212e-06,2.782395925949153e-06,-0.0006934467194290579,0.8031149025899652,0.5999999999956768,0.005208280444075994
2017-05-04,-0.001400684730128756,0.0,2.782080314371221e-06,-0.0014034668104431272,0.802818119395758,0.5997262564466588,0.0
2017-05-05,0.0010989324520834529,0.0,2.7849737047717024e-06,0.001096147478378681,0.8024695624362642,0.5991664819879302,0.0
2017-05-08,-0.00013934327649201757,0.0,8.35011541885495e-06,-0.00014769339191087253,0.802794297331181,0.5996081554723771,0.0
2017-05-09,0.0001937505566385339,0.0,2.7819787675327824e-06,0.00019096857787100112,0.8026418128863438,0.5995573628564506,0.0
2017-05-10,0.0012516331709186534,0.0,2.7799986675970545e-06,0.0012488531722510564,0.802576504398615,0.5996366016640301,0.0
2017-05-11,0.0002254664286453934,0.0,2.777313716938771e-06,0.00022268911492845462,0.8028826509901832,0.6001387496536529,0.0
2017-05-12,0.0010852996675968212,0.0,2.7768432279218806e-06,0.0010825228243688994,0.8029401069103799,0.6002305512720825,0.0
2017-05-15,0.001051534319896374,0.0,8.330942269474701e-06,0.0010432033776268993,0.8033852119236726,0.6006656166997882,0.0
2017-05-16,0.0009991562674625987,0.0,2.7734169956570175e-06,0.0009963828504669417,0.8035495324886172,0.6010900918056548,0.0
2017-05-17,-0.004962485566626254,3.687198137067712e-05,2.9236192836563396e-07,-0.004999649909925297,0.621342420728214,0.5999999999575225,0.18304754102166798
2017-05-18,0.0010041559490977742,0.0,2.9444650905601464e-07,0.0010038615025887182,0.6195220373997065,0.5980274422386176,0.0
2017-05-19,0.0016788052470791729,0.0,2.938589494835931e-07,0.0016785113881296893,0.6198825598012272,0.5984308564889248,0.0
2017-05-22,0.0017785609980158585,0.0,8.826034510559315e-07,0.0017776783945648027,0.6205807427264106,0.5991040587507163,0.0
2017-05-23,8.758286769187556e-05,0.0,2.934890834478291e-07,8.728937860842773e-05,0.6212410422935177,0.5998163392018259,0.0
2017-05-24,0.0015052259563350188,0.0,2.9312097558793505e-07,0.0015049328353594308,0.6212493926173854,0.599851561399466,0.0
2017-05-25,0.0014400165652037082,0.0,2.9279599983235383e-07,0.001439723769203876,0.621827253688503,0.6004531457007413,0.0
2017-05-26,0.00046573549573949785,0.0,2.922406026502515e-07,0.0004654432551368476,0.6223614121804251,0.6010278481869568,0.0
2017-05-30,0.0006214961315856806,0.0,1.1678612162557472e-06,0.0006203282703694249,0.622527219993229,0.6012137527965616,0.0
2017-05-31,2.8635919861538275e-05,0.0,2.9166572197641835e-07,2.8344254139561858e-05,0.6227537426603524,0.6014621449560743,0.0
2017-06-01,0.0015021895598317278,3.713612635509535e-06,6.773693271506401e-08,0.0014984082102635031,0.6049447961216835,0.6000000000334841,0.018539383635169937
2017-06-02,0.002853253191138058,0.0,6.754946073539958e-08,0.0028531856416773227,0.6055333528960911,0.6006022422624071,0.0
2017-06-05,-0.0005046510890881278,0.0,2.0214940169463292e-07,-0.0005048532384898224,0.6066575922276353,0.6017386234530663,0.0
2017-06-06,-0.0004231339060425653,0.0,6.74474609210442e-08,-0.00042320135350348636,0.6064613252472417,0.6015376606000054,0.0
2017-06-07,0.0003024026423141054,0.0,6.77944390420175e-08,0.00030233484787506337,0.6063180209301609,0.6013690268800936,0.0
2017-06-08,2.079891683299999e-05,0.0,6.842828036371898e-08,2.073048855263627e-05,0.6064848427288168,0.6014895782622656,0.0
2017-06-09,-0.004228795145226887,0.0,6.844783530888595e-08,-0.004228863593062196,0.6064945998111542,0.6014979078336056,0.0
2017-06-12,-0.0006883504170770204,0.0,2.039437487737604e-07,-0.0006885543608257941,0.6047682400104681,0.5998056087903063,0.0
2017-06-13,0.0019140368727435383,0.0,6.727240713461874e-08,0.0019139696003364036,0.6044409531364219,0.5995300674155948,0.0
2017-06-14,3.205552881484413e-05,0.0,6.793046927078291e-08,3.198759834557335e-05,0.6052540818622196,0.6002951576054523,0.0
2017-06-15,-0.001740082017608364,2.2193040234413083e-07,6.79439657461851e-08,-0.0017403718919764542,0.6049599095135465,0.6000000000140749,0.0011092684324372493
2017-06-16,-0.0005974487689703582,0.0,6.86378478296908e-08,-0.0005975174068181879,0.6043134908586469,0.5993029279670796,0.0
2017-06-19,0.003038503279003769,0.0,2.0794957455298522e-07,0.003038295329429216,0.6041235363394603,0.5990634300253377,0.0
2017-06-20,-0.0022431969526688677,0.0,6.875416626354132e-08,-0.002243265706835131,0.6052971652601965,0.6002781111229578,0.0
2017-06-21,0.0005733413144060119,0.0,6.891794911938446e-08,0.0005732723964568925,0.6044104918924733,0.5993794816067581,0.0
2017-06-22,0.0005510915595444256,0.0,6.863586553038586e-08,0.0005510229236788953,0.6046195017685984,0.5996090835848801,0.0
2017-06-23,0.0015697185708435585,0.0,6.852852745629413e-08,0.0015696500423161021,0.6048322377583866,0.599829655254077,0.0
2017-06-26,-0.00026843129652678757,0.0,2.0485260417307454e-07,-0.00026863614913096067,0.6054416133802741,0.6004568666787292,0.0
2017-06-27,-0.004461450008031607,0.0,6.803197462280732e-08,-0.00446151804000623,0.6053160451641669,0.6003497110167019,0.0
2017-06-28,0.0032768436348566705,0.0,6.884368241059954e-08,0.00327677479117426,0.6035843304484408,0.5985587416324673,0.0
2017-06-29,-0.00430391453591386,6.538700419483272e-08,6.908430242700455e-08,-0.004304049007220482,0.6050431540777236,0.6000000000005524,0.0003268794141401964
2017-06-30,0.00010048497924200341,0.0,7.065919797044621e-08,0.00010041432004403296,0.6034291949363609,0.5982710734845184,0.0
2017-07-03,-0.0019204820227226704,0.0,2.1656227216099842e-07,-0.0019206985849948314,0.603581161379297,0.5983114794233795,0.0
2017-07-05,0.0015989978010267872,0.0,1.4717407565994568e-07,0.0015988506269511273,0.6029105428769084,0.5975386891153203,0.0
2017-07-06,-0.002894116240575648,0.0,7.356549472933588e-08,-0.0028941898060703772,0.6035515655100037,0.598181284394762,0.0
2017-07-07,0.0019877233266840516,0.0,7.303386791510082e-08,0.0019876502928161364,0.6023465153635267,0.5970150430057243,0.0
2017-07-10,0.0017765694372327433,0.0,2.166675324555074e-07,0.0017763527697002878,0.60308676341618,0.5978145201264292,0.0
2017-07-11,0.00042638553407972076,0.0,7.305613368754991e-08,0.0004263124779460332,0.6038609906425868,0.5985278928833956,0.0
2017-07-12,0.003966425173831268,0.0,7.290454688705256e-08,0.003966352269284381,0.6040210774665806,0.5986990455438257,0.0
2017-07-13,0.0003898401574919576,0.0,7.202230477666975e-08,0.0003897681351871809,0.6055421590553725,0.6002845308066755,0.0
2017-07-14,0.002327857706503829,1.363846313658447e-07,7.121530553518754e-08,0.002327650106566928,0.6051987173054271,0.6000000000013582,0.0006817476458238769
2017-07-17,0.00019595446014920615,0.0,2.1464117712474538e-07,0.0001957398189720814,0.606152040322576,0.6009291050125405,0.0
2017-07-18,0.001680421276703264,0.0,7.109567793384767e-08,0.00168035018102533,0.6061974028785843,0.6010074183894133,0.0
2017-07-19,0.0014525196549400683,0.0,7.086676237633772e-08,0.001452448788177692,0.6068500855797501,0.6016768119262774,0.0
2017-07-20,0.0004510501092368483,0.0,7.066325378942994e-08,0.00045097944598305887,0.6074130051618605,0.6022545876352321,0.0
2017-07-21,0.00020378077966145652,0.0,7.065468067431574e-08,0.0002037101249807822,0.6075917441035926,0.6024339524143677,0.0
2017-07-24,0.0003799862794201717,0.0,2.1117409063882583e-07,0.00037977510532953286,0.6076535643280161,0.602514994789138,0.0
2017-07-25,-0.0009818716791852784,0.0,7.004873451897144e-08,-0.0009819417279197974,0.6077796611055132,0.6026661034856283,0.0
2017-07-26,0.001536285927351418,0.0,6.94729208611147e-08,0.0015362164544305567,0.6073471546034661,0.6022756313806046,0.0
2017-07-27,-0.0013358950373375097,0.0,6.97482753508548e-08,-0.0013359647856128606,0.6079773783926832,0.6028857542920709,0.0
2017-07-28,0.00014218827940713102,5.034299744091113e-05,6.981332808715006e-08,9.177546863813274e-05,0.6050963729294382,0.5999999999790763,0.25000000000725325
2017-07-31,-7.202669091782915e-05,0.0,2.1037678440490418e-07,-7.223706770223406e-05,0.6052062834028016,0.6000871149822823,0.0
2017-08-01,0.0009393865874203418,0.0,7.007477983142479e-08,0.0009393165126405104,0.6051738936808351,0.6000584347531409,0.0
2017-08-02,0.00019087392546928588,0.0,6.942487382950392e-08,0.00019080450059545638,0.6055018397245452,0.6004338239349912,0.0
2017-08-03,0.0003245358574111387,0.0,6.957393526346517e-08,0.00032446628347587524,0.605589015101559,0.600510117827326,0.0
2017-08-04,-0.0004775804020780554,0.0,6.907041192128876e-08,-0.0004776494724899767,0.6056819064023016,0.6006397663320477,0.0
2017-08-07,0.0005349232292331061,0.0,2.061042887068585e-07,0.0005347171249443992,0.6054641944318688,0.6004489900733353,0.0
2017-08-08,-0.001294973559950181,0.0,6.901586357079121e-08,-0.0012950425758137519,0.6057008866959084,0.6006627286552405,0.0
2017-08-09,-0.00019334089159989896,0.0,6.858007106865991e-08,-0.00019340947167096763,0.6051513135690163,0.6001449683810043,0.0
2017-08-10,-0.0023457397248587424,0.0,6.884679005296541e-08,-0.002345808571648795,0.6050935019374378,0.6000676862635713,0.0
2017-08-11,0.0009499277914028904,5.821921313409437e-07,6.805739683359938e-08,0.0009492775418747159,0.6049681899801119,0.6000000000112591,0.002909434891705448
2017-08-14,0.0016807170813122763,0.0,2.040429690978763e-07,0.0016805130383431785,0.6053450461329295,0.6003800005515478,0.0
2017-08-15,-8.359828810187152e-05,0.0,6.769398000179675e-08,-8.366598208187332e-05,0.6059923047287278,0.6010506441885964,0.0
2017-08-16,0.0005668671138427415,0.0,6.685527198516647e-08,0.0005668002585707564,0.605897765460625,0.601017330605708,0.0
2017-08-17,-0.0020378013932439067,0.0,6.656856928702183e-08,-0.002037867961813194,0.6061029183556655,0.6012434127977129,0.0
2017-08-18,0.00020510467904699906,0.0,6.648337404088293e-08,0.00020503819567295817,0.6052824931534269,0.6004292068484424,0.0
2017-08-21,0.000439032880055286,0.0,1.9963565141705597e-07,0.0004388332444038689,0.6053689846490304,0.6005111837978822,0.0
2017-08-22,0.0014516844328047286,0.0,6.622060898017812e-08,0.0014516182121957484,0.6055207198771749,0.600686615421622,0.0
2017-08-23,0.0004481975784070134,0.0,6.555588643565934e-08,0.00044813202252057775,0.6060510716257996,0.6012654919159967,0.0
2017-08-24,-0.00014012110875113065,0.0,6.546868915594369e-08,-0.0001401865774402866,0.6062233774135418,0.601444163105158,0.0
2017-08-25,0.0007869930804286434,3.995153054944002e-07,6.568680336868158e-08,0.0007865278783197803,0.6047951366593115,0.6000000000133975,0.0019945453282989994
2017-08-28,-4.621257756851253e-05,0.0,1.9762963975968685e-07,-4.641020720827222e-05,0.6051238166460684,0.6003148287452494,0.0
2017-08-29,0.0003477511405580017,0.0,6.576216494644685e-08,0.00034768537839305525,0.6050971140926115,0.6002964760515208,0.0
2017-08-30,0.0011737617731363706,0.0,6.582664861957909e-08,0.001173695946487751,0.6052408099096119,0.6004354645603825,0.0
2017-08-31,0.0014240225971610106,0.0,6.563168347052057e-08,0.00142395696547754,0.605695060699099,0.6009039478057511,0.0
2017-09-01,-0.0003932847646086272,0.0,6.579057637905961e-08,-0.00039335055518500625,0.6062742129453836,0.6014715008697122,0.0
2017-09-05,0.000154637148548927,0.0,2.6428102357616694e-07,0.00015437286752535082,0.6061378722736022,0.601314743593337,0.0
2017-09-06,-0.0003468499585941271,0.0,6.63739085474078e-08,-0.0003469163325026745,0.6062218398442067,0.6013765445202459,0.0
2017-09-07,0.0010243068372716643,0.0,6.669726757325399e-08,0.001024240140004091,0.6061071744714543,0.6012382739386068,0.0
2017-09-08,-0.0008304965506963577,0.0,6.634649599077497e-08,-0.0008305628971923485,0.6064896446410041,0.6016463504336774,0.0
2017-09-11,-6.664596567637885e-05,3.053919566031427e-05,3.773268466395937e-06,-0.00010095842980308907,0.6918161993103508,0.5999999999613831,0.151045834535444
2017-09-12,-5.577600008934744e-05,0.0,1.265604105624568e-06,-5.7041604194972006e-05,0.6923830281512067,0.5999939284406134,0.0
2017-09-13,-0.0004131050458485383,0.0,1.2659511032981742e-06,-0.00041437099695183647,0.6923868063680806,0.5999723758273138,0.0
2017-09-14,0.0005039653176720301,0.0,1.2732400224133418e-06,0.0005026920776496167,0.6927543353793995,0.5998078137432257,0.0
2017-09-15,0.00045607285544977067,0.0,1.269632908671442e-06,0.0004548032225410992,0.6926933610406213,0.600010158707606,0.0
2017-09-18,-0.0003843966581354399,0.0,3.797674116463237e-06,-0.0003881943322519031,0.692603331900744,0.6001932617334719,0.0
2017-09-19,0.00024605126861552414,0.0,1.2689461748538133e-06,0.00024478232244067033,0.692674868664724,0.6000417979003956,0.0
2017-09-20,-0.0013739643274106397,0.0,1.2652476826053344e-06,-0.0013752295750932451,0.6925040261048244,0.600140945274635,0.0
2017-09-21,0.00016435788996975188,0.0,1.2767188044348104e-06,0.00016308117116531706,0.6927920297131136,0.5995915569893724,0.0
2017-09-22,0.0005877887444070993,0.0,1.273317595896112e-06,0.0005865154268112033,0.6926103064309354,0.5996581219305189,0.0
2017-09-25,3.139139062187433e-05,2.3479397165004332e-07,3.849246324483439e-06,2.730735032574085e-05,0.6936649938787642,0.5999999999830005,0.0011725922354495766
2017-09-26,-8.90789252221743e-05,0.0,1.2900419557015692e-06,-9.036896717787586e-05,0.6941880693198523,0.6000150065536377,0.0
2017-09-27,-0.0009978631546541255,0.0,1.2942439069289671e-06,-0.0009991573985610545,0.6944599524204613,0.5999801472146465,0.0
2017-09-28,0.0004963825052368505,0.0,1.3017297958845397e-06,0.000495080775440966,0.6946076353116589,0.5995813602120877,0.0
2017-09-29,0.0008232581812250699,0.0,1.2974083429277703e-06,0.0008219607728821421,0.6944916118061205,0.5997808027723934,0.0
2017-10-02,3.4922101184429984e-05,0.0,3.8846799594630645e-06,3.103742122496692e-05,0.694638005768977,0.6001107934220423,0.0
2017-10-03,0.0004706591081862576,0.0,1.3014039386223511e-06,0.00046935770424763525,0.6951295766454048,0.6001270891259732,0.0
2017-10-04,0.00027738693850194306,0.0,1.3002167834800043e-06,0.0002760867217184631,0.6952318104955155,0.6003159853014751,0.0
2017-10-05,-1.2117119465150218e-05,0.0,1.298162510226796e-06,-1.3415281975377014e-05,0.695193465398226,0.6004276021516699,0.0
2017-10-06,-0.0005644683498749878,0.0,1.3043148709018858e-06,-0.0005657726647458896,0.6956385254591346,0.6004235398832969,0.0
2017-10-09,6.200103761380249e-06,2.0611453851426923e-07,3.9405954916643735e-06,2.0533937312016065e-06,0.6958878236028607,0.5999999999723611,0.0010294377753391204
2017-10-10,0.0007294212478466331,0.0,1.3114601773396125e-06,0.0007281097876692935,0.695741560975474,0.6000049680296824,0.0
2017-10-11,0.000252867172171371,0.0,1.3039511562006369e-06,0.00025156322101517036,0.6954857413354862,0.6002973069328397,0.0
2017-10-12,1.9990061347394094e-05,0.0,1.2999726104793019e-06,1.869008873691479e-05,0.6952971363295126,0.6003991357645234,0.0
2017-10-13,0.0008815004857593136,0.0,1.302469567866168e-06,0.0008801980161914475,0.6954881826030942,0.600407904148864,0.0
2017-10-16,-0.00029400778184085973,0.0,3.9057487995612375e-06,-0.00029791353064042095,0.6958005037879121,0.6007606163319221,0.0
2017-10-17,0.0002835750122477389,0.0,1.3050262832722838e-06,0.0002822699859644666,0.6959124676651199,0.6006455489862431,0.0
2017-10-18,1.564609652332431e-05,0.0,1.3074533331669536e-06,1.4338643190157355e-05,0.6962036409306067,0.6007595476094193,0.0
2017-10-19,0.0004702635771544056,0.0,1.3057808971539528e-06,0.00046895779625725164,0.6960885850205567,0.6007665795283179,0.0
2017-10-20,-0.0006015155244928691,0.0,1.3020809993814405e-06,-0.0006028176054922506,0.6960069335182243,0.6009550205633795,0.0
2017-10-23,-0.0004039467677220323,1.8667426047729024e-07,3.929362418693541e-06,-0.00040806280440120314,0.695614485471981,0.5999999999504382,0.0009331568145179848
2017-10-24,-0.0003905141027194313,0.0,1.3123386682119401e-06,-0.0003918264413876432,0.695641548691804,0.5998408259123322,0.0
2017-10-25,-0.0011528725635949946,0.0,1.3147258481451156e-06,-0.0011541872894431397,0.6956602712751297,0.5996852843605364,0.0
2017-10-26,-0.0009111550661542645,0.0,1.3134771536404844e-06,-0.000912468543307905,0.695107860769983,0.5992240285542276,0.0
2017-10-27,0.0014874067606462796,0.0,1.3274773189130254e-06,0.0014860792833273665,0.6957651580544095,0.598859313773759,0.0
2017-10-30,0.0006978380929995288,0.0,3.984861710706221e-06,0.0006938532312888225,0.6964208498613903,0.5994558815675388,0.0
2017-10-31,-1.5417833839102232e-05,0.0,1.3213990087265213e-06,-1.6739232847828753e-05,0.6961997174329692,0.5997375897959333,0.0
2017-11-01,2.38216084026647e-05,0.0,1.322429926998348e-06,2.249917847566635e-05,0.6962695956900999,0.5997322110192209,0.0
2017-11-02,0.0002907257189006191,0.0,1.3247728215655791e-06,0.0002894009460790535,0.6964509548874882,0.5997425389132008,0.0
2017-11-03,-0.0003364580041012365,0.0,1.3241668870246061e-06,-0.0003377821709882611,0.6965238474304255,0.5998596646776291,0.0
2017-11-06,0.0002648270175438933,8.850610837782155e-08,3.983027693200731e-06,0.0002607554837423147,0.6969203405541354,0.6000000000195843,0.0004424480571240397
2017-11-07,-0.0007879873493317277,0.0,1.32473873504227e-06,-0.0007893120880667699,0.6968142731532865,0.6001083454952008,0.0
2017-11-08,-0.0004571992362041674,0.0,1.3277065779454233e-06,-0.0004585269427821128,0.6967163628188613,0.5997937826288455,0.0
2017-11-09,-0.00109242592493873,0.0,1.3275301910646504e-06,-0.0010937534551297946,0.6965212253781391,0.5996115214304196,0.0
2017-11-10,-0.0005123812480671146,0.0,1.3239238533111914e-06,-0.0005137051719204257,0.6958208859162314,0.5991744446245144,0.0
2017-11-13,8.294080547543127e-05,0.0,3.971668032431244e-06,7.896913744300002e-05,0.6956136793610583,0.5989697572385645,0.0
2017-11-14,-0.00033836918608547194,0.0,1.3243362541077932e-06,-0.00033969352233957975,0.6956819416545338,0.5990053951046651,0.0
2017-11-15,0.0002677212893468028,0.0,1.3162788453880188e-06,0.0002664050105014148,0.6949588140473215,0.5988704583339961,0.0
2017-11-16,0.0016553020010124002,0.0,1.3152530294388409e-06,0.0016539867479829615,0.6949920798698319,0.5989786087207966,0.0
2017-11-17,2.6699596407105204e-05,0.0,1.314527412938363e-06,2.538506899416684e-05,0.6956026117618158,0.5996421106173153,0.0
2017-11-20,-0.00022893591879268537,1.327413549949008e-07,3.933825163533337e-06,-0.0002330024853112136,0.6957230790309132,0.6000000000516019,0.0006635395905382341
2017-11-21,0.0010579806918830585,0.0,1.3175118522522846e-06,0.0010566631800308062,0.6960892100650414,0.5999108448506245,0.0
2017-11-22,0.001137335139594446,0.0,1.3147373845565205e-06,0.0011360204022098895,0.6963103032805351,0.6003344742079089,0.0
2017-11-24,9.287316391020681e-05,0.0,2.6076679983128904e-06,9.026549591189392e-05,0.6959691823831893,0.6007893004447687,0.0
2017-11-27,-0.0004289053438039474,0.0,3.893531925721761e-06,-0.00043279887572966915,0.6955705497693183,0.6008279395767553,0.0
2017-11-28,0.0009137982439795459,0.0,1.2996574529639924e-06,0.0009124985865265819,0.6955339928386884,0.6006589987723169,0.0
2017-11-29,-0.001099797939935439,0.0,1.303602896494142e-06,-0.001101101542831933,0.6961873745785409,0.6010243631344683,0.0
2017-11-30,0.0006584071016613164,0.0,1.3049726006846065e-06,0.0006571021290606318,0.6958488710739169,0.6005858712239408,0.0
2017-12-01,0.0007870735461332928,0.0,1.301391721731208e-06,0.0007857721544115616,0.6958510545533138,0.6008494588669356,0.0
2017-12-04,-5.86164832073793e-05,0.0,3.898379269499804e-06,-6.25148624768791e-05,0.6960247165848374,0.6011641543603421,0.0
2017-12-05,0.00033520424739473265,5.238573592376263e-07,1.3033234323423482e-06,0.00033337706660315267,0.6951426104608959,0.5999999998999045,0.0026181256592329727
2017-12-06,0.0006985296255315022,0.0,1.3048870899321594e-06,0.00069722473844157,0.6953918904221895,0.6001351328571418,0.0
2017-12-07,-0.00030987216122812356,0.0,1.3065359422696013e-06,-0.00031117869717039315,0.6957921620503437,0.6004150382646629,0.0
2017-12-08,-0.00022588079510141486,0.0,1.3096396111426583e-06,-0.0002271904347125575,0.6958956557881825,0.6002919641747685,0.0
2017-12-11,6.5557501079227e-05,0.0,3.934524286010998e-06,6.1622976793216e-05,0.6959425345933528,0.6002024436337516,0.0
2017-12-12,-5.093947411366751e-05,0.0,1.3110049802144394e-06,-5.225047909388195e-05,0.6959343766686934,0.6002310131130394,0.0
2017-12-13,0.0013875409641146198,0.0,1.312906003912076e-06,0.0013862280581107076,0.6960535732595422,0.6002114349739607,0.0
2017-12-14,-0.00024091533522677743,0.0,1.3029723849205444e-06,-0.00024221830761169799,0.6958831611063439,0.600766177007144,0.0
2017-12-15,0.0004761057416434185,0.0,1.3044578904473586e-06,0.00047480128375297116,0.695896181128313,0.6006707551256557,0.0
2017-12-18,0.00023758812251877621,0.0,3.92566159685971e-06,0.0002336624609219165,0.696386003212273,0.6008615710220199,0.0
2017-12-19,-0.001341665357955346,2.6836993335775414e-07,1.3065740307408831e-06,-0.0013432403019194446,0.6953799042088494,0.5999999999647648,0.001341480723601577
2017-12-20,-0.0004974922122353419,0.0,1.3048093262939513e-06,-0.0004987970215616359,0.6947146390371981,0.5994635582177397,0.0
2017-12-21,0.0006354498865934929,0.0,1.3040295172139562e-06,0.000634145857076279,0.6944591323480719,0.5992649775914533,0.0
2017-12-22,0.0004803203688048183,0.0,1.3027778623421357e-06,0.00047901759094247614,0.6946230281499305,0.5995202441989546,0.0
2017-12-26,0.00041248925207468745,0.0,5.210060036462452e-06,0.000407279192038225,0.6947968870171198,0.59971329135168,0.0
2017-12-27,0.001297582586614685,0.0,1.3009736180413434e-06,0.0012962816129966437,0.6948525354838685,0.5998814613668504,0.0
2017-12-28,0.00016565544568133072,0.0,1.2970032504285129e-06,0.00016435844243090222,0.6950819927749706,0.6004007554936895,0.0
2017-12-29,0.0003931943280874356,0.0,1.2934268914418052e-06,0.0003919009011959938,0.6948878820755974,0.6004677190003458,0.0
2018-01-02,0.00020518373841319366,0.0,5.152072186973766e-06,0.0002000316662262199,0.69465084505514,0.6006255276428687,0.0
2018-01-03,0.0009797586476343592,0.0,1.2832754174052978e-06,0.0009784753722169538,0.6943896557195827,0.6007105502489957,0.0
2018-01-04,0.000570614748557511,3.1028633070486e-07,1.2863572007313107e-06,0.0005690181050260749,0.6939040757366918,0.6000000000833062,0.0015510719400016054
2018-01-05,0.0004815610041043305,0.0,1.2816162861744057e-06,0.00048027938781815613,0.6937870625125415,0.6002290736218099,0.0
2018-01-08,-0.00033132624089542606,0.0,3.8456568266707e-06,-0.00033517189772209674,0.6939999136374244,0.6004222641884374,0.0
2018-01-09,-0.0010253611158965764,0.0,1.2878265122244381e-06,-0.001026648942408801,0.6943034743953433,0.6002921390029592,0.0
2018-01-10,-0.0005958946907752609,0.0,1.2918173304044197e-06,-0.0005971865081056654,0.6941853118914632,0.5998826467719405,0.0
2018-01-11,0.0013205626252697827,0.0,1.2896281812249708e-06,0.0013192729970885578,0.6937877091257955,0.5996448518963727,0.0
2018-01-12,0.0007490684982003847,0.0,1.2828203598791726e-06,0.0007477856778405055,0.6938195079401895,0.6001736216690097,0.0
2018-01-16,4.2958113399500935e-05,0.0,5.077014148356657e-06,3.7881099251144276e-05,0.6931291727684401,0.6004736645609311,0.0
2018-01-17,0.0003363882725908171,0.0,1.2626605287337808e-06,0.00033512561206208334,0.6926680939038063,0.6004938753062405,0.0
2018-01-18,-0.0008017800298408167,0.0,1.2657216505138004e-06,-0.0008030457514913305,0.6930266579126568,0.6006289774251493,0.0
2018-01-19,-0.00024270522721134836,7.335105801694694e-08,1.2654720214229903e-06,-0.0002440440502907883,0.69237945768251,0.6000000001186315,0.00036670026397542764
2018-01-22,0.0006401548017323729,0.0,3.8029821263530827e-06,0.0006363518196060197,0.6924429295608788,0.5999036978196205,0.0
2018-01-23,0.0011623705901435302,0.0,1.2632649395218526e-06,0.0011611073252040085,0.6923802790648383,0.600161938479743,0.0
2018-01-24,-0.00010544087711884941,0.0,1.2586108857807216e-06,-0.00010669948800463013,0.692505511419118,0.6006269167571252,0.0
2018-01-25,0.000574336449677858,0.0,1.2482460691209645e-06,0.0005730882036087371,0.6917075210973838,0.6005855580515533,0.0
2018-01-26,0.0007353255505134662,0.0,1.2488352956652561e-06,0.000734076715217801,0.6919805507666862,0.6008155741831226,0.0
2018-01-29,-0.0020368910000760814,0.0,3.7373658476524672e-06,-0.0020406283659237336,0.6920522081037906,0.6011096391442474,0.0
2018-01-30,-0.0014730948312556154,0.0,1.2514900674034626e-06,-0.0014743463213230188,0.6916565076460234,0.6002977327255706,0.0
2018-01-31,0.0006971634488588137,0.0,1.2520317976767178e-06,0.000695911417061137,0.6911071376120125,0.5997088163816123,0.0
2018-02-01,-0.0009288417879178701,0.0,1.2494639984634229e-06,-0.0009300912519163335,0.6911993129120876,0.5999884410242579,0.0
2018-02-02,-0.003661407844581076,3.95115985056208e-05,3.937793799620084e-06,-0.0037048572368863168,0.6956040228853678,0.40814507551310175,0.19680842476305577
2018-02-05,-0.004246885735594704,0.0,1.1879079660420532e-05,-0.004258764815255125,0.6950453995572465,0.40598779448701344,0.0
2018-02-06,0.0020506595726880747,0.0,3.986499939598984e-06,0.002046673072748476,0.694473641959091,0.4034591463683651,0.0
2018-02-07,-0.0015806204182889922,0.0,3.979219569138838e-06,-0.001584599637858131,0.6951645836463288,0.4046815550991938,0.0
2018-02-08,-0.004741935036323022,0.0,3.9933782445525814e-06,-0.004745928414567575,0.695257313903502,0.4037407020511637,0.0
2018-02-09,-5.822262755543149e-05,0.0,4.012501319317278e-06,-6.223512887474877e-05,0.6938140127487181,0.40090141643855676,0.0
2018-02-12,0.0019418992916822302,0.0,1.204723914136227e-05,0.0019298520525408678,0.6940176276646223,0.40086814189147374,0.0
2018-02-13,-0.0002723978938517449,0.0,4.003294120285216e-06,-0.00027640118797203015,0.6942746454867289,0.4020341747059082,0.0
2018-02-14,0.0006994874453464696,0.0,3.997650118527698e-06,0.0006954897952279419,0.6937013135990994,0.4018728549465773,0.0
2018-02-15,0.003015755117038646,0.0,3.98143937047072e-06,0.003011773677668175,0.6929376260716551,0.4022925520272927,0.0
2018-02-16,0.0011243845441195415,2.7239885814140677e-07,3.9467660954220685e-06,0.0011201653791659781,0.6920767543861254,0.4039628294203144,0.0013617664363794607
2018-02-20,-0.002111998458247702,0.0,1.580416820780716e-05,-0.002127802626455509,0.6930600268070319,0.4046339570145513,0.0
2018-02-21,-0.0019818716972784325,0.0,3.966429088120701e-06,-0.0019858381263665533,0.6929295955916748,0.4033802721588636,0.0
2018-02-22,0.0005896539183215119,0.0,3.9790917789105e-06,0.0005856748265426014,0.692670798655152,0.4021970987946857,0.0
2018-02-23,0.0029432632576047047,0.0,3.973239760832304e-06,0.0029392900178438724,0.6925974912732648,0.4025509887325067,0.0
2018-02-26,0.0012210920356214231,0.0,1.1894320857025217e-05,0.001209197714764398,0.6937343539412096,0.40430587975359616,0.0
2018-02-27,-0.0018541413284021413,0.0,3.959279869480894e-06,-0.0018581006082716222,0.6940646322025957,0.4050372017304905,0.0
2018-02-28,-0.0009170810296304864,0.0,3.97250254317968e-06,-0.000921053532173666,0.6939262953400674,0.4039336096879509,0.0
2018-03-01,-0.0017842832530227581,0.0,3.9809813487014595e-06,-0.0017882642343714597,0.6939997091208504,0.40338807066564364,0.0
2018-03-02,0.000921241256740833,0.0,3.988944651366807e-06,0.0009172523120894662,0.693516207236893,0.40232324768711597,0.0
2018-03-05,0.0005690221026044759,1.1303640881034453e-07,1.1909069410897957e-05,0.0005569999967847675,0.6927130134829502,0.40292565781776657,0.000565119084647514
2018-03-06,0.0005933578990140402,0.0,3.967874355970626e-06,0.0005893900246580695,0.6929248864849394,0.4032700584990838,0.0
2018-03-07,-0.00020808897044823562,0.0,3.961700973016359e-06,-0.000212050671421252,0.6928296945710196,0.4036255235408254,0.0
2018-03-08,0.000354225182284755,0.0,3.96122992067684e-06,0.0003502639523640782,0.6926727818613592,0.4035029976519498,0.0
2018-03-09,0.0013056645917870033,0.0,3.96825188471331e-06,0.0013016963399022899,0.6933982033210543,0.40371581573698256,0.0
2018-03-12,-0.00022367141720687852,0.0,1.1879346106979444e-05,-0.00023555076331385796,0.6935590393350595,0.40449495073189307,0.0
2018-03-13,-0.0006573160741422347,0.0,3.960527671975419e-06,-0.0006612766018142101,0.6934850482132582,0.4043665281590525,0.0
2018-03-14,8.139611816258745e-06,0.0,3.9605897319180735e-06,4.179022084340672e-06,0.6930994026243219,0.40397635219430267,0.0
2018-03-15,-0.00018466448071772408,0.0,3.960828767026069e-06,-0.00018862530948475016,0.6931233035459643,0.40398280355306115,0.0
2018-03-16,0.00042646829885352195,0.0,3.966082478694932e-06,0.000422502216374827,0.6933983409356747,0.4038743199909446,0.0
2018-03-19,-0.0018036772831279487,7.518840633018773e-08,1.1914670522639455e-05,-0.0018156671420569183,0.6939969995861249,0.4040733502018984,0.0003759079444459064
2018-03-20,-0.0005297475018555458,0.0,3.972971656836904e-06,-0.0005337204735123827,0.6930283202486187,0.4030013892995249,0.0
2018-03-21,0.00045997250934297763,0.0,3.981251426368798e-06,0.00045599125791660885,0.6933179179861326,0.40268656386121043,0.0
2018-03-22,-0.0021585874530327823,0.0,3.971776066249363e-06,-0.0021625592290990315,0.6929024416977702,0.4029627888615669,0.0
2018-03-23,-0.002226874867458862,0.0,3.983315681272169e-06,-0.002230858183140134,0.6924548874545084,0.4016728427216401,0.0
2018-03-26,0.0033998114781482558,0.0,1.1966721968421252e-05,0.0033878447561798346,0.6915293021039486,0.4003390675390315,0.0
2018-03-27,-0.0007163012469732793,0.0,3.968332135974289e-06,-0.0007202695791092536,0.6920639385629889,0.4023756926368656,0.0
2018-03-28,1.2651669769297521e-05,0.0,3.9784970442775346e-06,8.673172725019986e-06,0.6923791871893088,0.40194890295704877,0.0
2018-03-29,0.0020845716971480688,0.0,3.989507177990144e-06,0.002080582189970079,0.6931920923683431,0.4019580683750627,0.0
2018-04-02,-0.002046156639320668,0.0,1.5925747059899762e-05,-0.0020620823863805675,0.6938486253917863,0.4032037415486155,0.0
2018-04-03,0.0007059757188022897,2.007640147298308e-07,3.974120637995783e-06,0.000701800834149564,0.6922353888428964,0.40212458226920433,0.0010036784789415054
2018-04-04,0.0011102915425792437,0.0,3.972399908553064e-06,0.0011063191426706907,0.6925332427555041,0.40254804943113054,0.0
2018-04-05,0.00021310204850897736,0.0,3.965823485557577e-06,0.00020913622502341978,0.6927173739781326,0.40321225953242956,0.0
2018-04-06,-0.0009420616541450279,0.0,3.970550100222704e-06,-0.0009460322042452506,0.6931911656813095,0.4033410083650519,0.0
2018-04-09,0.0006918083445340156,0.0,1.1917138763947454e-05,0.0006798912057700682,0.6927636994749701,0.4027799895522489,0.0
2018-04-10,0.001348555123471046,0.0,3.967138733963306e-06,0.0013445879847370828,0.692798794927887,0.40319766734856555,0.0
2018-04-11,-9.0723693102151e-05,0.0,3.957466963596019e-06,-9.468116006574702e-05,0.6928980932283788,0.4040030048858693,0.0
2018-04-12,0.0004709598705663098,0.0,3.956709688953061e-06,0.00046700316087735675,0.6927903349909121,0.4039505276973388,0.0
2018-04-13,9.256798814828077e-05,0.0,3.95560707278117e-06,8.861238107549959e-05,0.6929920259278103,0.4042327096147851,0.0
2018-04-16,0.0006891821121796029,0.0,1.1862741080429847e-05,0.0006773193710991731,0.6929494855090255,0.40428945255189896,0.0
2018-04-17,0.0006477355502997788,2.5698138617591224e-07,3.962463351874777e-06,0.0006435161055617281,0.6933933913504245,0.4041335666635657,0.0012847014883871184
2018-04-18,-0.0006309795188128251,0.0,3.959915082742442e-06,-0.0006349394338955675,0.6935947874842492,0.404520986444051,0.0
2018-04-19,-0.00164353176753519,0.0,3.963080372684391e-06,-0.0016474948479078746,0.6934514827544859,0.4041466155485253,0.0
2018-04-20,-0.0018283072832813892,0.0,3.973278331108043e-06,-0.0018322805616124971,0.6932166180011926,0.40316729983030547,0.0
2018-04-23,-0.0009082090942573963,0.0,1.1958583075610013e-05,-0.0009201676773330063,0.6930678962243596,0.40207570805118287,0.0
2018-04-24,-0.0015465801005210755,0.0,3.997099509982682e-06,-0.0015505772000310582,0.693325244536194,0.40153698030745827,0.0
2018-04-25,-0.0009677591087418691,0.0,4.002782757723901e-06,-0.000971761891499593,0.6928147207018494,0.40061157938800457,0.0
2018-04-26,0.0013110466784303197,0.0,4.012109199510693e-06,0.001307034569230809,0.6929165282374775,0.4000325566731969,0.0
2018-04-27,0.000396670529695944,0.0,4.012831284849113e-06,0.0003926576984110949,0.6937564019179953,0.40081971812400985,0.0
2018-04-30,-0.001068587024201472,0.0,1.203406889341395e-05,-0.001080621093094886,0.6938879195250018,0.4010589097852623,0.0
2018-05-01,-0.0004776391837860039,2.3994611482738037e-07,4.006013691678759e-06,-0.00048188514359251005,0.6927093310398139,0.4002703315472646,0.0011996097526380811
2018-05-02,-0.001382084567682084,0.0,4.0157579875067535e-06,-0.0013861003256695908,0.6931357724923738,0.3999854394043808,0.0
2018-05-03,7.852943378875625e-05,0.0,4.0278867202156e-06,7.450154706854065e-05,0.693192356541682,0.39915662596594326,0.0
2018-05-04,0.0011612906105677233,0.0,4.0248793579640105e-06,0.0011572657312097592,0.6930216071101655,0.3992054139787925,0.0
2018-05-07,-0.00024618877799941,0.0,1.2060616267244987e-05,-0.00025824939426665497,0.6933789053354147,0.3999039094991202,0.0
2018-05-08,-0.0009042070200521032,0.0,4.023279137705432e-06,-0.0009082302991898086,0.693460335799065,0.3997609587465684,0.0
2018-05-09,0.0006530074744228125,0.0,4.0321626345114375e-06,0.0006489753117883011,0.6935672071417593,0.3992193348224245,0.0
2018-05-10,0.002838604517483495,0.0,4.027974754312891e-06,0.002834576542729182,0.6936551603882618,0.39961300332342087,0.0
2018-05-11,0.0009399914641788365,0.0,4.010792665467756e-06,0.0009359806715133687,0.694101917020732,0.4013140524415858,0.0
2018-05-14,-0.00034702717243081097,0.0,1.2013780295251672e-05,-0.0003590409527260626,0.694213214482496,0.4018778939647052,0.0
2018-05-15,-0.0027353133590942635,9.160433726763296e-08,4.013710978894484e-06,-0.0027394186744104255,0.6945650512549105,0.40156414979561306,0.0004579875638587999
2018-05-16,0.0003624152707337166,0.0,4.030881985160939e-06,0.00035838438874855565,0.6941787817142067,0.39992439679745806,0.0
2018-05-17,-0.0006661844212878599,0.0,4.03252677628282e-06,-0.0006702169480641427,0.6945178615865378,0.4001434069178919,0.0
2018-05-18,-3.46878716621285e-05,0.0,4.037545580732027e-06,-3.872541724286053e-05,0.6944859658567462,0.3997451384633083,0.0
2018-05-21,0.0007458070199397636,0.0,1.2127394462409935e-05,0.0007336796254773537,0.6948258620637155,0.39972593014507385,0.0
2018-05-22,0.00021194523762911366,0.0,4.038183617907014e-06,0.00020790705401120665,0.6949655387282926,0.40017813462108065,0.0
2018-05-23,0.0011717585198316868,0.0,4.0372616472679815e-06,0.0011677212581844188,0.6950269534907146,0.40030685324015197,0.0
2018-05-24,0.0006641891080230195,0.0,4.040398038009348e-06,0.0006601487099850102,0.6959594002318594,0.4010103434571769,0.0
2018-05-25,-6.391273175795156e-05,0.0,4.037766670297097e-06,-6.795049842824866e-05,0.6961665095051823,0.4014095425734943,0.0
2018-05-29,-0.0011663369536803385,0.0,1.6187923472183667e-05,-0.0011825248771525222,0.6968025066979251,0.40137290333057324,0.0
2018-05-30,0.0010413044380095727,3.259743163875231e-07,4.0493777594122645e-06,0.001036929085933773,0.6960315568546025,0.40042698041750713,0.001629004062398832
2018-05-31,-0.0007503226187503864,0.0,4.031569708638478e-06,-0.0007543541884590249,0.6953570106648378,0.40105242193422896,0.0
2018-06-01,0.00018149539471616733,0.0,4.0323465037248655e-06,0.00017746304821244247,0.6949655916166333,0.4006042968447181,0.0
2018-06-04,0.00039578224850021814,0.0,1.209476349900999e-05,0.00038368748500120815,0.6950205920000669,0.40071468019082407,0.0
2018-06-05,0.0005604432491236361,0.0,4.026143511893578e-06,0.0005564171056117425,0.6948650967702787,0.40095662040204766,0.0
2018-06-06,0.000245502413438866,0.0,4.024145955369347e-06,0.00024147826748349666,0.6950564316712746,0.4012937769293123,0.0
2018-06-07,0.00020568003417260642,0.0,4.019063009611776e-06,0.00020166097116299463,0.6948339394437151,0.4014423397420556,0.0
2018-06-08,8.935616690133527e-05,0.0,4.018485617830376e-06,8.53376812835049e-05,0.6949164894786979,0.40156703937708044,0.0
2018-06-11,-4.036095548761882e-05,0.0,1.2053353549850654e-05,-5.241430903746947e-05,0.6949203917563669,0.4016221220433344,0.0
2018-06-12,-0.00030957489802922153,0.0,4.017789471017077e-06,-0.0003135926875002386,0.6949014422059301,0.4016028108216835,0.0
2018-06-13,-0.000507123835166033,1.4250167300423653e-07,4.021096175606486e-06,-0.0005112874330146437,0.6944366684130437,0.4008966475937704,0.000712302215505764
2018-06-14,0.00029100831146623024,0.0,4.019067724302124e-06,0.0002869892437419281,0.6939862864857735,0.4005943426117186,0.0
2018-06-15,-7.782827508359279e-05,0.0,4.034726836142448e-06,-8.186300191973523e-05,0.6953053931864721,0.4007703341480734,0.0
2018-06-18,-0.0007448757052530559,0.0,1.210526469314895e-05,-0.0007569809699462048,0.6952867513164728,0.40072531044984844,0.0
2018-06-19,-0.0004036255644476767,0.0,4.038298354821903e-06,-0.0004076638628024986,0.6950792215945402,0.40028344169254115,0.0
2018-06-20,-0.00011697216046653918,0.0,4.044097698621214e-06,-0.00012101625816516039,0.6952620311610009,0.4000428991616524,0.0
2018-06-21,-0.00014206385922881939,0.0,4.044555810372245e-06,-0.00014610841503919164,0.6952269045551868,0.39997433039801294,0.0
2018-06-22,0.0008452467301930815,0.0,4.043438177856146e-06,0.0008412032920152254,0.6950616809177623,0.39989069393426363,0.0
2018-06-25,-0.0015326533958104837,0.0,1.2106793719417178e-05,-0.001544760189529901,0.6949977707760462,0.40039912360356145,0.0
2018-06-26,2.385966170124624e-05,0.0,4.040297617092184e-06,1.9819364084154055e-05,0.6944253025808795,0.3994835765331503,0.0
2018-06-27,-0.0005364463974367787,9.719295234882968e-06,2.759988776478313e-06,-0.0005489256814481399,0.6476211906021669,0.4461420099192502,0.04727913663758805
2018-06-28,7.903239832882882e-05,0.0,2.763255455352579e-06,7.626914287347624e-05,0.6475679504435121,0.44585030220277383,0.0
2018-06-29,-2.29067848629829e-05,0.0,2.762828498504285e-06,-2.5669613361487185e-05,0.6475818069375487,0.4458953265467357,0.0
2018-07-02,0.00023838705535619666,0.0,8.289109612006332e-06,0.00023009794574419033,0.6475855326537898,0.4458838654283024,0.0
2018-07-03,0.00058743784483702,0.0,2.761170580144066e-06,0.0005846766742568759,0.6475850766348661,0.4460196242843492,0.0
2018-07-05,0.0017177300321396499,0.0,5.52195247686697e-06,0.0017122080796627829,0.6478973593850355,0.44634609397939085,0.0
2018-07-06,0.001798203660577117,0.0,2.756397231543278e-06,0.0017954472633455738,0.648514954738479,0.44729795683581947,0.0
2018-07-09,0.0010754455547453406,0.0,8.257842557271411e-06,0.0010671877121880692,0.6492321127099276,0.4482912771496566,0.0
2018-07-10,0.0004148285970694655,0.0,2.7478269888820555e-06,0.00041208077008058345,0.6494790454815665,0.44888767529317636,0.0
2018-07-11,-0.0007286376699793796,0.0,2.7456863016788342e-06,-0.0007313833562810584,0.6495525312558815,0.44911743123332665,0.0
2018-07-12,0.0013068982880668316,7.438913367956598e-08,2.7479622289344535e-06,0.0013040759367042175,0.6496901492340191,0.4490889065218039,0.0003719292581679384
2018-07-13,0.0006838235653373421,0.0,2.7444141543828634e-06,0.0006810791511829593,0.6501514527006524,0.4498092194307035,0.0
2018-07-16,-0.0005395107318195152,0.0,8.230785628342398e-06,-0.0005477415174478576,0.6504688806938121,0.45018643040414713,0.0
2018-07-17,0.00025439747071528566,0.0,2.7441209016696287e-06,0.000251653349813616,0.6502141707576553,0.4498933449357724,0.0
2018-07-18,0.00016038918989513291,0.0,2.7433900161397817e-06,0.00015764579987899313,0.6503019608978221,0.45003448971961807,0.0
2018-07-19,-0.00011193510622039858,0.0,2.742629896777729e-06,-0.00011467773611717632,0.6503359012290694,0.450123918764295,0.0
2018-07-20,-0.0005393225619471908,0.0,2.7446124506063723e-06,-0.0005420671743977971,0.65042030482663,0.45006359593236483,0.0
2018-07-23,-0.0005068736863596872,0.0,8.239914648780399e-06,-0.0005151136010084676,0.6502726676685191,0.44976807788152917,0.0
2018-07-24,0.0006873522908869163,0.0,2.7463802143636597e-06,0.0006846059106725527,0.6499784996697165,0.4494927440211694,0.0
2018-07-25,0.0017452599325941333,0.0,2.744719951939619e-06,0.0017425152126421936,0.6502366676972703,0.4498721112056781,0.0
2018-07-26,4.596484077898002e-05,5.0983818903423415e-08,2.7401471529357895e-06,4.3173709807140813e-05,0.6511174415857213,0.45108669942140867,0.00025490956873475135
2018-07-27,-0.00021992080441588202,0.0,2.7397429120170025e-06,-0.00022266054732789903,0.6511144206095585,0.4511131880323173,0.0
2018-07-30,-0.0008172363249628763,0.0,8.221500525671406e-06,-0.0008254578254885477,0.6510501985201448,0.4509936857288074,0.0
2018-07-31,0.0006960541439725813,0.0,2.7433724815982707e-06,0.0006933107714909831,0.6508145492284494,0.4505483580717757,0.0
2018-08-01,-0.0009082285353470643,0.0,2.7417935930875134e-06,-0.0009109703289401518,0.6510827086533802,0.45093177635799186,0.0
2018-08-02,0.000494544346920806,0.0,2.744770749178116e-06,0.0004917995761716279,0.6508021444122234,0.4504338797222211,0.0
2018-08-03,0.0008916462427621006,0.0,2.745202283895693e-06,0.000888901040478205,0.6511065333967001,0.45070676667231463,0.0
2018-08-06,0.00035108985779971175,0.0,8.229163621212755e-06,0.000342860694178499,0.6514403245768203,0.45119734312730997,0.0
2018-08-07,-0.0002249207200802975,0.0,2.7433036393826237e-06,-0.00022766402371968014,0.6516548335137382,0.45139366783880663,0.0
2018-08-08,-0.00019868635991224435,0.0,2.742662940503757e-06,-0.0002014290228527481,0.6514858800576567,0.45127148540088263,0.0
2018-08-09,-0.0004447102240512934,2.524995403188555e-07,2.743756024309209e-06,-0.00044770647961592144,0.6514525254342245,0.4511583356596523,0.0012618707457259777
2018-08-10,-0.0014904586309880095,0.0,2.74633509064043e-06,-0.00149320496607865,0.6513979648449068,0.45091550322815555,0.0
2018-08-13,-0.0007191625598683462,0.0,8.257470662490712e-06,-0.000727420030530837,0.6510289179903003,0.4500971318696931,0.0
2018-08-14,0.0012952036213172238,0.0,2.7532635990164347e-06,0.0012924503577182074,0.6506933365310883,0.4497050938028887,0.0
2018-08-15,-0.0005713498833871119,0.0,2.7499602777827107e-06,-0.0005740998436648946,0.6511652545976707,0.4504181543195328,0.0
2018-08-16,0.0009908710381715032,0.0,2.7525647773193887e-06,0.0009881184733941837,0.6510424385110207,0.4501052097667054,0.0
2018-08-17,0.0007556697980272787,0.0,2.7495868746607343e-06,0.000752920211152618,0.651370626289956,0.45065078443972245,0.0
2018-08-20,0.00032123355915527864,0.0,8.247534830593637e-06,0.000312986024324685,0.6517568511107793,0.4510668368996673,0.0
2018-08-21,0.0003267754596661575,0.0,2.7493094809191597e-06,0.0003240261501852383,0.6519464286125742,0.4512468365054758,0.0
2018-08-22,0.0004920708327294848,0.0,2.747086147698665e-06,0.0004893237465817861,0.6519646264848199,0.4514273377028177,0.0
2018-08-23,-0.0005514805554698119,7.286108809018759e-08,2.7464319415034614e-06,-0.0005542998484994056,0.6518753787520877,0.4513858470223348,0.0003641799404229914
2018-08-24,0.0010273589338938678,0.0,2.7475228918608185e-06,0.0010246114110020069,0.6516535735886614,0.4510844024828217,0.0
2018-08-27,0.0005881753618683933,0.0,8.233928186565752e-06,0.0005799414336818276,0.6520079159073615,0.4516489967009283,0.0
2018-08-28,-0.0005609922379469132,0.0,2.741645468742962e-06,-0.0005637338834156561,0.6521151722208062,0.4519750530025699,0.0
2018-08-29,-5.764924826999394e-05,0.0,2.7422117611960546e-06,-6.039146003119e-05,0.6518501402718895,0.4516686817045775,0.0
2018-08-30,-0.0008249761717604647,0.0,2.7426570484831197e-06,-0.0008277188288089479,0.6518522720923746,0.4516383075531068,0.0
2018-08-31,-0.00036313539258104,0.0,2.7466779531697287e-06,-0.0003658820705342097,0.6516942777617956,0.4511867871804053,0.0
2018-09-04,-0.0008838238799695167,0.0,1.0995203221060638e-05,-0.0008948190831905773,0.6516511192370549,0.4509886604526982,0.0
2018-09-05,-0.0002549341139387338,0.0,2.7500678032761526e-06,-0.00025768418174200995,0.6512629093313497,0.4505079596921905,0.0
2018-09-06,0.0005482379696874514,0.0,2.750526188293987e-06,0.0005454874434991573,0.6511574903112048,0.45036907856574393,0.0
2018-09-07,-0.001022857332013578,7.773872012451392e-08,2.7496519068814584e-06,-0.0010256847226405839,0.6512484754425005,0.45052388624015416,0.0003886462083866515
2018-09-10,0.00040641258458413927,0.0,8.248138109098176e-06,0.0003981644464750411,0.6506672426080763,0.4499625486200205,0.0
2018-09-11,-0.0001413052261796707,0.0,2.749328351732393e-06,-0.0001440545545314031,0.6508906813437147,0.45018971166724997,0.0
2018-09-12,0.000790473852906661,0.0,2.7476199650280936e-06,0.0007877262329416329,0.6506895047514503,0.4501132473043994,0.0
2018-09-13,0.0017168451102902947,0.0,2.7450639553597374e-06,0.001714100046334935,0.6509384807801034,0.45054881203884245,0.0
2018-09-14,6.314255932564633e-06,0.0,2.740407673431093e-06,3.5738482591335396e-06,0.6515415152712473,0.4514917551107775,0.0
2018-09-17,-0.0007567764745660718,0.0,8.219750312978598e-06,-0.0007649962248790504,0.6515103800693668,0.4514964557868875,0.0
2018-09-18,-0.00041312405402491595,0.0,2.741108020387605e-06,-0.00041586516204530357,0.6511856429371654,0.4510847574488703,0.0
2018-09-19,-9.292294070080088e-06,0.0,2.7420656423692925e-06,-1.203435971244938e-05,0.6510299218929607,0.4508591300000024,0.0
2018-09-20,0.0015076989679988764,0.0,2.741799744465089e-06,0.0015049571682544114,0.6510066448063025,0.4508552634603511,0.0
2018-09-21,6.512803128771098e-05,5.020902220294208e-05,2.2803221948028438e-08,1.4896205862820869e-05,0.6016646353854262,0.6000000001832202,0.25000000018348945
2018-09-24,-0.0005781586251777946,0.0,6.851570096327914e-08,-0.0005782271408787578,0.6017234050440838,0.6000561896539774,0.0
2018-09-25,-0.00015628955839487704,0.0,2.2958899318205322e-08,-0.00015631251729419525,0.6015008656963504,0.5998248660461213,0.0
2018-09-26,0.0005784233730584229,0.0,2.2748218890299565e-08,0.0005784006248395326,0.6014229468258059,0.5997623268468141,0.0
2018-09-27,0.0008208925924267071,0.0,2.2627996647811918e-08,0.0008208699644300594,0.6016455572363856,0.5999937134810953,0.0
2018-09-28,-0.00011046479535719,0.0,2.2395466991233903e-08,-0.00011048719082418123,0.6019566890129157,0.6003218199225556,0.0
2018-10-01,0.0003551514503166051,0.0,6.687283623323091e-08,0.0003550845774803718,0.6019049171365772,0.6002776781215685,0.0
2018-10-02,0.000133486731676338,0.0,2.2389991336251564e-08,0.00013346434168500174,0.6020540991888655,0.6004196298213191,0.0
2018-10-03,-0.0014316249055471558,0.0,2.2814780882764555e-08,-0.0014316477203280386,0.6021384538271529,0.600472974822711,0.0
2018-10-04,-0.0017371470430234848,0.0,2.266899442141552e-08,-0.0017371697120179062,0.6015550322574748,0.5999001956647114,0.0
2018-10-05,-0.0013793295624947052,3.3000520625680504e-07,2.2815726425311958e-08,-0.0013796823834273874,0.6016655482198792,0.6000000001908314,0.0016497196081676352
2018-10-08,-0.00039300209479172264,0.0,6.897147146990354e-08,-0.0003930710662631925,0.6011260238905316,0.5994477180847639,0.0
2018-10-09,0.00023039833835440966,0.0,2.2641284144212225e-08,0.00023037569707026544,0.6009430934017265,0.5992902796591989,0.0
2018-10-10,-0.0033353019930859045,0.0,2.2743518765655323e-08,-0.0033353247366046702,0.6010428716843539,0.5993825948144611,0.0
2018-10-11,-0.0008337668335540474,0.0,2.260401164143521e-08,-0.0008337894375656888,0.5996920498037561,0.5980419569539313,0.0
2018-10-12,0.0014431808877500838,0.0,2.2514974018372242e-08,0.0014431583727760654,0.5993501446331478,0.5977065515298067,0.0
2018-10-15,-0.0005040803366754152,0.0,6.874051030500487e-08,-0.0005041490771857201,0.5999589962699688,0.5982863105192137,0.0
2018-10-16,0.0022192921824270664,0.0,2.3104725944377715e-08,0.002219269077701122,0.5997703985489122,0.5980837535549726,0.0
2018-10-17,-0.0008701686337412772,0.0,2.305356388292154e-08,-0.0008701916873051601,0.6006566719529594,0.5989737617895061,0.0
2018-10-18,-0.001318918752473043,0.0,2.2858335413916552e-08,-0.0013189416108084569,0.6002931697144693,0.5986245112292534,0.0
2018-10-19,-0.00023968977580995275,3.252446972636109e-07,2.2708865231561396e-08,-0.00024003772937244793,0.5991198414527159,0.597462094290812,0.0016259916479613094
2018-10-22,-0.00039639367347911475,0.0,6.803512898027375e-08,-0.000396461708608095,0.5990213163158545,0.5973657948440011,0.0
2018-10-23,0.00083473937395047,0.0,2.2507597850476093e-08,0.0008347168663526195,0.598849225192374,0.5972061705492893,0.0
2018-10-24,-0.0031629603425924295,0.0,2.2524751513444097e-08,-0.003162982867343943,0.5991864382882621,0.5975421314277807,0.0
2018-10-25,0.0013584782152456663,0.0,2.227187473536434e-08,0.001358455943370931,0.5978909943869055,0.596265147531224,0.0
2018-10-26,-0.001311924519466915,0.0,2.1701814286223605e-08,-0.001311946221281201,0.5983971141830835,0.5968128817401892,0.0
2018-10-29,-0.0006476381254073934,0.0,6.72450817437866e-08,-0.0006477053704891372,0.5979195457648657,0.5962832487757669,0.0
2018-10-30,0.0009033851645744646,0.0,2.2465614818273598e-08,0.0009033626989596462,0.5976616469603111,0.596021657078577,0.0
2018-10-31,5.987822124990618e-05,0.0,2.208506022509227e-08,5.9856136189681085e-05,0.5979984985118255,0.5963862891153938,0.0
2018-11-01,0.0016782433370807158,0.0,2.2119764877203086e-08,0.0016782212173158386,0.5980252113464514,0.5964104685104156,0.0
2018-11-02,-0.0011777248705481056,8.749839237444149e-08,2.2298496566227266e-08,-0.0011778346674370462,0.598277000090692,0.5966492098413573,0.0004374584908324044
2018-11-05,0.0007335478485595714,0.0,6.697437443872563e-08,0.0007334808741851327,0.5978033887757553,0.5961736789977464,0.0
2018-11-06,0.000604746131035254,0.0,2.223646572615271e-08,0.0006047238945695279,0.5980929897070101,0.5964697277090009,0.0
2018-11-07,0.0026176681653000355,0.0,2.236686584324494e-08,0.002617645798434192,0.5983464080582208,0.596713626851664,0.0
2018-11-08,-0.0008071499038397728,0.0,2.2200873321981665e-08,-0.0008071721047130948,0.5993872176611849,0.5977665539086802,0.0
2018-11-09,-0.0008940288221585453,0.0,2.2075228454412213e-08,-0.0008940508973869997,0.599053133909817,0.5974416422326448,0.0
2018-11-12,-0.0019102651269422017,0.0,6.520714345594913e-08,-0.0019103303340856576,0.598668141760334,0.597081434602906,0.0
2018-11-13,-0.00041806011050575233,0.0,2.231724981664712e-08,-0.000418082427755569,0.5979394784038123,0.596310319167197,0.0
2018-11-14,-0.0005934410872917586,0.0,2.2002488043032504e-08,-0.0005934630897798016,0.5977476769674905,0.5961414953403492,0.0
2018-11-15,0.0004660861232842881,0.0,2.1907457726440244e-08,0.0004660642158265617,0.5975009443311252,0.5959016999170952,0.0
2018-11-16,0.0003194083102323389,9.013888389265046e-08,2.1897252200764545e-08,0.0003192962740962455,0.597237806250487,0.5956393068398312,0.000450662996194659
2018-11-19,-0.0015923645279937331,0.0,6.56707881643158e-08,-0.0015924301987818973,0.5973664776701293,0.5957684884914642,0.0
2018-11-20,-0.0019836909443719532,0.0,2.1636688135448903e-08,-0.001983712581060089,0.5967032953357253,0.5951238171018375,0.0
2018-11-21,0.0011207811781449501,0.0,2.1751960341751102e-08,0.0011207594261846085,0.5959069775073065,0.5943190844023587,0.0
2018-11-23,-0.0010305596390743667,0.0,4.302210770836391e-08,-0.001030602661182075,0.5963435747654914,0.5947732678341361,0.0
2018-11-26,0.0015878182542900091,0.0,6.470812953079479e-08,0.0015877535461604783,0.5959298167850188,0.5943552522997694,0.0
2018-11-27,-0.00017522316541449806,0.0,2.1787690561991885e-08,-0.00017524495310506004,0.5965888612093553,0.5949983597983299,0.0
2018-11-28,0.0032712628426953224,0.0,2.146680094999134e-08,0.0032712413758943723,0.596494471125642,0.5949273946562926,0.0
2018-11-29,-0.00031274071212878714,0.0,2.1612572400750728e-08,-0.0003127623247011879,0.5978259035486716,0.5962481857634169,0.0
2018-11-30,0.0005000281670935249,0.0,2.1475445854672058e-08,0.0005000066916476702,0.5976895970666503,0.5961218895192593,0.0
2018-12-03,0.0021656592083057176,1.3358289509622504e-07,6.547276871530045e-08,0.002165460152641906,0.5974132040918916,0.595820033386486,0.0006676174234436366
2018-12-04,-0.0025037217379930443,0.0,2.1920604392915795e-08,-0.002503743658597437,0.5982937805523744,0.5966935764316915,0.0
2018-12-06,0.0002646508171637638,0.0,4.3951251452944316e-08,0.00026460686591231084,0.5972855086189581,0.5956812879409257,0.0
2018-12-07,-0.0014196495334929723,0.0,2.168215551273932e-08,-0.001419671215648485,0.5973710864385972,0.5957882890861671,0.0
2018-12-10,0.0004376137589464917,0.0,6.719141491659922e-08,0.0004375465675315751,0.5968486383311183,0.5952136472348145,0.0
2018-12-11,0.0001711230410895386,0.0,2.2171386904133898e-08,0.00017110086970263447,0.5970092610588413,0.5953907498148396,0.0
2018-12-12,0.0007626362559376528,0.0,2.2095622398130112e-08,0.0007626141603152547,0.5970729695689788,0.5954599891339153,0.0
2018-12-13,0.0006815325905677076,0.0,2.2186661325887674e-08,0.0006815104039063817,0.5973879103369516,0.5957682840601618,0.0
2018-12-14,-0.00164690625792095,0.0,2.2494960341454894e-08,-0.0016469287528812916,0.5976857388364865,0.5960436067315602,0.0
2018-12-17,-0.0015933481164897706,0.0,6.70563013403651e-08,-0.001593415172791111,0.5970089477088292,0.5953772443762135,0.0
2018-12-18,0.0003520247249575751,3.625775070805345e-07,2.256802929413885e-08,0.0003516395794212004,0.5945667683816828,0.5929193022432105,0.0018122482928750877
2018-12-19,-0.0017074243731529616,0.0,2.2415943122931035e-08,-0.0017074467890960845,0.5946991464686909,0.593062782620717,0.0
2018-12-20,-0.0021888132111526483,0.0,2.2129380873421744e-08,-0.0021888353405335216,0.5939822378300436,0.5923667930262838,0.0
2018-12-21,-0.0018130586742682343,0.0,2.2177924698782125e-08,-0.001813080852192933,0.593091604482957,0.5914726159799458,0.0
2018-12-24,-0.002267431459406451,0.0,6.55672731750545e-08,-0.0022674970266796262,0.5923260699586242,0.590730599644698,0.0
2018-12-26,0.004223023893473687,0.0,4.417413054114638e-08,0.004222979719343146,0.5914128949189092,0.5898005391541574,0.0
2018-12-27,0.0009500429432179767,0.0,2.1777136954539035e-08,0.0009500211660810222,0.593115293591008,0.5915255625933267,0.0
2018-12-28,0.0007369819423390404,0.0,2.1792607609709852e-08,0.0007369601497314306,0.5935041357519423,0.5919132753964335,0.0
2018-12-31,0.0011593259032882084,0.0,6.532967746024656e-08,0.0011592605736107482,0.5938035081719879,0.5922138193537885,0.0
2019-01-02,0.00016997905821979696,0.0,4.2781249746135376e-08,0.00016993627697005082,0.5942475832820366,0.5926860676663026,0.0
2019-01-03,-0.0006778243829600135,2.757470169916291e-07,2.1567319205736914e-08,-0.0006781216972962109,0.5929515285711465,0.5913771142691276,0.0013782018238239907
2019-01-04,0.003469398784969781,0.0,2.176240552330911e-08,0.0034693770225642574,0.5926887833112425,0.5911001277080409,0.0
2019-01-07,0.0015706932801040545,0.0,6.538518192295355e-08,0.0015706278949221316,0.594104911905076,0.592513872478284,0.0
2019-01-08,0.0012529024979775183,0.0,2.1760882392081398e-08,0.0012528807370951263,0.5947414876144651,0.5931529431998431,0.0
2019-01-09,0.0007658450086743042,0.0,2.184124615462466e-08,0.0007658231674281496,0.5952564689103698,0.5936620579410822,0.0
2019-01-10,0.00042558385543660187,0.0,2.1824532422077545e-08,0.0004255620309041798,0.5955662155134662,0.5939730246466546,0.0
2019-01-11,-4.89200185183059e-05,0.0,2.1564498428697407e-08,-4.89415830167346e-05,0.5957199710099906,0.5941457626246957,0.0
2019-01-14,-0.0009246430367356935,0.0,6.534147722078092e-08,-0.0009247083782129143,0.5957158960149225,0.5941259200692168,0.0
2019-01-15,0.001339957239805233,0.0,2.1657227131230023e-08,0.0013399355825781019,0.5953313005112414,0.5937503229306617,0.0
2019-01-16,0.0005762349921545173,0.0,2.148501270946761e-08,0.0005762135071418078,0.5958623704686584,0.5942939645408672,0.0
2019-01-17,0.001095128852315867,3.003497472952379e-07,2.1508426901960112e-08,0.0010948069941416698,0.5975079643911745,0.5959378492273315,0.0015016101987338493
2019-01-18,0.0013184165923246461,0.0,2.166364805284639e-08,0.0013183949286765934,0.5979615033299109,0.5963800570220531,0.0
2019-01-22,-0.0013020331828972724,0.0,8.611208043164632e-08,-0.001302119294977704,0.5984830539765685,0.596911508508691,0.0
2019-01-23,0.0007711570531371782,0.0,2.1877821923751936e-08,0.0007711351753152544,0.5979831220975959,0.5963860410971619,0.0
2019-01-24,0.0007190526119901417,0.0,2.1968125480501507e-08,0.0007190306438646612,0.5983007372152753,0.5966970640551987,0.0
2019-01-25,0.000745473234501796,0.0,2.1809561075760427e-08,0.0007454514249407203,0.5985789627759309,0.5969868648174005,0.0
2019-01-28,-0.000861281799814423,0.0,6.527294246268593e-08,-0.0008613470727568857,0.598875397806498,0.5972870895399061,0.0
2019-01-29,0.00028025496263185375,0.0,2.1776404529858945e-08,0.0002802331862273239,0.5985296577753666,0.596939980244687,0.0
2019-01-30,0.0027786181645033372,0.0,2.1484791859987e-08,0.002778596679711477,0.5986213109706535,0.5970529211648745,0.0
2019-01-31,0.0020967758675799393,0.0,2.1567619417710495e-08,0.0020967542999605214,0.5997439038502016,0.5981694676327088,0.0
2019-02-01,-0.0004001665746451688,7.272240643426581e-07,2.1486977443981837e-08,-0.00040091528568695544,0.6015685489220675,0.5999999995686568,0.003634841760660321
2019-02-04,0.000436622533663712,0.0,6.491314661042282e-08,0.0004365576205171016,0.6014198713807147,0.5998403181465278,0.0
2019-02-05,0.0013089634794546468,0.0,2.1663787413797495e-08,0.001308941815667233,0.6015964560409165,0.6000149995597092,0.0
2019-02-06,-0.00045528941257508043,0.0,2.1635467845788244e-08,-0.0004553110480429262,0.6021172830307167,0.6005378938779741,0.0
2019-02-07,-0.0007995730103035301,0.0,2.1574354657733626e-08,-0.0007995945846581878,0.6019308810536474,0.6003559531636329,0.0
2019-02-08,0.00023516630189304862,0.0,2.1236493882252406e-08,0.00023514506539916636,0.6015864298755241,0.6000361658221199,0.0
2019-02-11,-0.00026311738907754145,0.0,6.380101918008038e-08,-0.00026318119009672154,0.6016827059321994,0.6001302144654843,0.0
2019-02-12,0.0017159453241657222,0.0,2.130811792977353e-08,0.0017159240160477924,0.6015805049821245,0.6000250123732509,0.0
2019-02-13,-0.0003473295241791771,0.0,2.127161745583864e-08,-0.000347350795796633,0.602263012739142,0.6007101846648657,0.0
2019-02-14,0.00045629216434558403,0.0,2.1385403509131204e-08,0.0004562707789420749,0.6021325985728466,0.6005714641166802,0.0
2019-02-15,0.0010626166280120863,2.423872959234996e-07,2.095026368310615e-08,0.0010623532904524796,0.6015293692469662,0.5999999999980994,0.0012116467177721436
2019-02-19,0.00040251135516801765,0.0,8.286225576645154e-08,0.0004024284929122512,0.6019369895813911,0.6004247534136535,0.0
2019-02-20,0.00019763849044537166,0.0,2.0211672566051218e-08,0.0001976182787728056,0.6020610241195294,0.6005855720222077,0.0
2019-02-21,-0.0007542078460661556,0.0,1.988917013457986e-08,-0.0007542277352362903,0.6021164176462418,0.6006645082264175,0.0
2019-02-22,0.0015362996896099628,0.0,2.0152099548737532e-08,0.001536279537510414,0.6018342141568549,0.600363110889797,0.0
2019-02-25,-6.975767305762219e-06,0.0,6.025747381037407e-08,-7.036024779572593e-06,0.6024424084240863,0.6009761432280338,0.0
2019-02-26,0.0006462625344797658,0.0,1.9414077027574118e-08,0.0006462431204027382,0.6023906235474467,0.6009733959244339,0.0
2019-02-27,-0.0004160456934934535,0.0,1.9295518503129724e-08,-0.00041606498901195665,0.6026396898365177,0.6012311169857892,0.0
2019-02-28,-0.00034410089566165104,0.0,1.9268196086364386e-08,-0.0003441201638577374,0.6024717317730698,0.6010651534587652,0.0
2019-03-01,0.0003391590405486313,0.0,1.8991895945738737e-08,0.00033914004865268554,0.6023142523552696,0.6009278439512306,0.0
2019-03-04,-0.00012783153972198796,4.585865608551722e-07,5.6638194662389515e-08,-0.00012834676447750552,0.6013781948178452,0.599999998747727,0.002292234210565786
2019-03-05,-4.465119906759178e-05,0.0,1.8775742939272902e-08,-4.466997481053105e-05,0.6013197979772311,0.5999491687426644,0.0
2019-03-06,-0.00031127718995692486,0.0,1.909482931672087e-08,-0.0003112962847862416,0.6013252390005116,0.599931316460391,0.0
2019-03-07,-0.00010761116342320551,0.0,1.8570198331930557e-08,-0.00010762973362153744,0.6011623813636732,0.5998067568854422,0.0
2019-03-08,2.5717379652582787e-05,0.0,1.8112314624432988e-08,2.5699267337958353e-05,0.601085897096668,0.5997636981290845,0.0
2019-03-11,0.0014838397718134773,0.0,5.444166992803717e-08,0.0014837853301435493,0.6010987490579057,0.5997740017563234,0.0
2019-03-12,0.0009438920024362804,0.0,1.7767113810824654e-08,0.0009438742353224697,0.6016640250508284,0.6003670257426384,0.0
2019-03-13,0.0005805023269156351,0.0,1.8667873924681e-08,0.0005804836590417104,0.6021066458607733,0.6007438910642716,0.0
2019-03-14,-0.0004209588721312692,0.0,1.8445432014237396e-08,-0.00042097731756328345,0.6023220534495649,0.6009755369125256,0.0
2019-03-15,0.0010934766576592393,0.0,1.8629617172677615e-08,0.0010934580280420666,0.6021674664255622,0.6008075043719567,0.0
2019-03-18,0.00018644073580873296,3.4277710556701464e-07,5.6567941687645115e-08,0.0001860413907614783,0.6013764867241007,0.6000000001430347,0.0017132381606924144
2019-03-19,0.0001679863086962284,0.0,1.8781996439960888e-08,0.00016796752669978842,0.6014458878682116,0.6000748021280946,0.0
2019-03-20,0.0015373622749547454,0.0,1.8743610395572993e-08,0.0015373435313443499,0.6015102676309344,0.6001419840720575,0.0
2019-03-21,0.0010272782150781206,0.0,1.8925908307466604e-08,0.001027259289169813,0.6021373696437127,0.6007557783372676,0.0
2019-03-22,-0.0008002651125511356,0.0,1.8941629421183122e-08,-0.0008002840541805568,0.6025482426520835,0.6011655037043371,0.0
2019-03-25,0.0005361197630005369,0.0,5.6870400616933364e-08,0.00053606289259992,0.6022299325485474,0.6008460861335352,0.0
2019-03-26,0.0008754992218062904,0.0,1.9122400947658512e-08,0.0008754800994053428,0.6024559352035239,0.601059999934345,0.0
2019-03-27,-0.00011175714547222905,0.0,1.903543261751895e-08,-0.00011177618090484657,0.6027985641457685,0.6014089775646897,0.0
2019-03-28,0.0007338571075415952,0.0,1.9072684662674125e-08,0.0007338380348569326,0.6027567446198756,0.6013644386395005,0.0
2019-03-29,0.0004318499755251102,0.0,1.884810587530036e-08,0.00043183112741923486,0.6030326888489589,0.601656777120062,0.0
2019-04-01,0.00019450775666174345,5.447673864883931e-07,5.567789946444147e-08,0.0001939073113757906,0.601354828905728,0.6000000000187599,0.0027226828553952834
2019-04-02,0.0003472783527001967,0.0,1.8731086439414192e-08,0.0003472596216137573,0.6014455175451593,0.600078148235082,0.0
2019-04-03,-0.0003436326287479165,0.0,1.872458414979683e-08,-0.0003436513533320663,0.6015838901039875,0.6002169954610522,0.0
2019-04-04,0.0004981149400989491,0.0,1.8976557724793145e-08,0.0004980959635412243,0.6014648697063293,0.6000795809924193,0.0
2019-04-05,0.000874339472874247,0.0,1.9002170438252238e-08,0.0008743204707038088,0.6016658579772725,0.6002786995352799,0.0
2019-04-08,-0.0004149269745191176,0.0,5.6431282039625215e-08,-0.0004149834058011572,0.6020010589381802,0.6006278977418827,0.0
2019-04-09,-1.4821432171625148e-05,0.0,1.8818236606273992e-08,-1.4840250408231421e-05,0.6018358838687609,0.6004621525965027,0.0
2019-04-10,0.0013527138078568172,0.0,1.864329693418034e-08,0.001352695164559883,0.601817202761518,0.600456242085323,0.0
2019-04-11,-0.0001897083072683449,0.0,1.8548119147556164e-08,-0.00018972685538749245,0.6023500042193003,0.6009959915215287,0.0
2019-04-12,0.0002878111167443348,0.0,1.8691651775169114e-08,0.00028779242509255966,0.6022847845115538,0.6009202939319667,0.0
2019-04-15,-6.195361069977255e-05,6.376854861907385e-07,5.605881846663186e-08,-6.264735500442992e-05,0.6013640980440617,0.6000000001280404,0.0031870261740663125
2019-04-16,-0.0004041002145859554,0.0,1.858245684171332e-08,-0.00040411879704279713,0.6013321527532856,0.5999756334038404,0.0
2019-04-17,-0.000274384758608544,0.0,1.8064829024446547e-08,-0.00027440282343756844,0.6011326617915863,0.5998139292728019,0.0
2019-04-18,0.0003882381513276456,0.0,1.8069787424505332e-08,0.00038822008154022113,0.601023199495825,0.5997041050138361,0.0
2019-04-22,-0.00025006540614498933,0.0,7.169101752984208e-08,-0.0002501370971625192,0.6011678267444067,0.5998594656744869,0.0
2019-04-23,0.0016089988934648407,0.0,1.771715303268362e-08,0.001608981176311808,0.6010527745206301,0.5997594223492442,0.0
2019-04-24,0.00020489935586694293,0.0,1.7758608305785215e-08,0.00020488159725863715,0.6016987635131817,0.6004023851068594,0.0
2019-04-25,7.237528589960392e-05,0.0,1.754526679520802e-08,7.23577406328087e-05,0.6017650607652192,0.6004842562891693,0.0
2019-04-26,0.0010719630977752824,0.0,1.7613894014464756e-08,0.0010719454838812679,0.6017989940612144,0.6005131797981582,0.0
2019-04-29,-0.0003036540693406011,0.0,5.3204026224706326e-08,-0.0003037072733668258,0.6022355982451439,0.6009409669403427,0.0
2019-04-30,0.00031908293660016547,2.1124342114753924e-07,2.820134105608546e-08,0.0003188434918379618,0.6020586979034683,0.6000000000063742,0.001054702239799534
2019-05-01,-0.0008740077798751612,0.0,2.8048119119802403e-08,-0.000874035827994281,0.6021752488157865,0.600127736120041,0.0
2019-05-02,-0.000551516980601161,0.0,2.829701430849659e-08,-0.0005515452776154694,0.6018436378068636,0.599777955762343,0.0
2019-05-03,0.0017102791732810346,0.0,2.8606016415835513e-08,0.0017102505672646187,0.6016453608792219,0.599557121680866,0.0
2019-05-06,9.246143932406158e-05,0.0,8.480801440330056e-08,9.237663130965827e-05,0.6023045003032164,0.6002408386194027,0.0
2019-05-07,-0.0017019430624116213,0.0,2.8266726945760434e-08,-0.001701971329138567,0.6023413194802809,0.6002778484132406,0.0
2019-05-08,-0.0004130025782511483,0.0,2.8405623128272415e-08,-0.00041303098387427653,0.6016700117231489,0.5995964012347851,0.0
2019-05-09,-0.000128298134628321,0.0,2.8353492619565747e-08,-0.00012832648812094056,0.6015007871861153,0.599430982224887,0.0
2019-05-10,0.0008647176410589492,0.0,2.806766366856677e-08,0.0008646895733952806,0.6014285398172309,0.5993796003694255,0.0
2019-05-13,-0.0024835289444535814,0.0,8.363640776308074e-08,-0.0024836125808613443,0.6017608940038877,0.5997257414149861,0.0
2019-05-14,0.001093475897365171,1.1139624211778712e-06,2.829955474182103e-08,0.0010923336353892512,0.6020658692759788,0.6000000017798259,0.005566844534868061
2019-05-15,0.0011583734020126466,0.0,2.8768261043817104e-08,0.0011583446337516028,0.6025376825475129,0.6004375994913144,0.0
2019-05-16,0.0006415701832729024,0.0,2.8630115310536598e-08,0.0006415415531575919,0.6029899221089667,0.6008999236912975,0.0
2019-05-17,-0.0004535438424975588,0.0,2.921422905468075e-08,-0.00045357305672661345,0.6032884661523421,0.6011558274313504,0.0
2019-05-20,-0.0006030430639575111,0.0,8.710968905953284e-08,-0.0006031301736465707,0.6030945386979206,0.600974869597472,0.0
2019-05-21,0.0008526158747626165,0.0,2.9617626203041435e-08,0.0008525862571364135,0.602896234136988,0.600734147424166,0.0
2019-05-22,0.0001419976391728928,0.0,2.9342772734022546e-08,0.00014196829640015878,0.6032163180245529,0.6010742956149693,0.0
2019-05-23,-0.0008695890890873728,0.0,2.926165844228784e-08,-0.0008696183507458152,0.6032670527833005,0.6011309517170135,0.0
2019-05-24,0.00025027586012634726,0.0,2.927443470349158e-08,0.00025024658569164376,0.6029208489918609,0.6007838152585061,0.0
2019-05-28,-0.00041921363505082864,0.0,1.1998223234067076e-07,-0.00041933361728316933,0.6030733977590166,0.6008837220187992,0.0
2019-05-29,-0.0005891376698000715,1.71540303008689e-07,4.614152330657509e-08,-0.0005893553516263868,0.6033683314218067,0.6000000002204268,0.0008556307405684508
2019-05-30,0.001202485368358893,0.0,4.5639099811408764e-08,0.0012024397292590815,0.6030959911585099,0.5997643368722769,0.0
2019-05-31,-0.0009235256745659799,0.0,4.646048203288459e-08,-0.0009235721350480128,0.6036366789171173,0.6002450637287167,0.0
2019-06-03,0.0006359757108840596,0.0,1.3874491053070914e-07,0.0006358369659735289,0.6032516925680321,0.5998755664117849,0.0
2019-06-04,0.0024689075122919777,0.0,4.68776402956764e-08,0.002468860634651682,0.6035520250530065,0.6001299573114222,0.0
2019-06-05,0.0008652687371359863,0.0,4.64009530787314e-08,0.0008652223361829076,0.6045020657412993,0.6011147961665518,0.0
2019-06-06,0.0008218211553007774,0.0,4.580107717957956e-08,0.0008217753542235978,0.6048031471982422,0.6014596685641331,0.0
2019-06-07,0.0019676745024925614,0.0,4.6432079289370116e-08,0.001967628070413272,0.6051764978185986,0.6017869560304746,0.0
2019-06-10,-0.00017054231801015655,0.0,1.3869392012696432e-07,-0.0001706810119302835,0.6059438842462126,0.6025689988564564,0.0
2019-06-11,4.266893828926946e-05,0.0,4.624424180253374e-08,4.2622694047466925e-05,0.6058771217202508,0.6025012920686657,0.0
2019-06-12,-0.0001248480273726265,9.40409183162868e-07,4.657235285257812e-08,-0.00012583500890864195,0.6033997818409733,0.600000000082735,0.004699827599599971
2019-06-13,0.0009942314889303462,0.0,4.683416649390695e-08,0.0009941846547638522,0.603369541004409,0.5999506468503536,0.0
2019-06-14,-0.00013127082374115082,0.0,4.696134682761192e-08,-0.00013131778508797842,0.603776199867158,0.6003480215487424,0.0
2019-06-17,-0.00015452998595736605,0.0,1.407253897708686e-07,-0.0001546707113471369,0.6037198980287504,0.6002955802109926,0.0
2019-06-18,0.002575390363209481,0.0,4.700496110054361e-08,0.0025753433582483805,0.6036652509879347,0.6002338888275948,0.0
2019-06-19,0.00188727103950524,0.0,4.652064298440814e-08,0.0018872245188622557,0.6046568330535542,0.6012608261156924,0.0
2019-06-20,0.0019527295165686896,0.0,4.617099925871696e-08,0.001952683345569431,0.6053824483593073,0.6020119654134211,0.0
2019-06-21,-0.0013928076139186325,0.0,4.63985577222117e-08,-0.0013928540124763548,0.606174736255158,0.6027876415414365,0.0
2019-06-24,0.0004154993754746407,0.0,1.3995836840053184e-07,0.00041535941710624014,0.6056393111248862,0.6022336574938066,0.0
2019-06-25,-0.00150631710643066,0.0,4.70995814638221e-08,-0.0015063642060121236,0.6058372142415649,0.602398944794706,0.0
2019-06-26,-0.0004071194866738465,5.820435865427688e-07,4.700525924856231e-08,-0.00040774853551963784,0.6034313839910144,0.6000000000658694,0.0029090640388611845
2019-06-27,0.0014799652013955398,0.0,4.722468075156597e-08,0.0014799179767147881,0.6032848651213218,0.5998374634264576,0.0
2019-06-28,0.0006958528705063872,0.0,4.709070897482493e-08,0.0006958057797974124,0.6038664649442416,0.6004288431890794,0.0
2019-07-01,0.0008304422636861788,0.0,1.3924982050252412e-07,0.0008303030138656763,0.604095133150149,0.6007067208512542,0.0
2019-07-02,0.0010321241444926873,0.0,4.590055191554696e-08,0.0010320782439407717,0.6043888596428285,0.6010381193529936,0.0
2019-07-03,0.0013500793061093776,0.0,4.553319840544967e-08,0.001350033772910972,0.6047734240367341,0.6014495005531363,0.0
2019-07-05,-0.001890625065240602,0.0,9.168617350593844e-08,-0.0018907167514141078,0.6053334225770836,0.6019868772441169,0.0
2019-07-08,-0.0007000253954478939,0.0,1.372883727726532e-07,-0.0007001626838206666,0.6045736972464889,0.601233013509021,0.0
2019-07-09,-0.00017865724479252412,0.0,4.561749147759702e-08,-0.00017870286228400173,0.6042838303843447,0.6009537535064802,0.0
2019-07-10,0.0010871086624400493,0.0,4.534705598060939e-08,0.0010870633153840686,0.6041928107665725,0.6008824756799881,0.0
2019-07-11,-0.0009448140360519062,5.425373011031498e-07,4.546744250734196e-08,-0.0009454020407955167,0.6033191233655368,0.6000000000625008,0.00271194658219897
2019-07-12,0.0007890483154980183,0.0,4.607250739291169e-08,0.0007890022429906254,0.6029853629947732,0.5996220699550907,0.0
2019-07-15,0.00036419692800902586,0.0,1.3842599117192113e-07,0.00036405850201785394,0.6033061318127215,0.599937766027538,0.0
2019-07-16,-0.0007074900075375843,0.0,4.564268404967273e-08,-0.000707535650221634,0.6034154133920037,0.6000834974563775,0.0
2019-07-17,0.00031395517063639345,0.0,4.546094897271796e-08,0.0003139097096874207,0.6031190368810966,0.599800387606088,0.0
2019-07-18,0.0008015532890350043,0.0,4.5343122752619674e-08,0.0008015079459122517,0.6032360681348389,0.5999260201738977,0.0
2019-07-19,-0.0008694064219585844,0.0,4.504311732442269e-08,-0.0008694514650759088,0.6035346187114854,0.6002464711468025,0.0
2019-07-22,0.0009712910515754803,0.0,1.358689151664978e-07,0.0009711551826603139,0.6032047910851799,0.5998986474827952,0.0
2019-07-23,0.0007043250117717695,0.0,4.470924019504508e-08,0.0007042803025315745,0.6035507412697801,0.600286966735542,0.0
2019-07-24,0.0008688407130085045,0.0,4.4530638368202735e-08,0.0008687961823701363,0.603819059907763,0.6005683233068843,0.0
2019-07-25,-0.0007783408226624698,3.2356663705900284e-07,4.4673883669928416e-08,-0.0007787090631831987,0.6032611934228886,0.5999999999149839,0.0016174395258801225
2019-07-26,0.0007017000818135043,0.0,4.483405453330313e-08,0.000701655247758971,0.6029615280539229,0.5996886420729917,0.0
2019-07-29,-0.00031233062891355626,0.0,1.3372272303499616e-07,-0.00031246435163659125,0.6032232900913526,0.5999693704975011,0.0
2019-07-30,-4.7273194579368513e-05,0.0,4.477730422825258e-08,-4.731797188359677e-05,0.6031132130906144,0.5998444698819518,0.0
2019-07-31,-0.0007893503800640457,0.0,4.463185112140175e-08,-0.0007893950119151671,0.6030837043491272,0.5998255792172651,0.0
2019-08-01,0.0010438704456406105,0.0,4.41141686390365e-08,0.0010438263314719715,0.6027298129398764,0.5995094786292267,0.0
2019-08-02,-0.00037681181580664897,0.0,4.385661598370411e-08,-0.00037685567242263265,0.603128662307108,0.5999271293402975,0.0
2019-08-05,-0.0026511594008370013,0.0,1.3243791919502556e-07,-0.0026512918387561965,0.6029990026766539,0.599776346642908,0.0
2019-08-06,0.0024633640877813083,0.0,4.456349862302873e-08,0.0024633195242826852,0.6019656843363094,0.5987125489368282,0.0
2019-08-07,0.0005316303077184526,0.0,4.415151228069211e-08,0.0005315861562061718,0.6029217239943733,0.5996986635978827,0.0
2019-08-08,0.0019885808683820718,7.48286680859755e-07,4.438117215234079e-08,0.00198778820052906,0.6032398268519615,0.6000000012848407,0.0037394061170021586
2019-08-09,-0.0009466772107621173,0.0,4.446246980302288e-08,-0.0009467216732319204,0.6040400905681829,0.6007943302725622,0.0
2019-08-12,-0.0004244452842284845,0.0,1.3381554129820328e-07,-0.00042457909976978273,0.6036722581492616,0.600416079977672,0.0
2019-08-13,0.0008877863945695839,0.0,4.375454589883906e-08,0.000887742640023685,0.6034405686570672,0.6002464868064517,0.0
2019-08-14,-0.0018412490405325108,0.0,4.362763882339243e-08,-0.0018412926681713342,0.60378591163434,0.6006010940002324,0.0
2019-08-15,0.0015502607365935107,0.0,4.371822459699063e-08,0.0015502170183689138,0.6030558012231821,0.5998643708276019,0.0
2019-08-16,0.001518496408687649,0.0,4.343465730752362e-08,0.0015184529740303416,0.6036544814169185,0.6004837514334691,0.0
2019-08-19,0.00016143342218987827,0.0,1.299377758848467e-07,0.0001613034844139934,0.6042513408835161,0.6010895216703181,0.0
2019-08-20,0.00043805092862584863,0.0,4.3202776467832736e-08,0.0004380077258493808,0.60430778954191,0.6011539868597582,0.0
2019-08-21,0.000955126067679649,0.0,4.302938602847014e-08,0.0009550830382936206,0.6044697963734652,0.6013286511933867,0.0
2019-08-22,-0.0002675538676371125,6.242806664337452e-07,4.295661046278952e-08,-0.00026822110491400903,0.6031358326133448,0.600000000049561,0.003120426631853695
2019-08-23,-0.0011640921955738796,0.0,4.302446435248226e-08,-0.0011641352200382322,0.6030341361368868,0.5998933502391556,0.0
2019-08-26,0.0009318631424018393,0.0,1.3034758151021738e-07,0.0009317327948203291,0.6025988633602681,0.5994270722101862,0.0
2019-08-27,0.0006023405039946286,0.0,4.3237655289864884e-08,0.0006022972663393387,0.6029564307820631,0.599800081945903,0.0
2019-08-28,0.0007738405144040305,0.0,4.316272597195644e-08,0.0007737973516780585,0.6031918983801838,0.6000410193842312,0.0
2019-08-29,0.0005419845860610138,0.0,4.306342756939471e-08,0.0005419415226334443,0.6034939406309201,0.6003503104183543,0.0
2019-08-30,8.626710542126322e-05,0.0,4.289116334944979e-08,8.622421425791377e-05,0.6036978778304761,0.6005668229059663,0.0
2019-09-03,-0.0004342833586002919,0.0,1.6972373813528293e-07,-0.0004344530823384272,0.6036987618568684,0.6006013036358994,0.0
2019-09-04,0.001361284386134087,0.0,4.218795691181789e-08,0.0013612421981771753,0.6035075988741895,0.6004278780196267,0.0
2019-09-05,-0.00039579906555952147,0.0,4.248174153398061e-08,-0.00039584154730105546,0.6040722623230825,0.6009710951911018,0.0
2019-09-06,0.0006960212548047444,3.9874232947363855e-07,4.2713456907793525e-08,0.000695579799018363,0.6031180824177899,0.6000000000635209,0.0019930505749831545
2019-09-09,-0.001408286432798355,0.0,1.2756099047799713e-07,-0.001408413993788833,0.6033824638356684,0.6002784797340373,0.0
2019-09-10,-0.001510547937846597,0.0,4.294186929208885e-08,-0.001510590879715889,0.6028495965326047,0.5997148400742823,0.0
2019-09-11,4.7194079363237095e-05,0.0,4.332755161073684e-08,4.7150751811626355e-05,0.602272212450339,0.5991093011827553,0.0
2019-09-12,0.00013777958894638654,0.0,4.3085837487038145e-08,0.0001377365031088995,0.6022735120514457,0.5991282459148919,0.0
2019-09-13,-0.002199187511814964,0.0,4.340992687018677e-08,-0.0021992309217418343,0.6023524207258937,0.59918349606437,0.0
2019-09-16,0.0008187653241457354,0.0,1.3056816841939612e-07,0.000818634755977316,0.6014772674168558,0.5983001086519839,0.0
2019-09-17,0.0007671809564878186,0.0,4.3465524730063707e-08,0.0007671374909630886,0.6018017989270267,0.5986288156217322,0.0
2019-09-18,0.00034793217045592955,0.0,4.3510154455800784e-08,0.00034788866030147374,0.602112771186691,0.5989365299114174,0.0
2019-09-19,0.0006371934204150977,0.0,4.3546669345312036e-08,0.0006371498737457523,0.6022549571795176,0.5990760503173099,0.0
2019-09-20,0.0010724799810085531,4.4120027511494597e-07,4.344302497022939e-08,0.001071995337708468,0.6031713409831247,0.6000000001602979,0.0022048496405227963
2019-09-23,-5.607054167364264e-05,0.0,1.2991141959436425e-07,-5.6200453093237006e-05,0.6035900011189612,0.6004288232421651,0.0
2019-09-24,-0.00026509063544819043,0.0,4.3147550705366845e-08,-0.0002651337829988958,0.6035562670190884,0.6004064958175965,0.0
2019-09-25,-0.0008358085984554496,0.0,4.320773880844325e-08,-0.0008358518061942581,0.6034547300749371,0.6003005651419209,0.0
2019-09-26,0.00018250650097910678,0.0,4.290672987282261e-08,0.00018246359424923397,0.6030984306890464,0.5999662394083304,0.0
2019-09-27,-0.00034119158473669425,0.0,4.314614206245338e-08,-0.0003412347308787567,0.6031889289596907,0.6000392605891317,0.0
2019-09-30,0.0007901005495050554,0.0,1.2973911157091164e-07,0.0007899708103934844,0.6030597617151698,0.5999027766669445,0.0
2019-10-01,-0.0008225523040559444,0.0,4.3390993161577804e-08,-0.000822595695049106,0.6033862644470555,0.6002187219462601,0.0
2019-10-02,-0.0012650451383044137,0.0,4.3580641277497946e-08,-0.0012650887189456913,0.6030710230877655,0.5998896362745082,0.0
2019-10-03,0.0015615416726127455,0.0,4.341517276195462e-08,0.0015614982574399835,0.6025521712469409,0.5993828636353181,0.0
2019-10-04,0.0018437511920717303,6.100365346301434e-07,4.340856521665375e-08,0.0018430977469718834,0.6031688253416304,0.6000000000808147,0.003047174378846232
2019-10-07,-0.0012680724125673482,0.0,1.302496823365968e-07,-0.0012682026622496847,0.603905944055343,0.6007365351184858,0.0
2019-10-08,-0.000974626248232847,0.0,4.344975036019294e-08,-0.0009746696979832072,0.6034015073547425,0.6002296755784484,0.0
2019-10-09,0.000736535344393851,0.0,4.3756571814388726e-08,0.0007364915878220366,0.6030339246469367,0.5998396949044864,0.0
2019-10-10,-0.00045846998754534794,0.0,4.383918039536128e-08,-0.0004585138267257433,0.6033344966010454,0.600134236432184,0.0
2019-10-11,0.00034777971503953864,0.0,4.35581381812714e-08,0.0003477361569013574,0.6031305962929636,0.5999508522057309,0.0
2019-10-14,0.0005372701807289077,0.0,1.3251400568636486e-07,0.0005371376667232214,0.6033144664163534,0.6000899589446518,0.0
2019-10-15,0.0004916628734035859,0.0,4.421128562053536e-08,0.0004916186621179654,0.6035322066653158,0.6003047828150169,0.0
2019-10-16,-8.008693534850407e-05,0.0,4.406736015929928e-08,-8.013100270866337e-05,0.6037181453697014,0.6005012280780724,0.0
2019-10-17,0.00029904435794620267,0.0,4.4273410414245057e-08,0.0002990000845357884,0.6037012163066507,0.6004692573464109,0.0
2019-10-18,2.751249956193147e-05,5.321007310729256e-07,4.4748405743228356e-08,2.6935650425115316e-05,0.6032666338435524,0.6000000002242967,0.002659442342379995
2019-10-21,-0.0003026038373229461,0.0,1.3520821614478325e-07,-0.0003027390455390909,0.6033014176207128,0.6000113510278562,0.0
2019-10-22,0.0003150006045855723,0.0,4.4880342869944896e-08,0.0003149557242427024,0.603166622454274,0.599890357424768,0.0
2019-10-23,0.0003261209258666784,0.0,4.462449243836468e-08,0.00032607630137424003,0.6032739673840115,0.6000163794360109,0.0
2019-10-24,0.000508789572875734,0.0,4.4675881837724155e-08,0.0005087448969938963,0.6034081460850176,0.6001468067108637,0.0
2019-10-25,4.0411482949102086e-05,0.0,4.447764629115838e-08,4.0367005302810926e-05,0.6035970393769879,0.6003501711977334,0.0
2019-10-28,-0.00019915675108541034,0.0,1.3338405122945442e-07,-0.0001992901351366398,0.6036120262690584,0.6003663476891415,0.0
2019-10-29,-0.0005880021980276951,0.0,4.4387066147782997e-08,-0.0005880465850938428,0.6035270780087575,0.6002868221799692,0.0
2019-10-30,0.0006726270932481436,0.0,4.436427153470215e-08,0.0006725827289766088,0.603290270144292,0.6000516783222588,0.0
2019-10-31,0.0008397920098502269,0.0,4.4343997642522406e-08,0.0008397476658525844,0.6035576520162305,0.6003205401883265,0.0
2019-11-01,0.0010694446440768456,1.7052333782547961e-07,4.428479949571872e-08,0.0010692298359395245,0.6032327909224315,0.6000000005592441,0.000852417350348994
2019-11-04,-0.0003063762242650087,0.0,1.334430110926861e-07,-0.0003065096672761014,0.6036745635291088,0.6004274502591869,0.0
2019-11-05,-0.0013303876727268956,0.0,4.426340965767692e-08,-0.0013304319361365532,0.6035363022482266,0.6003050733432164,0.0
2019-11-06,0.0005759035749021659,0.0,4.4349636076038326e-08,0.0005758592252660899,0.6030101657818413,0.5997726423482906,0.0
2019-11-07,-0.0013268609494298104,0.0,4.4355815769163244e-08,-0.0013269053052455796,0.6032410031951094,0.6000030286439606,0.0
2019-11-08,0.00015756547181531157,0.0,4.419998519813946e-08,0.00015752127183011342,0.6026982086733215,0.5994716097538573,0.0
2019-11-11,-7.773957302410733e-05,0.0,1.3198628011727344e-07,-7.78715593042246e-05,0.6027464019011108,0.5995347357515906,0.0
2019-11-12,0.0001635335735054062,0.0,4.3957263430962345e-08,0.00016348961624197523,0.6027125606954331,0.5995036804649729,0.0
2019-11-13,0.00028582831689113195,0.0,4.430912004400948e-08,0.00028578400777108795,0.6028037564647928,0.5995691907015801,0.0
2019-11-14,0.0010354955587559527,0.0,4.394745747399596e-08,0.0010354516112984788,0.6028918034203176,0.5996836390247159,0.0
2019-11-15,0.0006669125838646466,2.0307872670012697e-07,4.382876457800115e-08,0.0006666656763733684,0.6031995001976075,0.6000000003834135,0.0010150800558959144
2019-11-18,-0.00010439027225219089,0.0,1.3111297534703454e-07,-0.00010452138522753792,0.6034571514713375,0.6002667357378929,0.0
2019-11-19,-0.0002915278613049661,0.0,4.3857407439306836e-08,-0.0002915717187124054,0.6034266725657106,0.6002250818226412,0.0
2019-11-20,9.495861128334506e-05,0.0,4.403839600134368e-08,9.491457288734372e-05,0.6033233315445428,0.6001085286364447,0.0
2019-11-21,-0.0003165519815829956,0.0,4.413414383479373e-08,-0.0003165961157268304,0.603368317096616,0.6001465245966762,0.0
2019-11-22,0.0008752274166605118,0.0,4.390442857606761e-08,0.0008751835122319357,0.6032249598824312,0.6000199365963782,0.0
2019-11-25,0.0010612712365402493,0.0,1.320665407402598e-07,0.001061139169999509,0.6035833494818292,0.6003697303238162,0.0
2019-11-26,0.0007814341928545219,0.0,4.435762940848989e-08,0.0007813898352251134,0.6040315830166383,0.6007934760698186,0.0
2019-11-27,0.00024849004512575836,0.0,4.428400734848733e-08,0.00024844576111840986,0.6043379452959614,0.601105212759522,0.0
2019-11-29,-0.0007255091103893107,0.0,8.823032296385905e-08,-0.0007255973407122746,0.6044247429239498,0.6012043361357688,0.0
2019-12-02,-0.0013348675800551773,3.348623760695302e-07,1.3398113589614964e-07,-0.0013353364235671428,0.6032602072536543,0.5999999996135149,0.001672679013772523
2019-12-03,0.0008232454391006145,0.0,4.4736694403477104e-08,0.0008232007024062111,0.6027313990023909,0.599465620310937,0.0
2019-12-04,0.0004997762264830348,0.0,4.43445957826014e-08,0.0004997318818872521,0.6030322694830306,0.5997951139909004,0.0
2019-12-05,0.00028816630531554934,0.0,4.435165827542541e-08,0.00028812195365727393,0.6032327246142509,0.5999950535601448,0.0
2019-12-06,0.0005739029311719183,0.0,4.426090014375186e-08,0.0005738586702717745,0.6033413606196129,0.6001103149091189,0.0
2019-12-09,3.222653350352646e-05,0.0,1.3251780391334538e-07,3.209401569961311e-05,0.603564307589147,0.6003397076939223,0.0
2019-12-10,0.00014815185399203988,0.0,4.4105545701334064e-08,0.00014810774844633854,0.6035723713357192,0.6003526664995218,0.0
2019-12-11,0.0013367722052087345,0.0,4.423733272938833e-08,0.001336727967876005,0.603641217989191,0.6004118926999455,0.0
2019-12-12,-2.8987525051005303e-05,0.0,4.407364090721691e-08,-2.903159869191252e-05,0.604162740215583,0.6009453644293562,0.0
2019-12-13,0.0011933893952488254,0.0,4.4400165637820677e-08,0.0011933449950831876,0.6041750350654551,0.6009338229738942,0.0
2019-12-16,0.0001766085721775886,5.611483629901533e-07,2.499013451610974e-07,0.00017579752246943734,0.6060809327375035,0.60000000000525,0.002797852238341368
2019-12-17,0.0005000993533748026,0.0,8.393514242882457e-08,0.0005000154182323738,0.6061983829589591,0.6000711175616548,0.0
2019-12-18,0.0002206117328837272,0.0,8.408718932134601e-08,0.00022052764569440586,0.6064094369443073,0.6002710721238487,0.0
2019-12-19,0.00016195532181532304,0.0,8.372832603769209e-08,0.00016187159348928534,0.6064714558371227,0.6003592880363712,0.0
2019-12-20,0.00011361348252997858,0.0,8.368964528474951e-08,0.00011352979288469383,0.6065333958659455,0.6004240517601588,0.0
2019-12-23,0.00021514504675113042,0.0,2.5007890662857026e-07,0.00021489496784450184,0.6065547474600226,0.600469494065394,0.0
2019-12-24,0.0004161420179029218,0.0,8.331930022160817e-08,0.0004160586986027002,0.6066378916556809,0.6005555827395035,0.0
2019-12-26,0.0007521518952027067,0.0,1.6657613747048423e-07,0.0007519853190652362,0.6068018182492292,0.6007217892315566,0.0
2019-12-27,0.0002615046873335296,0.0,8.359371955206272e-08,0.00026142109361397753,0.6071243229475963,0.6010219814202958,0.0
2019-12-30,-0.0002079512139822557,0.0,2.5256679267092347e-07,-0.0002082037807749266,0.6072721309576794,0.601126339002687,0.0
2019-12-31,-0.0002889520538486898,4.1986789451689884e-07,1.1460679689144916e-07,-0.0002894865285400982,0.6083662955982645,0.5999999994251886,0.0020938409674086667
2020-01-02,0.0013819558253456421,0.0,2.2986909383019539e-07,0.001381725956251812,0.608274927837181,0.5998847059123789,0.0
2020-01-03,0.000157706528490247,0.0,1.144076330738088e-07,0.0001575921208571732,0.6087887795332798,0.600437022318892,0.0
2020-01-06,-0.0002889227767432162,0.0,3.42500905406586e-07,-0.00028926527764862276,0.6088342834621003,0.6005000947638733,0.0
2020-01-07,-0.00035621387620783494,0.0,1.1437368974603038e-07,-0.000356328249897581,0.608734121826745,0.6003848424752847,0.0
2020-01-08,0.00036720199973457637,0.0,1.1396934228180568e-07,0.0003670880303922946,0.6085622739494506,0.6002425119628788,0.0
2020-01-09,0.001204012963828617,0.0,1.1371808326230565e-07,0.0012038992457453546,0.6086907383084641,0.6003893182303155,0.0
2020-01-10,0.00019754820578078217,0.0,1.1386749584092954e-07,0.00019743433828494123,0.6091822715177727,0.6008699443213846,0.0
2020-01-13,0.00013172335483786643,0.0,3.4177590469797267e-07,0.00013138157893316846,0.6092653916040082,0.600948844589691,0.0
2020-01-14,0.00014975235260082962,0.0,1.1396968888841796e-07,0.0001496383829119412,0.6093213946932611,0.6010016074044066,0.0
2020-01-15,0.0007035399385199421,3.806385221209814e-07,1.318973176886123e-07,0.0007030274026801326,0.6096285043215961,0.6000000001303276,0.001870089124930833
2020-01-16,0.0008427690674207284,0.0,1.3203874957292173e-07,0.0008426370286711555,0.6099203544257762,0.6002815257069528,0.0
2020-01-17,-8.218541479174506e-05,0.0,1.3112738736522436e-07,-8.231654217911029e-05,0.6101904909236606,0.6006181916459992,0.0
2020-01-21,0.0002831546883320173,0.0,5.255210460539298e-07,0.00028262916728596336,0.6101762034387535,0.6005854443482694,0.0
2020-01-22,0.0003521258816635695,0.0,1.3156661681734774e-07,0.0003519943150467522,0.6103031870558431,0.6006988240281766,0.0
2020-01-23,-3.510652220128966e-05,0.0,1.3136967855701034e-07,-3.523789187984667e-05,0.6104294443710878,0.600839457836426,0.0
2020-01-24,-0.0006247286758100661,0.0,1.312768421988718e-07,-0.000624859952652265,0.6104087326195654,0.6008255231390479,0.0
2020-01-27,-0.001135237723550756,0.0,3.91773805963789e-07,-0.0011356294973567198,0.6101092330099362,0.600576070398151,0.0
2020-01-28,0.001483959863872964,0.0,1.3047592039185945e-07,0.001483829387952572,0.6096470915051126,0.6001223493165068,0.0
2020-01-29,0.0007915667007318941,0.0,1.3025205533380082e-07,0.0007914364486765603,0.6102233507221416,0.6007149506827743,0.0
2020-01-30,0.00025185727956755186,5.12379907948789e-07,1.2977365581321084e-07,0.00025121512600378987,0.609473477074708,0.6000000002003437,0.002560809863751539
2020-01-31,-0.0007728034512625315,0.0,1.2967125181290465e-07,-0.0007729331225143444,0.6095671043880466,0.6001011030057045,0.0
2020-02-03,0.00031319917710337326,0.0,3.90359866054381e-07,0.00031280881723731886,0.6092906553201264,0.5997918985794699,0.0
2020-02-04,0.0008224635493400158,0.0,1.296589032218087e-07,0.000822333890436794,0.6093825382274531,0.599917438292261,0.0
2020-02-05,0.0008719355619420384,0.0,1.2966076232725255e-07,0.0008718059011797112,0.6097115346172404,0.6002462989673512,0.0
2020-02-06,0.0003487570841164954,0.0,1.292236474789927e-07,0.0003486278604690164,0.6100279588503555,0.600594632584389,0.0
2020-02-07,0.00019159394743951304,0.0,1.2876177667799776e-07,0.00019146518566283505,0.6101335667718335,0.6007339570743397,0.0
2020-02-10,0.00091282659768732,0.0,3.8624643113982675e-07,0.0009124403512561802,0.610209179882382,0.6008105167246464,0.0
2020-02-11,3.510689310764132e-06,0.0,1.280773533879947e-07,3.382611957376137e-06,0.6105244539674364,0.6011748071701128,0.0
2020-02-12,0.0005438751213231955,0.0,1.2779554120319954e-07,0.0005437473257819923,0.6105053588211696,0.6011762843133358,0.0
2020-02-13,-3.231489689539154e-05,7.029359848995282e-07,1.8389625702891678e-07,-3.320172913731998e-05,0.6134244270352283,0.6000000002721174,0.0034944936771001923
2020-02-14,0.000707019788992221,0.0,1.8355054816922803e-07,0.0007068362384440518,0.6133867960175559,0.5999876060012022,0.0
2020-02-18,9.032959417797964e-06,0.0,7.327338932391894e-07,8.300225524558774e-06,0.6136427265176063,0.600270332965991,0.0
2020-02-19,0.00038999804331560996,0.0,1.837466156068659e-07,0.0003898142967000031,0.6136878864519505,0.6002743835126493,0.0
2020-02-20,0.00048822878243827937,0.0,1.829272875757006e-07,0.00048804585515070366,0.6137840172240439,0.6004303252310175,0.0
2020-02-21,3.964441302393922e-06,0.0,1.8207485318375347e-07,3.7823664492101685e-06,0.6139168855485228,0.6006254212661088,0.0
2020-02-24,-0.0025069899211804317,0.0,5.474281824888952e-07,-0.0025075373493629208,0.6139478663561301,0.6006271139155671,0.0
2020-02-25,-0.0023436740812288913,0.0,1.8261492014917444e-07,-0.0023438566961490404,0.6129545919956728,0.5996237028247833,0.0
2020-02-26,-0.00043104437388287545,0.0,1.8358618789108758e-07,-0.00043122796007076655,0.6120850482192308,0.5986832565031814,0.0
2020-02-27,-0.0046539708176741865,0.0,1.8336396928137177e-07,-0.004654154181643468,0.6118958762653954,0.5985103065078554,0.0
2020-02-28,0.0013399264540572206,2.805265890093094e-06,1.848641149270124e-07,0.0013369363240522004,0.6134950789807777,0.5999999985911059,0.013998242246004648
2020-03-02,0.003361560370542856,0.0,5.579812935112225e-07,0.0033610023892493446,0.6141145900641951,0.6005370452554221,0.0
2020-03-03,0.00041413642099174456,0.0,1.8615502475932702e-07,0.00041395026596698526,0.6154650167677979,0.6018756999603669,0.0
2020-03-04,0.00399632419754224,0.0,1.874754213098156e-07,0.003996136722120931,0.6157263272615799,0.6020406215059634,0.0
2020-03-05,-0.003241053221348183,0.0,1.8606111223527457e-07,-0.0032412392824604183,0.6172072397526968,0.603624778559522,0.0
2020-03-06,-0.0013513008666937146,0.0,1.8808866256147421e-07,-0.001351488955356276,0.6160665129411118,0.6023360405741243,0.0
2020-03-09,-0.014138713095585972,0.0,5.666638659996262e-07,-0.014139279759451971,0.6155868838824475,0.6017980631431232,0.0
2020-03-10,0.0007011409112900357,0.0,1.9474621444767237e-07,0.000700946165075588,0.6103040730309384,0.5960875993762584,0.0
2020-03-11,-0.01182978289073267,0.0,1.9169585930966208e-07,-0.01182997458659198,0.610364514250445,0.5963707165208396,0.0
2020-03-12,-0.02032897206522449,0.0,1.9374140901767256e-07,-0.020329165806633506,0.6056819457299514,0.5915388228716613,0.0
2020-03-13,0.014648189031091875,2.4660030073671394e-06,1.958642110880031e-07,0.01464552716387342,0.590260484408705,0.5759623969992809,0.012314440436395513
2020-03-16,-0.015287797804464369,0.0,5.735872988928129e-07,-0.015288371391763261,0.5960429259902646,0.5820856350505396,0.0
2020-03-17,-0.0008527234815216923,0.0,1.9515609543622684e-07,-0.0008529186376171285,0.5898441849992128,0.5755977900323682,0.0
2020-03-18,-0.021923297981600202,0.0,1.9231787407475742e-07,-0.021923490299474276,0.5892749006042715,0.5752356957968143,0.0
2020-03-19,-0.007178489471606861,0.0,1.9581223687688076e-07,-0.007178685283843738,0.580009134950597,0.5657148416585845,0.0
2020-03-20,0.00037796104278292836,0.0,1.9477842919240644e-07,0.000377766264353736,0.5767937256761909,0.5625749003451455,0.0
2020-03-23,0.006115779085012981,0.0,5.824295645205024e-07,0.006115196655448461,0.576912729832314,0.5627402770956483,0.0
2020-03-24,0.012566803827390508,0.0,1.9419645210069438e-07,0.012566609630938407,0.5795748739662421,0.5653985329628912,0.0
2020-03-25,0.014051891304940087,0.0,1.921562517298895e-07,0.014051699148688358,0.5848198177524967,0.5707924113762148,0.0
2020-03-26,0.01099530626520449,0.0,1.9105515885333252e-07,0.010995115210045637,0.5906871505684147,0.5767401239721214,0.0
2020-03-27,-0.0037771155109619812,1.2146280785789792e-06,1.9127648696508098e-07,-0.003778521415527525,0.5931070181292675,0.5791438345808166,0.006038861672052934
2020-03-30,0.0036637609899150803,0.0,5.796080779799754e-07,0.0036631813818371003,0.5916527969003206,0.5775490003361413,0.0
2020-03-31,-0.002851260861670714,0.0,1.916824569475044e-07,-0.0028514525441276613,0.5930842636859777,0.5790914443288098,0.0
2020-04-01,-0.009484086987219012,0.0,1.9253079399484775e-07,-0.009484279518013007,0.5919427516470929,0.577888003685469,0.0
2020-04-02,0.003089789487022168,0.0,1.9285262449004252e-07,0.003089596634397678,0.5879246782921429,0.5738464367043701,0.0
2020-04-03,-0.0033146677617966283,0.0,1.9075694320969063e-07,-0.003314858518739838,0.5890844730670457,0.5751592162127384,0.0
2020-04-06,0.009103748353904161,0.0,5.731199219081993e-07,0.009103175233982254,0.5876923548140469,0.5737464367142807,0.0
2020-04-07,0.0010429592722535333,0.0,1.8875852509709634e-07,0.0010427705137284362,0.5913716338300647,0.5775922614979766,0.0
2020-04-08,0.006297989602900921,0.0,1.8977655641800165e-07,0.006297799826344503,0.5918861541776813,0.5780324655591674,0.0
2020-04-09,0.013519990880519518,0.0,1.880606651951923e-07,0.013519802819854322,0.5944019183183495,0.5806734897591006,0.0
2020-04-13,-0.0029650897902847926,1.1913244215168325e-06,7.473790133416994e-07,-0.002967028493719651,0.6007213032325308,0.5870816362390446,0.0059496115950137575
2020-04-14,0.001861301765018727,0.0,1.8781294479423076e-07,0.0018611139520739329,0.5995651392866588,0.5858547943166799,0.0
2020-04-15,-0.0016857943641666125,0.0,1.8765645982318274e-07,-0.0016859820206264356,0.6003232429396586,0.5866243213725664,0.0
2020-04-16,-0.000889305325919326,0.0,1.8650858336439433e-07,-0.0008894918345026904,0.5995415149501936,0.5859263883645928,0.0
2020-04-17,0.002338474119315806,0.0,1.8566241066094456e-07,0.0023382884569051452,0.5991112880160984,0.5855579320378496,0.0
2020-04-20,-0.0035295700425291387,0.0,5.579109446502009e-07,-0.0035301279534737887,0.6001007746428915,0.5865249416564032,0.0
2020-04-21,-0.004695838245460554,0.0,1.8609679286598996e-07,-0.00469602434225342,0.5986457766627074,0.5850607107834901,0.0
2020-04-22,0.001840218906622634,0.0,1.867874905391909e-07,0.0018400321191320947,0.5967386258825225,0.5831031390731615,0.0
2020-04-23,0.00015145508064306419,0.0,1.8624817256189651e-07,0.00015126883247050228,0.5974651368262146,0.5838690202291964,0.0
2020-04-24,-0.000529075323563327,0.0,1.8614727599832311e-07,-0.0005292614708393254,0.5975208957239648,0.5839321445760873,0.0
2020-04-27,0.00016687428928596046,3.3357908800242296e-07,5.582510203620714e-07,0.00016598245917759597,0.5956284390002644,0.5820443308381206,0.0016676746889951327
2020-04-28,0.0004252917488844388,0.0,1.8553260360091774e-07,0.0004251062162808379,0.5956584643800457,0.5821145843171784,0.0
2020-04-29,0.004339430701512533,0.0,1.8587141353486216e-07,0.004339244830098998,0.5958609531606927,0.5822923399726481,0.0
2020-04-30,-0.0007445644542518113,0.0,1.8538692625285965e-07,-0.0007447498411780641,0.5976304754059799,0.5840972297895212,0.0
2020-05-01,-0.0032417878883095417,0.0,1.8618438482629823e-07,-0.003241974072694368,0.5973789010315105,0.5837874409391905,0.0
2020-05-04,0.0004435798248004903,0.0,5.609274829868271e-07,0.0004430188973175035,0.5960831240361815,0.5824338886168353,0.0
2020-05-05,0.0019110542833569361,0.0,1.8618241039878885e-07,0.0019108681009465374,0.5962106730156282,0.582619357056517,0.0
2020-05-06,-0.002046050967925977,0.0,1.8571528705496323e-07,-0.002046236683213032,0.5969727970713358,0.5834155811163234,0.0
2020-05-07,0.001882089014156643,0.0,1.8541768265125908e-07,0.0018819035964739918,0.5960970798756682,0.5825615890421263,0.0
2020-05-08,0.0014705773018905664,0.0,1.8572097472615667e-07,0.0014703915809158403,0.5969035085067159,0.5833458773517065,0.0
2020-05-11,-0.0009379532269194754,1.60739249399858e-07,5.564177132159602e-07,-0.0009386703838820913,0.5983009414549301,0.5847614437666752,0.000803635757584617
2020-05-12,-0.00010130382680637296,0.0,1.8457962349605713e-07,-0.00010148840642986902,0.5978463357663629,0.5843720232511509,0.0
2020-05-13,-0.001356284613400888,0.0,1.850442976273781e-07,-0.0013564696576985153,0.5978382558739197,0.5843300221471213,0.0
2020-05-14,0.0015147597826688528,0.0,1.8462530188615587e-07,0.0015145751573669667,0.5972432448921074,0.5837655978544181,0.0
2020-05-15,0.0011490679100953612,0.0,1.8408701619717914e-07,0.001148883823079164,0.5978335992961191,0.5843952471137253,0.0
2020-05-18,0.004480874282533296,0.0,5.522943560851998e-07,0.004480321988177211,0.598311527290276,0.5848723646255362,0.0
2020-05-19,0.00010348500759908337,0.0,1.8390272882119296e-07,0.00010330110487026218,0.6001494233255917,0.5867245241216444,0.0
2020-05-20,0.004024987885543632,0.0,1.838194029911402e-07,0.0040248040661406415,0.6001862118273492,0.5867673954089961,0.0
2020-05-21,-0.00026087933251920834,0.0,1.8411832465514615e-07,-0.0002610634508438635,0.6018647293178062,0.5884240916179806,0.0
2020-05-22,0.0003936816971488861,0.0,1.8391827715421703e-07,0.0003934977788717319,0.6017428345317947,0.5883168002995369,0.0
2020-05-26,0.001556523838665428,3.624672841616291e-07,7.325168428218072e-07,0.0015554288545384445,0.6036594372137307,0.5902910048322327,0.0018120879822403346
2020-05-27,0.0016087024626928337,0.0,1.8365128737850018e-07,0.0016085188114054552,0.6043349255937986,0.5909283816151683,0.0
2020-05-28,-0.00016227437445162556,0.0,1.8327717030940762e-07,-0.00016245765162193498,0.6049647410928216,0.5915855076602349,0.0
2020-05-29,0.0018262105639481815,0.0,1.8450875418794455e-07,0.0018260260551939936,0.6049884691827646,0.5915193301270445,0.0
2020-06-01,0.0011208460534050378,0.0,5.535309498588582e-07,0.001120292522455179,0.6057333042153579,0.5922640511021255,0.0
2020-06-02,0.002149204822768757,0.0,1.844728229448934e-07,0.002149020349945812,0.6061873924647851,0.5927208763898077,0.0
2020-06-03,0.0010646126377020803,0.0,1.8361168793367591e-07,0.0010644290260141465,0.6069980879119655,0.5935944346928071,0.0
2020-06-04,-0.0011171174485764032,0.0,1.8394084199622877e-07,-0.0011173013894183995,0.6074544294834151,0.5940267480176905,0.0
2020-06-05,0.003091607263835817,0.0,1.8549869579503367e-07,0.003091421765140022,0.6071142351101859,0.5935728303171484,0.0
2020-06-08,0.0015226142496805892,0.0,5.525632601255523e-07,0.0015220616864204636,0.6082712868303204,0.5948255808339321,0.0
2020-06-09,-0.0012028069553571483,5.231745713236818e-07,1.845422235167362e-07,-0.0012035146721519887,0.6115288860133312,0.5980573036966093,0.002615407909064435
2020-06-10,0.00031087673091498324,0.0,1.8505499412048442e-07,0.0003106916759208628,0.6110827000101657,0.5975736854393704,0.0
2020-06-11,-0.007935655830932805,0.0,1.857301093576982e-07,-0.007935841561042163,0.6112571600922326,0.5976988621091207,0.0
2020-06-12,0.002606272162728876,0.0,1.8646325026739282e-07,0.002606085699478609,0.6080927298812581,0.5944809126117385,0.0
2020-06-15,0.0032502437289882832,0.0,5.562835689755618e-07,0.0032496874454193076,0.6090714025985124,0.5955351690867738,0.0
2020-06-16,0.0012236114685986873,0.0,1.8523084558307212e-07,0.0012234262377531042,0.6103677020765965,0.5968458503490321,0.0
2020-06-17,-0.000726152228852648,0.0,1.842729078474186e-07,-0.0007263365017604954,0.6107905842985459,0.5973386620256844,0.0
2020-06-18,0.00015888393582302933,0.0,1.8432419215325704e-07,0.00015869961163087607,0.6105018322477815,0.5970461662205937,0.0
2020-06-19,-0.0003682272444320184,0.0,1.8375788053849565e-07,-0.0003684110023125569,0.6105246142647641,0.5971102889854542,0.0
2020-06-22,0.00039746317293796156,0.0,5.517386652639849e-07,0.00039691143427269756,0.6103876299605279,0.5969619891057708,0.0
2020-06-23,0.0002780318129447559,9.712272185915877e-07,1.8426709566192498e-07,0.00027687631863050236,0.6134514986473949,0.6000000006640744,0.004844323870087722
2020-06-24,-0.0028147250171291593,0.0,1.8467158623398367e-07,-0.0028149096887153933,0.613592901505187,0.6001118757101062,0.0
2020-06-25,0.0008691633461810905,0.0,1.842243205734928e-07,0.000868979121860517,0.6124316098047405,0.5989832344028758,0.0
2020-06-26,-0.0020328630068221507,0.0,1.8351033802086273e-07,-0.0020330465171601716,0.6127278457848342,0.5993315911093113,0.0
2020-06-29,0.0007537389126133957,0.0,5.498388275351489e-07,0.0007531890737858605,0.6118949495025745,0.5985155380325525,0.0
2020-06-30,0.0019440015683255482,0.0,1.8376552141773176e-07,0.0019438178028041305,0.6122331366428808,0.5988182535793862,0.0
2020-07-01,0.0011692358011629763,0.0,1.839729031855523e-07,0.0011690518282597908,0.6130267702463813,0.5995967483138359,0.0
2020-07-02,0.0017867032814194459,0.0,1.8464866266883428e-07,0.001786518632756777,0.6135438300151645,0.6000644776403399,0.0
2020-07-06,0.00198498856226193,0.0,7.349811510384538e-07,0.0019842535811108917,0.6141912860513628,0.6007778800449108,0.0
2020-07-07,-0.0012796819192310931,0.0,1.8418780522289438e-07,-0.001279866107036316,0.6150149125435768,0.6015692027623055,0.0
2020-07-08,0.0006568454628569343,3.9059576501212163e-07,1.8386302136473335e-07,0.0006562710040705574,0.613422000703333,0.6000000001437071,0.0019502725095228712
2020-07-09,-7.207198381342181e-05,0.0,1.8525973037212387e-07,-7.225724354379393e-05,0.6137868707807731,0.6002629104636079,0.0
2020-07-10,0.0007047200176683082,0.0,1.852168124869668e-07,0.0007045348008558212,0.6137550370608202,0.6002342097492716,0.0
2020-07-13,-0.0013440102002839527,0.0,5.555224273445008e-07,-0.001344565722711297,0.6140335578540674,0.6005158454553512,0.0
2020-07-14,0.002393677293612325,0.0,1.8495546148991367e-07,0.002393492338150835,0.6134802945309324,0.5999785458421688,0.0
2020-07-15,0.0014977427259230433,0.0,1.8491355148653239e-07,0.0014975578123715568,0.6144325817269399,0.6009338924684229,0.0
2020-07-16,0.0004427159741678951,0.0,1.8556072584324574e-07,0.00044253041344205187,0.6150767410199505,0.6015308080333934,0.0
2020-07-17,0.0008459639054071453,0.0,1.8477225615548373e-07,0.0008457791331509899,0.6151956249486874,0.6017072502493372,0.0
2020-07-20,0.0018800052612537043,0.0,5.559752499388296e-07,0.0018794492860037654,0.6155727489690219,0.6020440178871771,0.0
2020-07-21,0.0009982515228328483,0.0,1.843846345716128e-07,0.0009980671381982767,0.6162511861549358,0.602791107831208,0.0
2020-07-22,0.0010766991720561339,1.2589782323904468e-06,1.8508704072960452e-07,0.0010752551067830139,0.6135113544355313,0.6000000004622701,0.006281257824433938
2020-07-23,-0.0005677602328262811,0.0,1.8548072998997165e-07,-0.0005679457135562711,0.6139711763352776,0.6004310830460099,0.0
2020-07-24,-0.0004541794088877716,0.0,1.8577630218776359e-07,-0.0004543651851899594,0.613765876279071,0.6002042062193643,0.0
2020-07-27,0.000301935995407182,0.0,5.612095222626658e-07,0.00030137478588491935,0.6136787545908443,0.6000226562157859,0.0
2020-07-28,-0.0008214778132886384,0.0,1.877344687763451e-07,-0.0008216655477574148,0.6138483402455382,0.6001437240248652,0.0
2020-07-29,0.002147305227802974,0.0,1.8754266092035555e-07,0.0021471176851420534,0.6135057078562057,0.5998150936090199,0.0
2020-07-30,-5.5009538478163285e-05,0.0,1.8781815499720672e-07,-5.519735663316049e-05,0.6143834092090479,0.6006726838942518,0.0
2020-07-31,0.0010278251725779656,0.0,1.885066619227523e-07,0.0010276366659160428,0.614411815014138,0.600650828693777,0.0
2020-08-03,0.0008148306667609252,0.0,5.618611467116714e-07,0.0008142688056142135,0.6147329361332329,0.601060981563249,0.0
2020-08-04,0.0009613227614020279,0.0,1.8669159272718267e-07,0.0009611360698093007,0.6150146085396,0.6013861222705158,0.0
2020-08-05,0.0005856336142540361,1.588475188011357e-06,1.863825638940869e-07,0.0005838587565021306,0.6136059252477775,0.599999998083509,0.00791005586820973
2020-08-06,0.0013281822455664934,0.0,1.869075216685865e-07,0.0013279953380448248,0.6138794282142727,0.6002351791324662,0.0
2020-08-07,-0.0005476022397987257,0.0,1.8657279810002905e-07,-0.0005477888125968258,0.6143853617929547,0.6007655475316527,0.0
2020-08-10,0.00010668182115429211,0.0,5.561900822732737e-07,0.00010612563107201884,0.6140808768437193,0.6005469181750698,0.0
2020-08-11,-0.002084816049878782,0.0,1.8499097465772262e-07,-0.0020850010408534395,0.6140942031681157,0.6005898620181019,0.0
2020-08-12,0.0003581263345336018,0.0,1.8508820276800685e-07,0.0003579412463308338,0.6132669756889545,0.5997555368868899,0.0
2020-08-13,-0.0015115811433335095,0.0,1.853102459266442e-07,-0.001511766453579436,0.6134265826017279,0.5998989346490826,0.0
2020-08-14,-0.0009354037311224326,0.0,1.8638093383766365e-07,-0.0009355901120562702,0.6128991532508451,0.5992933450806954,0.0
2020-08-17,0.000925067612097772,0.0,5.611436772353145e-07,0.0009245064684205367,0.6125727795194864,0.598918283373427,0.0
2020-08-18,0.00045167870962839316,0.0,1.8824954652394097e-07,0.0004514904600818692,0.6130315210436331,0.5992893041473853,0.0
2020-08-19,-0.0010664709471354058,4.032125179515376e-05,1.8868409780115167e-07,-0.0011069808830283607,0.6137739658066552,0.6000000266671711,0.19741287524165016
2020-08-20,0.0002646655340565562,0.0,1.8773712087276877e-07,0.00026447779693568346,0.6133021082906661,0.5995972984669541,0.0
2020-08-21,0.0008905889748075746,0.0,1.882212586348562e-07,0.0008904007535489398,0.6134435076590039,0.5997033557786593,0.0
2020-08-24,0.0007686717068184064,0.0,5.626629967577002e-07,0.0007681090438216487,0.6137511174423125,0.6000596511878751,0.0
2020-08-25,-0.000763819033148819,0.0,1.8732248552070006e-07,-0.0007640063556343397,0.6140417168806374,0.6003671754376261,0.0
2020-08-26,0.00045560571219170826,0.0,1.8814511180004499e-07,0.0004554175670799082,0.6137964006005375,0.6000618074391345,0.0
2020-08-27,-0.0017104193268771093,0.0,1.883790572993424e-07,-0.0017106077059344086,0.6139957226486052,0.6002440514657533,0.0
2020-08-28,0.0015974265758647499,0.0,1.887681103343118e-07,0.0015972378077544155,0.6133393148541785,0.5995592427997737,0.0
2020-08-31,0.000846914607209558,0.0,5.69214353519486e-07,0.0008463453928560385,0.6140488930235621,0.6001980104212548,0.0
2020-09-01,0.001563636758470322,0.0,1.8951960056578516e-07,0.0015634472388697562,0.614371594431296,0.6005366635899939,0.0
2020-09-02,0.001380221716216639,8.047439872303427e-07,1.894249665446476e-07,0.001379227547262864,0.6138280226684127,0.6000000001106537,0.004015700541522449
2020-09-03,-0.00233702234397402,0.0,1.8838774941108803e-07,-0.002337210731723431,0.614304229776641,0.6005519240696318,0.0
2020-09-04,-0.002178139567462415,0.0,1.88570610506673e-07,-0.002178328138072922,0.6133819860174273,0.5996163314504402,0.0
2020-09-08,-0.001252065062615817,0.0,7.55869452486066e-07,-0.001252820932068303,0.6125370669158526,0.5987424494079817,0.0
2020-09-09,0.0013525879994104877,0.0,1.8863319472954972e-07,0.001352399366215758,0.612010094994386,0.5982398717791289,0.0
2020-09-10,-0.0009053588522339501,0.0,1.884570092520924e-07,-0.0009055473092432022,0.6125400281552937,0.598782666479891,0.0
2020-09-11,0.00018187428763041726,0.0,1.8905412151620195e-07,0.00018168523350890105,0.6122201553987998,0.5984192045281168,0.0
2020-09-14,0.0007354288423482649,0.0,5.67812953725406e-07,0.0007348610293945395,0.6123091234688964,0.5984923415949113,0.0
2020-09-15,0.0006200311057802281,0.0,1.8960008385866603e-07,0.0006198415056963694,0.6126285507805136,0.5987877446588308,0.0
2020-09-16,-0.00027392871844312427,0.0,1.8905065736632046e-07,-0.0002741177691004906,0.6128371660859994,0.5990364680982582,0.0
2020-09-17,-0.00022951187082104744,3.937996021253772e-05,2.7750074819349415e-06,-0.0002716668385155201,0.8025755468553258,0.6000000006740751,0.1915848085498169
2020-09-18,-0.0012817066503459987,0.0,2.767705628115722e-06,-0.0012844743559741144,0.8019759816850424,0.5999334708325947,0.0
2020-09-21,-0.0018182439854816524,0.0,8.325521524398077e-06,-0.0018265695070060505,0.8020093964190296,0.5994217059920098,0.0
2020-09-22,0.00018246320239028195,0.0,2.797075004118034e-06,0.0001796661273861639,0.8028834990346325,0.598697023734016,0.0
2020-09-23,-0.003322365318101808,0.0,2.8052812720138294e-06,-0.003325170599373822,0.8035574407635346,0.5987719079065252,0.0
2020-09-24,0.00035309571968671907,0.0,2.828117226826599e-06,0.0003502676024598925,0.8038886771666907,0.5974361196083489,0.0
2020-09-25,0.0010228337698468227,0.0,2.8228983981776313e-06,0.001020010871448645,0.8036514855152941,0.597579902448327,0.0
2020-09-28,0.001957561962790826,0.0,8.479887338354029e-06,0.0019490820754524717,0.804336702317781,0.5979927770844999,0.0
2020-09-29,0.00019644131432262828,0.0,2.8135274153195994e-06,0.0001936277869073087,0.8041707626438908,0.5987832613255601,0.0
2020-09-30,-0.0001707069772552423,0.0,2.801029151196498e-06,-0.00017350800640643878,0.8033388740154344,0.5988637459780899,0.0
2020-10-01,0.0008205247603011592,8.99716856547163e-07,2.7249433202174333e-06,0.0008169001001243945,0.7989208624987868,0.6000000001229139,0.004470743512116973
2020-10-02,-0.0009253484614656256,0.0,2.7186073156785302e-06,-0.0009280670687813041,0.7987884491965725,0.6003301151520397,0.0
2020-10-05,-9.920355050144399e-06,0.0,8.181777504092069e-06,-1.8102132554236468e-05,0.7990514905336421,0.5999615712674016,0.0
2020-10-06,-0.0007535449237221533,0.0,2.7162726140464383e-06,-0.0007562611963361997,0.7982504123386527,0.5999625115132625,0.0
2020-10-07,0.0005525886153989334,0.0,2.7258499762018084e-06,0.0005498627654227316,0.7986495163077538,0.5996624680450221,0.0
2020-10-08,0.001753378568992544,0.0,2.7215447837770266e-06,0.0017506570242087668,0.7985579713399678,0.5998852021242449,0.0
2020-10-09,0.0013507137496752701,0.0,2.7153377733160244e-06,0.0013479984119019542,0.7988068160175148,0.6005871585654452,0.0
2020-10-12,0.001776780412954114,0.0,8.090501576146037e-06,0.001768689911377968,0.7979964250141041,0.6011275533278839,0.0
2020-10-13,-0.0008570599606195605,0.0,2.6889301431158635e-06,-0.0008597488907626764,0.7981317660896697,0.6018398656422116,0.0
2020-10-14,4.387401715622134e-05,0.0,2.7064561902651306e-06,4.116756096595621e-05,0.7990712464811032,0.6014999445917484,0.0
2020-10-15,-0.0010376360782661347,9.75251901471562e-07,2.787839095454852e-06,-0.001041399169263061,0.8035122539327222,0.5999999999645179,0.00485630989881708
2020-10-16,2.4096933157897597e-05,0.0,2.8039325062723494e-06,2.1293000651625246e-05,0.8042738460114924,0.599586773053611,0.0
2020-10-19,-0.00132863842785944,0.0,8.402152978390054e-06,-0.00133704058083783,0.8040504918848012,0.5995981027439764,0.0
2020-10-20,-4.421949791917852e-05,0.0,2.7962576433611325e-06,-4.7015755562539654e-05,0.8031972537783122,0.5990704458129495,0.0
2020-10-21,-0.0003265623944506169,0.0,2.78831734040284e-06,-0.00032935071179101974,0.802601557159268,0.5990543913098609,0.0
2020-10-22,-0.0010348727410783652,0.0,2.776062219391186e-06,-0.0010376488032977564,0.8015776273341259,0.5989250853185694,0.0
2020-10-23,0.001145826589786997,0.0,2.789032120921374e-06,0.0011430375576660756,0.8021106018944072,0.5985112570671468,0.0
2020-10-26,-0.0008147098526961152,0.0,8.340101794029826e-06,-0.000823049954490145,0.801914912655019,0.5989724356669598,0.0
2020-10-27,0.0013259447200981392,0.0,2.7911381985443014e-06,0.001323153581899595,0.80240353352954,0.5986504450358061,0.0
2020-10-28,-0.0033773687657323356,0.0,2.782148815869974e-06,-0.0033801509145482056,0.8022804414171532,0.5991835778586451,0.0
2020-10-29,-0.000988289701484461,1.2037405369002055e-06,2.788321590530051e-06,-0.0009922817636118914,0.8035474763779356,0.6000000002692418,0.006009899663825566
2020-10-30,-0.001932092216508316,0.0,2.801361494124244e-06,-0.0019348935780024404,0.8041060784220099,0.59960668935094,0.0
2020-11-02,0.0015277977770596228,0.0,8.430078210008025e-06,0.0015193676988496149,0.803965178904255,0.5988332757940598,0.0
2020-11-03,0.0015332065886949813,0.0,2.80912787375838e-06,0.001530397460821223,0.8045166229505755,0.5994502881662135,0.0
2020-11-04,0.005351925889481175,0.0,2.790224854143549e-06,0.005349135664627031,0.8037515709154565,0.6000651565629774,0.0
2020-11-05,0.0025302580566433277,0.0,2.7713670391062343e-06,0.0025274866896042216,0.8045056489814646,0.6021958551267095,0.0
2020-11-06,-0.0009119094661480455,0.0,2.739848236736936e-06,-0.0009146493143847824,0.8032104506285765,0.6032015293467802,0.0
2020-11-09,-0.0015858086048547288,0.0,8.198263968256963e-06,-0.0015940068688229858,0.8023320978895307,0.6028410079952778,0.0
2020-11-10,-0.0006750898009827285,0.0,2.752901387896861e-06,-0.0006778427023706254,0.8031769357677184,0.6022151344512475,0.0
2020-11-11,0.0010298728607699287,0.0,2.755710737849612e-06,0.0010271171500320791,0.8031149546202553,0.6019480707572337,0.0
2020-11-12,0.0006740835647953879,1.4278981390249615e-06,2.755664409675278e-06,0.0006699000022466876,0.8011635020170024,0.6000000001107072,0.0071332879617685835
2020-11-13,0.00116368424844465,0.0,2.7534109879769084e-06,0.0011609308374566731,0.801270963609468,0.6002719614871538,0.0
2020-11-16,0.001055913696912703,0.0,8.236227592755904e-06,0.0010476774693199472,0.8011531016226484,0.6007382301989214,0.0
2020-11-17,0.000669524305931262,0.0,2.736590565657664e-06,0.0006667877153656044,0.8009354288779507,0.6011643175849412,0.0
2020-11-18,-0.00034331792390953096,0.0,2.730590275033236e-06,-0.0003460485141845642,0.8007659039563865,0.6014328138789601,0.0
2020-11-19,0.001535031034971071,0.0,2.733040324083114e-06,0.001532297994646988,0.8008095177452136,0.6012975740871461,0.0
2020-11-20,2.378020987690043e-05,0.0,2.724399537693095e-06,2.1055810339207337e-05,0.8007914654293257,0.6019102991777298,0.0
2020-11-23,-1.2163121611091579e-05,0.0,8.182306789130459e-06,-2.0345428400222038e-05,0.8010242039801624,0.6019214054446546,0.0
2020-11-24,0.0008791625114333673,0.0,2.7316074064883274e-06,0.000876430904026879,0.8013288293472418,0.6019214886735937,0.0
2020-11-25,0.0003351338348461914,0.0,2.71702586766436e-06,0.00033241680897852705,0.800615689029346,0.6022728006898479,0.0
2020-11-27,0.001446623660063873,9.23437196171591e-07,5.422324459447135e-06,0.0014402778984082545,0.7979148427852689,0.6000000000154486,0.004614517305611759
2020-11-30,-0.0001933547904568614,0.0,8.108273080750501e-06,-0.0002014630635376119,0.7978829308747218,0.6005816192431264,0.0
2020-12-01,0.0003185621364422273,0.0,2.7084976426709243e-06,0.0003158536387995564,0.7982295727998041,0.6005092448848266,0.0
2020-12-02,-0.00014778757823891254,0.0,2.6840465738785543e-06,-0.00015047162481279108,0.7965734931870347,0.6006380932939004,0.0
2020-12-03,0.001800088381159641,0.0,2.681667598114796e-06,0.0017974067135615261,0.7963424107282003,0.60058067606582,0.0
2020-12-04,-0.0007190249429116981,0.0,2.663437779898138e-06,-0.0007216883806915963,0.7957309417517628,0.6012999838191987,0.0
2020-12-07,0.0004195891407292734,0.0,8.003867980243047e-06,0.00041158527274903035,0.795775491724184,0.6010147042049366,0.0
2020-12-08,0.00019114220169240152,0.0,2.6711754988984764e-06,0.00018847102619350305,0.7961826651101054,0.6011868536905165,0.0
2020-12-09,-0.001257832378247187,0.0,2.6734984488756654e-06,-0.0012605058766960626,0.796430061689836,0.6012646749219125,0.0
2020-12-10,0.0015971629871680154,0.0,2.6783713870432755e-06,0.0015944846157809722,0.7962852204880219,0.6007641092338626,0.0
2020-12-11,9.893455746246399e-05,4.106713163101023e-07,2.667110886963741e-06,9.585677525919015e-05,0.7946990949505017,0.6000000002021486,0.0020529247205517964
2020-12-14,-0.00011219869489248028,0.0,8.021573365365802e-06,-0.00012022026825784608,0.7952330352816163,0.6000414167243819,0.0
2020-12-15,0.0014290688329772522,0.0,2.6663285662760805e-06,0.001426402504410976,0.7946433356909376,0.6000013503527838,0.0
2020-12-16,0.00010501293345783226,0.0,2.6544402179226785e-06,0.00010235849323990958,0.7943478951798082,0.6005737592714526,0.0
2020-12-17,0.001085828113100171,0.0,2.6510113013043177e-06,0.0010831771017988667,0.7941411189189059,0.6006172939236908,0.0
2020-12-18,-0.0006225855111567923,0.0,2.635207615012134e-06,-0.0006252207187718045,0.793422232086758,0.6010520761908721,0.0
2020-12-21,-0.0005695776285080611,0.0,7.920195112077835e-06,-0.0005774978236201389,0.7935298742199703,0.6008051264927431,0.0
2020-12-22,6.630609093398991e-05,0.0,2.646979995043218e-06,6.365911093894669e-05,0.7938119235219875,0.6005823838838326,0.0
2020-12-23,0.00034241270894428923,0.0,2.6604321695650282e-06,0.0003397522767747242,0.7948220040253864,0.6006104556471393,0.0
2020-12-24,0.0008881019694632599,0.0,2.648582001515922e-06,0.0008854533874617439,0.7940952487068842,0.600748762596222,0.0
2020-12-28,0.0005649429990320269,3.2649989705515075e-07,1.0593094326055784e-05,0.000554023404808916,0.793323971508887,0.6000000000583691,0.001632208395540402
2020-12-29,0.00027353837748323053,0.0,2.646522894506001e-06,0.00027089185458872454,0.793428571558271,0.6002324002593328,0.0
2020-12-30,0.0007519320179077663,0.0,2.6380742819692365e-06,0.000749293943625797,0.7929227331077927,0.6003433105240384,0.0
2020-12-31,0.0003439274243615462,0.0,2.62645340799526e-06,0.0003413009709535509,0.7923762815279017,0.6006451827442478,0.0
